2025-10-24 03:44:05,016 29808 WARNING ? odoo.tools.config: option --without-demo: since 19.0, invalid boolean value: 'all', assume True 
2025-10-24 03:44:05,017 29808 WARNING ? odoo.tools.config: missing --http-interface/http_interface, using 0.0.0.0 by default, will change to 127.0.0.1 in 20.0 
2025-10-24 03:44:05,018 29808 INFO ? odoo: Odoo version 19.0 
2025-10-24 03:44:05,018 29808 INFO ? odoo: Using configuration file at c:\users\branm\odoo19\odoo.conf 
2025-10-24 03:44:05,018 29808 INFO ? odoo: addons paths: _NamespacePath(['C:\\Users\\branm\\odoo19\\odoo\\addons', 'C:\\Users\\branm\\AppData\\Local\\OpenERP S.A.\\Odoo\\addons\\19.0', 'c:\\users\\branm\\odoo19\\addons']) 
2025-10-24 03:44:05,018 29808 INFO ? odoo: database: odoo@localhost:5432 
2025-10-24 03:44:05,089 29808 CRITICAL ? odoo.modules.module: Couldn't load module base 
2025-10-24 03:44:05,089 29808 ERROR ? odoo.service.server: Failed to load server-wide module `base`. 
Traceback (most recent call last):
  File "C:\Users\branm\odoo19\odoo\service\server.py", line 1461, in load_server_wide_modules
    load_openerp_module(m)
    ~~~~~~~~~~~~~~~~~~~^^^
  File "C:\Users\branm\odoo19\odoo\modules\module.py", line 505, in load_openerp_module
    __import__(qualname)
    ~~~~~~~~~~^^^^^^^^^^
  File "C:\Users\branm\odoo19\odoo\addons\base\__init__.py", line 4, in <module>
    from . import models
  File "C:\Users\branm\odoo19\odoo\addons\base\models\__init__.py", line 3, in <module>
    from . import assetsbundle
  File "C:\Users\branm\odoo19\odoo\addons\base\models\assetsbundle.py", line 14, in <module>
    from rjsmin import jsmin as rjsmin
ModuleNotFoundError: No module named 'rjsmin'
2025-10-24 03:44:05,505 29808 CRITICAL ? odoo.modules.module: Couldn't load module web 
2025-10-24 03:44:05,505 29808 ERROR ? odoo.service.server: Failed to load server-wide module `web`.
    The `web` module is provided by the addons found in the `openerp-web` project.
    Maybe you forgot to add those addons in your addons_path configuration. 
Traceback (most recent call last):
  File "C:\Users\branm\odoo19\odoo\service\server.py", line 1461, in load_server_wide_modules
    load_openerp_module(m)
    ~~~~~~~~~~~~~~~~~~~^^^
  File "C:\Users\branm\odoo19\odoo\modules\module.py", line 505, in load_openerp_module
    __import__(qualname)
    ~~~~~~~~~~^^^^^^^^^^
  File "c:\users\branm\odoo19\addons\web\__init__.py", line 4, in <module>
    from . import controllers
  File "c:\users\branm\odoo19\addons\web\controllers\__init__.py", line 4, in <module>
    from . import binary
  File "c:\users\branm\odoo19\addons\web\controllers\binary.py", line 20, in <module>
    from odoo.addons.base.models.assetsbundle import ANY_UNIQUE
  File "C:\Users\branm\odoo19\odoo\addons\base\__init__.py", line 4, in <module>
    from . import models
  File "C:\Users\branm\odoo19\odoo\addons\base\models\__init__.py", line 3, in <module>
    from . import assetsbundle
  File "C:\Users\branm\odoo19\odoo\addons\base\models\assetsbundle.py", line 14, in <module>
    from rjsmin import jsmin as rjsmin
ModuleNotFoundError: No module named 'rjsmin'
2025-10-24 03:44:05,551 29808 INFO ? odoo.service.server: HTTP service (werkzeug) running on Renbran:8069 
2025-10-24 04:14:39,146 44176 WARNING ? odoo.tools.config: missing --http-interface/http_interface, using 0.0.0.0 by default, will change to 127.0.0.1 in 20.0 
2025-10-24 04:14:39,148 44176 INFO ? odoo: Odoo version 19.0 
2025-10-24 04:14:39,148 44176 INFO ? odoo: Using configuration file at c:\users\branm\odoo19\odoo.conf 
2025-10-24 04:14:39,148 44176 INFO ? odoo: addons paths: _NamespacePath(['C:\\Users\\branm\\odoo19\\odoo\\addons', 'C:\\Users\\branm\\AppData\\Local\\OpenERP S.A.\\Odoo\\addons\\19.0', 'c:\\users\\branm\\odoo19\\addons']) 
2025-10-24 04:14:39,149 44176 INFO ? odoo: database: odoo@localhost:5432 
2025-10-24 04:14:40,340 44176 WARNING ? py.warnings: C:\Users\branm\AppData\Roaming\Python\Python313\site-packages\PyPDF2\__init__.py:21: DeprecationWarning: PyPDF2 is deprecated. Please move to the pypdf library instead.
  File "C:\Users\branm\odoo19\odoo-bin", line 6, in <module>
    odoo.cli.main()
  File "C:\Users\branm\odoo19\odoo\cli\command.py", line 133, in main
    command().run(args)
  File "C:\Users\branm\odoo19\odoo\cli\server.py", line 127, in run
    main(args)
  File "C:\Users\branm\odoo19\odoo\cli\server.py", line 118, in main
    rc = server.start(preload=config['db_name'], stop=stop)
  File "C:\Users\branm\odoo19\odoo\service\server.py", line 1545, in start
    load_server_wide_modules()
  File "C:\Users\branm\odoo19\odoo\service\server.py", line 1461, in load_server_wide_modules
    load_openerp_module(m)
  File "C:\Users\branm\odoo19\odoo\modules\module.py", line 505, in load_openerp_module
    __import__(qualname)
  File "C:\Users\branm\odoo19\odoo\addons\base\__init__.py", line 4, in <module>
    from . import models
  File "C:\Users\branm\odoo19\odoo\addons\base\models\__init__.py", line 12, in <module>
    from . import ir_actions_report
  File "C:\Users\branm\odoo19\odoo\addons\base\models\ir_actions_report.py", line 32, in <module>
    from odoo.tools.pdf import PdfFileReader, PdfFileWriter, PdfReadError
  File "C:\Users\branm\odoo19\odoo\tools\pdf\__init__.py", line 33, in <module>
    import PyPDF2.filters  # needed after PyPDF2 2.0.0 and before 2.11.0
  File "C:\Users\branm\AppData\Roaming\Python\Python313\site-packages\PyPDF2\__init__.py", line 21, in <module>
    warnings.warn(
 
2025-10-24 04:14:43,058 44176 INFO ? odoo.service.server: HTTP service (werkzeug) running on Renbran:8069 
2025-10-24 04:20:29,326 44176 INFO ? werkzeug: 127.0.0.1 - - [24/Oct/2025 04:20:29] "GET / HTTP/1.1" 303 - 1 0.002 0.085
2025-10-24 04:20:29,392 44176 INFO ? werkzeug: 127.0.0.1 - - [24/Oct/2025 04:20:29] "GET /odoo HTTP/1.1" 303 - 2 0.004 0.052
2025-10-24 04:20:30,162 44176 INFO ? werkzeug: 127.0.0.1 - - [24/Oct/2025 04:20:30] "GET /web/database/selector HTTP/1.1" 200 - 2 0.004 0.683
2025-10-24 04:20:30,654 44176 INFO ? werkzeug: 127.0.0.1 - - [24/Oct/2025 04:20:30] "GET /web/static/src/libs/fontawesome/css/font-awesome.css HTTP/1.1" 200 - 1 0.002 0.161
2025-10-24 04:20:30,654 44176 INFO ? werkzeug: 127.0.0.1 - - [24/Oct/2025 04:20:30] "GET /web/static/lib/bootstrap/dist/css/bootstrap.css HTTP/1.1" 200 - 1 0.002 0.161
2025-10-24 04:20:30,662 44176 INFO ? werkzeug: 127.0.0.1 - - [24/Oct/2025 04:20:30] "GET /web/static/lib/bootstrap/js/dist/dom/data.js HTTP/1.1" 200 - 1 0.004 0.164
2025-10-24 04:20:30,663 44176 INFO ? werkzeug: 127.0.0.1 - - [24/Oct/2025 04:20:30] "GET /web/static/lib/bootstrap/js/dist/dom/manipulator.js HTTP/1.1" 200 - 1 0.004 0.162
2025-10-24 04:20:30,670 44176 INFO ? werkzeug: 127.0.0.1 - - [24/Oct/2025 04:20:30] "GET /web/static/lib/bootstrap/js/dist/dom/event-handler.js HTTP/1.1" 200 - 1 0.002 0.173
2025-10-24 04:20:30,675 44176 INFO ? werkzeug: 127.0.0.1 - - [24/Oct/2025 04:20:30] "GET /web/static/lib/bootstrap/js/dist/util/index.js HTTP/1.1" 200 - 1 0.003 0.180
2025-10-24 04:20:31,128 44176 INFO ? werkzeug: 127.0.0.1 - - [24/Oct/2025 04:20:31] "GET /web/static/lib/bootstrap/js/dist/util/component-functions.js HTTP/1.1" 200 - 1 0.002 0.158
2025-10-24 04:20:31,129 44176 INFO ? werkzeug: 127.0.0.1 - - [24/Oct/2025 04:20:31] "GET /web/static/lib/bootstrap/js/dist/util/config.js HTTP/1.1" 200 - 1 0.002 0.160
2025-10-24 04:20:31,129 44176 INFO ? werkzeug: 127.0.0.1 - - [24/Oct/2025 04:20:31] "GET /web/static/lib/bootstrap/js/dist/util/focustrap.js HTTP/1.1" 200 - 1 0.002 0.141
2025-10-24 04:20:31,129 44176 INFO ? werkzeug: 127.0.0.1 - - [24/Oct/2025 04:20:31] "GET /web/static/lib/bootstrap/js/dist/dom/selector-engine.js HTTP/1.1" 200 - 1 0.004 0.159
2025-10-24 04:20:31,132 44176 INFO ? werkzeug: 127.0.0.1 - - [24/Oct/2025 04:20:31] "GET /web/static/lib/bootstrap/js/dist/util/scrollbar.js HTTP/1.1" 200 - 1 0.003 0.142
2025-10-24 04:20:31,133 44176 INFO ? werkzeug: 127.0.0.1 - - [24/Oct/2025 04:20:31] "GET /web/static/lib/bootstrap/js/dist/util/backdrop.js HTTP/1.1" 200 - 1 0.002 0.163
2025-10-24 04:20:31,537 44176 INFO ? werkzeug: 127.0.0.1 - - [24/Oct/2025 04:20:31] "GET /web/static/img/logo2.png HTTP/1.1" 200 - 1 0.003 0.091
2025-10-24 04:20:31,546 44176 INFO ? werkzeug: 127.0.0.1 - - [24/Oct/2025 04:20:31] "GET /web/static/lib/bootstrap/js/dist/base-component.js HTTP/1.1" 200 - 1 0.002 0.103
2025-10-24 04:20:31,547 44176 INFO ? werkzeug: 127.0.0.1 - - [24/Oct/2025 04:20:31] "GET /web/static/src/public/database_manager.js HTTP/1.1" 200 - 1 0.002 0.103
2025-10-24 04:20:31,552 44176 INFO ? werkzeug: 127.0.0.1 - - [24/Oct/2025 04:20:31] "GET /web/static/lib/bootstrap/js/dist/modal.js HTTP/1.1" 200 - 1 0.002 0.109
2025-10-24 04:20:32,002 44176 INFO ? werkzeug: 127.0.0.1 - - [24/Oct/2025 04:20:32] "GET /web/static/src/libs/fontawesome/fonts/fontawesome-webfont.woff2?v=4.7.0 HTTP/1.1" 200 - 1 0.002 0.030
2025-10-24 04:20:32,307 44176 INFO ? werkzeug: 127.0.0.1 - - [24/Oct/2025 04:20:32] "GET /web/static/img/favicon.ico HTTP/1.1" 200 - 1 0.002 0.067
2025-10-24 04:21:07,667 44176 INFO None odoo.service.db: Create database `scholarix`. 
2025-10-24 04:21:08,047 44176 INFO None odoo.modules.loading: Initializing database scholarix 
2025-10-24 04:21:18,263 44176 INFO None odoo.modules.loading: loading 1 modules... 
2025-10-24 04:21:18,264 44176 INFO None odoo.modules.loading: Loading module base (1/1) 
2025-10-24 04:21:18,286 44176 INFO None odoo.registry: module base: creating or updating database tables 
2025-10-24 04:21:18,705 44176 INFO None odoo.models: Prepare computation of ir.module.module.menus_by_module 
2025-10-24 04:21:18,706 44176 INFO None odoo.models: Prepare computation of ir.module.module.reports_by_module 
2025-10-24 04:21:18,706 44176 INFO None odoo.models: Prepare computation of ir.module.module.views_by_module 
2025-10-24 04:21:18,857 44176 INFO None odoo.models: Prepare computation of res.partner.user_id 
2025-10-24 04:21:18,857 44176 INFO None odoo.models: Prepare computation of res.partner.commercial_partner_id 
2025-10-24 04:21:18,857 44176 INFO None odoo.models: Prepare computation of res.partner.complete_name 
2025-10-24 04:21:18,857 44176 INFO None odoo.models: Prepare computation of res.partner.lang 
2025-10-24 04:21:18,857 44176 INFO None odoo.models: Prepare computation of res.partner.company_registry 
2025-10-24 04:21:18,857 44176 INFO None odoo.models: Prepare computation of res.partner.commercial_company_name 
2025-10-24 04:21:18,857 44176 INFO None odoo.models: Prepare computation of res.partner.properties 
2025-10-24 04:21:18,857 44176 INFO None odoo.models: Prepare computation of res.partner.partner_share 
2025-10-24 04:21:18,903 44176 INFO None odoo.models: Prepare computation of res.currency.decimal_places 
2025-10-24 04:21:18,939 44176 INFO None odoo.models: Prepare computation of res.company.uses_default_logo 
2025-10-24 04:21:18,940 44176 INFO None odoo.models: Prepare computation of res.company.logo_web 
2025-10-24 04:21:18,944 44176 INFO None odoo.models: Computing parent_path for table res_company... 
2025-10-24 04:21:18,997 44176 INFO None odoo.models: Prepare computation of res.users.signature 
2025-10-24 04:21:18,997 44176 INFO None odoo.models: Prepare computation of res.users.share 
2025-10-24 04:21:21,571 44176 INFO None odoo.modules.loading: loading base/data/res_bank.xml 
2025-10-24 04:21:21,618 44176 INFO None odoo.modules.loading: loading base/data/res.lang.csv 
2025-10-24 04:21:21,711 44176 INFO None odoo.modules.loading: loading base/data/res_lang_data.xml 
2025-10-24 04:21:21,818 44176 INFO None odoo.modules.loading: loading base/data/res_partner_data.xml 
2025-10-24 04:21:21,915 44176 INFO None odoo.modules.loading: loading base/data/res_currency_data.xml 
2025-10-24 04:21:22,895 44176 INFO None odoo.modules.loading: loading base/data/res_company_data.xml 
2025-10-24 04:21:22,935 44176 INFO None odoo.modules.loading: loading base/data/res_users_data.xml 
2025-10-24 04:21:24,234 44176 INFO None odoo.modules.loading: loading base/data/report_paperformat_data.xml 
2025-10-24 04:21:24,258 44176 INFO None odoo.modules.loading: loading base/data/res_country_data.xml 
2025-10-24 04:21:24,949 44176 INFO None odoo.modules.loading: loading base/data/ir_demo_data.xml 
2025-10-24 04:21:24,979 44176 INFO None odoo.modules.loading: loading base/security/base_groups.xml 
2025-10-24 04:21:25,286 44176 INFO None odoo.modules.loading: loading base/security/base_security.xml 
2025-10-24 04:21:25,499 44176 INFO None odoo.modules.loading: loading base/wizard/wizard_ir_model_menu_create_views.xml 
2025-10-24 04:21:25,522 44176 INFO None odoo.modules.loading: loading base/views/base_menus.xml 
2025-10-24 04:21:25,645 44176 INFO None odoo.modules.loading: loading base/views/decimal_precision_views.xml 
2025-10-24 04:21:25,698 44176 INFO None odoo.modules.loading: loading base/views/res_config_views.xml 
2025-10-24 04:21:25,714 44176 INFO None odoo.modules.loading: loading base/data/res.country.state.csv 
2025-10-24 04:21:27,100 44176 INFO None odoo.modules.loading: loading base/views/ir_actions_views.xml 
2025-10-24 04:21:27,373 44176 INFO None odoo.modules.loading: loading base/views/ir_asset_views.xml 
2025-10-24 04:21:27,406 44176 INFO None odoo.modules.loading: loading base/views/ir_config_parameter_views.xml 
2025-10-24 04:21:27,450 44176 INFO None odoo.modules.loading: loading base/views/ir_cron_views.xml 
2025-10-24 04:21:27,510 44176 INFO None odoo.modules.loading: loading base/views/ir_cron_trigger_views.xml 
2025-10-24 04:21:27,541 44176 INFO None odoo.modules.loading: loading base/views/ir_filters_views.xml 
2025-10-24 04:21:27,588 44176 INFO None odoo.modules.loading: loading base/views/ir_mail_server_views.xml 
2025-10-24 04:21:27,666 44176 INFO None odoo.modules.loading: loading base/views/ir_model_views.xml 
2025-10-24 04:21:27,973 44176 INFO None odoo.modules.loading: loading base/views/ir_attachment_views.xml 
2025-10-24 04:21:28,010 44176 INFO None odoo.modules.loading: loading base/views/ir_rule_views.xml 
2025-10-24 04:21:28,047 44176 INFO None odoo.modules.loading: loading base/views/ir_sequence_views.xml 
2025-10-24 04:21:28,084 44176 INFO None odoo.modules.loading: loading base/views/ir_ui_menu_views.xml 
2025-10-24 04:21:28,119 44176 INFO None odoo.modules.loading: loading base/views/ir_ui_view_views.xml 
2025-10-24 04:21:28,190 44176 INFO None odoo.modules.loading: loading base/views/ir_default_views.xml 
2025-10-24 04:21:28,225 44176 INFO None odoo.modules.loading: loading base/data/ir_config_parameter_data.xml 
2025-10-24 04:21:28,238 44176 INFO None odoo.modules.loading: loading base/data/ir_cron_data.xml 
2025-10-24 04:21:28,265 44176 INFO None odoo.modules.loading: loading base/report/ir_model_report.xml 
2025-10-24 04:21:28,285 44176 INFO None odoo.modules.loading: loading base/report/ir_model_templates.xml 
2025-10-24 04:21:28,346 44176 INFO None odoo.modules.loading: loading base/views/ir_logging_views.xml 
2025-10-24 04:21:28,381 44176 INFO None odoo.modules.loading: loading base/views/ir_qweb_widget_templates.xml 
2025-10-24 04:21:28,457 44176 INFO None odoo.modules.loading: loading base/views/ir_module_views.xml 
2025-10-24 04:21:28,604 44176 INFO None odoo.modules.loading: loading base/data/ir_module_category_data.xml 
2025-10-24 04:21:28,661 44176 INFO None odoo.modules.loading: loading base/data/ir_module_module.xml 
2025-10-24 04:21:28,753 44176 INFO None odoo.modules.loading: loading base/report/ir_module_reports.xml 
2025-10-24 04:21:28,771 44176 INFO None odoo.modules.loading: loading base/report/ir_module_report_templates.xml 
2025-10-24 04:21:28,794 44176 INFO None odoo.modules.loading: loading base/wizard/base_module_update_views.xml 
2025-10-24 04:21:28,829 44176 INFO None odoo.modules.loading: loading base/wizard/base_language_install_views.xml 
2025-10-24 04:21:28,857 44176 INFO None odoo.modules.loading: loading base/wizard/base_import_language_views.xml 
2025-10-24 04:21:28,887 44176 INFO None odoo.modules.loading: loading base/wizard/base_module_upgrade_views.xml 
2025-10-24 04:21:28,921 44176 INFO None odoo.modules.loading: loading base/wizard/base_module_uninstall_views.xml 
2025-10-24 04:21:28,940 44176 INFO None odoo.modules.loading: loading base/wizard/base_export_language_views.xml 
2025-10-24 04:21:29,015 44176 INFO None odoo.modules.loading: loading base/wizard/base_partner_merge_views.xml 
2025-10-24 04:21:29,095 44176 INFO None odoo.modules.loading: loading base/data/ir_demo_failure_data.xml 
2025-10-24 04:21:29,143 44176 INFO None odoo.modules.loading: loading base/views/ir_profile_views.xml 
2025-10-24 04:21:29,194 44176 INFO None odoo.modules.loading: loading base/views/res_company_views.xml 
2025-10-24 04:21:29,240 44176 INFO None odoo.modules.loading: loading base/views/res_lang_views.xml 
2025-10-24 04:21:29,283 44176 INFO None odoo.modules.loading: loading base/views/res_partner_views.xml 
2025-10-24 04:21:29,442 44176 INFO None odoo.modules.loading: loading base/views/res_bank_views.xml 
2025-10-24 04:21:29,490 44176 INFO None odoo.modules.loading: loading base/views/res_country_views.xml 
2025-10-24 04:21:29,551 44176 INFO None odoo.modules.loading: loading base/views/res_currency_views.xml 
2025-10-24 04:21:29,607 44176 INFO None odoo.modules.loading: loading base/views/res_groups_views.xml 
2025-10-24 04:21:29,675 44176 INFO None odoo.modules.loading: loading base/views/res_users_views.xml 
2025-10-24 04:21:29,905 44176 INFO None odoo.modules.loading: loading base/views/res_users_apikeys_views.xml 
2025-10-24 04:21:29,926 44176 INFO None odoo.modules.loading: loading base/views/res_device_views.xml 
2025-10-24 04:21:29,969 44176 INFO None odoo.modules.loading: loading base/views/res_users_identitycheck_views.xml 
2025-10-24 04:21:29,990 44176 INFO None odoo.modules.loading: loading base/views/res_config_settings_views.xml 
2025-10-24 04:21:30,010 44176 INFO None odoo.modules.loading: loading base/views/report_paperformat_views.xml 
2025-10-24 04:21:30,048 44176 INFO None odoo.modules.loading: loading base/security/ir.model.access.csv 
2025-10-24 04:21:30,423 44176 INFO None odoo.addons.base.models.ir_module: module base: no translation for language en_GB 
2025-10-24 04:21:30,505 44176 INFO None odoo.modules.loading: Module base loaded in 12.24s, 8376 queries (+8376 other) 
2025-10-24 04:21:30,506 44176 INFO None odoo.modules.loading: 1 modules loaded in 12.24s, 8376 queries (+8376 extra) 
2025-10-24 04:21:30,510 44176 INFO None odoo.modules.loading: updating modules list 
2025-10-24 04:21:30,512 44176 INFO None odoo.addons.base.models.ir_module: ALLOW access to module.update_list on [] to user __system__ #1 via n/a 
2025-10-24 04:21:32,237 44176 INFO None odoo.modules.loading: loading 14 modules... 
2025-10-24 04:21:32,237 44176 INFO None odoo.modules.loading: Loading module rpc (2/14) 
2025-10-24 04:21:32,256 44176 INFO None odoo.addons.base.models.ir_module: module rpc: no translation for language en_GB 
2025-10-24 04:21:32,262 44176 INFO None odoo.modules.loading: Module rpc loaded in 0.03s, 9 queries (+9 other) 
2025-10-24 04:21:32,262 44176 INFO None odoo.modules.loading: Loading module web (3/14) 
2025-10-24 04:21:32,294 44176 INFO None odoo.registry: module web: creating or updating database tables 
2025-10-24 04:21:33,122 44176 INFO None odoo.modules.loading: loading web/security/ir.model.access.csv 
2025-10-24 04:21:33,144 44176 INFO None odoo.modules.loading: loading web/security/web_security.xml 
2025-10-24 04:21:33,174 44176 INFO None odoo.modules.loading: loading web/views/webclient_templates.xml 
2025-10-24 04:21:33,392 44176 INFO None odoo.modules.loading: loading web/views/report_templates.xml 
2025-10-24 04:21:33,863 44176 INFO None odoo.modules.loading: loading web/views/base_document_layout_views.xml 
2025-10-24 04:21:33,897 44176 INFO None odoo.modules.loading: loading web/views/partner_view.xml 
2025-10-24 04:21:33,918 44176 INFO None odoo.modules.loading: loading web/views/speedscope_template.xml 
2025-10-24 04:21:33,965 44176 INFO None odoo.modules.loading: loading web/views/memory_template.xml 
2025-10-24 04:21:34,044 44176 INFO None odoo.modules.loading: loading web/views/speedscope_config_wizard.xml 
2025-10-24 04:21:34,121 44176 INFO None odoo.modules.loading: loading web/views/neutralize_views.xml 
2025-10-24 04:21:34,142 44176 INFO None odoo.modules.loading: loading web/views/ir_ui_view_views.xml 
2025-10-24 04:21:34,167 44176 INFO None odoo.modules.loading: loading web/data/ir_attachment.xml 
2025-10-24 04:21:34,181 44176 INFO None odoo.modules.loading: loading web/data/report_layout.xml 
2025-10-24 04:21:34,235 44176 INFO None odoo.addons.base.models.ir_module: module web: no translation for language en_GB 
2025-10-24 04:21:34,248 44176 INFO None odoo.modules.loading: Module web loaded in 1.99s, 1228 queries (+1228 other) 
2025-10-24 04:21:34,248 44176 INFO None odoo.modules.loading: Loading module api_doc (4/14) 
2025-10-24 04:21:34,365 44176 INFO None odoo.registry: module api_doc: creating or updating database tables 
2025-10-24 04:21:34,391 44176 INFO None odoo.modules.loading: loading api_doc/security/res_groups.xml 
2025-10-24 04:21:34,445 44176 INFO None odoo.modules.loading: loading api_doc/views/docclient.xml 
2025-10-24 04:21:34,464 44176 INFO None odoo.addons.base.models.ir_module: module api_doc: no translation for language en_GB 
2025-10-24 04:21:34,475 44176 INFO None odoo.modules.loading: Module api_doc loaded in 0.23s, 63 queries (+63 other) 
2025-10-24 04:21:34,475 44176 INFO None odoo.modules.loading: Loading module auth_totp (5/14) 
2025-10-24 04:21:34,661 44176 INFO None odoo.registry: module auth_totp: creating or updating database tables 
2025-10-24 04:21:34,815 44176 INFO None odoo.modules.loading: loading auth_totp/security/security.xml 
2025-10-24 04:21:34,873 44176 INFO None odoo.modules.loading: loading auth_totp/security/ir.model.access.csv 
2025-10-24 04:21:34,890 44176 INFO None odoo.modules.loading: loading auth_totp/data/ir_action_data.xml 
2025-10-24 04:21:34,908 44176 INFO None odoo.modules.loading: loading auth_totp/views/res_users_views.xml 
2025-10-24 04:21:34,956 44176 INFO None odoo.modules.loading: loading auth_totp/views/templates.xml 
2025-10-24 04:21:34,977 44176 INFO None odoo.modules.loading: loading auth_totp/wizard/auth_totp_wizard_views.xml 
2025-10-24 04:21:35,003 44176 INFO None odoo.addons.base.models.ir_module: module auth_totp: no translation for language en_GB 
2025-10-24 04:21:35,011 44176 INFO None odoo.modules.loading: Module auth_totp loaded in 0.54s, 214 queries (+214 other) 
2025-10-24 04:21:35,011 44176 INFO None odoo.modules.loading: Loading module base_import (6/14) 
2025-10-24 04:21:35,178 44176 INFO None odoo.registry: module base_import: creating or updating database tables 
2025-10-24 04:21:35,948 44176 INFO None odoo.modules.loading: loading base_import/security/ir.model.access.csv 
2025-10-24 04:21:35,982 44176 INFO None odoo.addons.base.models.ir_module: module base_import: no translation for language en_GB 
2025-10-24 04:21:35,986 44176 INFO None odoo.modules.loading: Module base_import loaded in 0.97s, 956 queries (+956 other) 
2025-10-24 04:21:35,986 44176 INFO None odoo.modules.loading: Loading module base_import_module (7/14) 
2025-10-24 04:21:36,191 44176 INFO None odoo.registry: module base_import_module: creating or updating database tables 
2025-10-24 04:21:36,282 44176 INFO None odoo.modules.loading: loading base_import_module/security/ir.model.access.csv 
2025-10-24 04:21:36,312 44176 INFO None odoo.modules.loading: loading base_import_module/views/base_import_module_view.xml 
2025-10-24 04:21:36,362 44176 INFO None odoo.modules.loading: loading base_import_module/views/ir_module_views.xml 
2025-10-24 04:21:36,459 44176 INFO None odoo.addons.base.models.ir_module: module base_import_module: no translation for language en_GB 
2025-10-24 04:21:36,472 44176 INFO None odoo.modules.loading: Module base_import_module loaded in 0.49s, 172 queries (+172 other) 
2025-10-24 04:21:36,472 44176 INFO None odoo.modules.loading: Loading module base_setup (8/14) 
2025-10-24 04:21:36,652 44176 INFO None odoo.registry: module base_setup: creating or updating database tables 
2025-10-24 04:21:36,793 44176 INFO None odoo.modules.loading: loading base_setup/data/base_setup_data.xml 
2025-10-24 04:21:36,817 44176 INFO None odoo.modules.loading: loading base_setup/views/res_config_settings_views.xml 
2025-10-24 04:21:36,944 44176 INFO None odoo.modules.loading: loading base_setup/views/res_partner_views.xml 
2025-10-24 04:21:36,984 44176 INFO None odoo.addons.base.models.ir_module: module base_setup: no translation for language en_GB 
2025-10-24 04:21:36,994 44176 INFO None odoo.modules.loading: Module base_setup loaded in 0.52s, 152 queries (+152 other) 
2025-10-24 04:21:36,995 44176 INFO None odoo.modules.loading: Loading module bus (9/14) 
2025-10-24 04:21:37,451 44176 INFO None odoo.registry: module bus: creating or updating database tables 
2025-10-24 04:21:37,695 44176 INFO None odoo.modules.loading: loading bus/security/ir.model.access.csv 
2025-10-24 04:21:37,738 44176 INFO None odoo.addons.base.models.ir_module: module bus: no translation for language en_GB 
2025-10-24 04:21:37,748 44176 INFO None odoo.modules.loading: Module bus loaded in 0.75s, 152 queries (+152 other) 
2025-10-24 04:21:37,748 44176 INFO None odoo.modules.loading: Loading module web_tour (10/14) 
2025-10-24 04:21:37,864 44176 INFO None odoo.registry: module web_tour: creating or updating database tables 
2025-10-24 04:21:37,877 44176 INFO None odoo.models: Prepare computation of res.users.tour_enabled 
2025-10-24 04:21:38,135 44176 INFO None odoo.modules.loading: loading web_tour/security/ir.model.access.csv 
2025-10-24 04:21:38,178 44176 INFO None odoo.modules.loading: loading web_tour/views/tour_views.xml 
2025-10-24 04:21:38,277 44176 INFO None odoo.addons.base.models.ir_module: module web_tour: no translation for language en_GB 
2025-10-24 04:21:38,296 44176 INFO None odoo.modules.loading: Module web_tour loaded in 0.55s, 176 queries (+176 other) 
2025-10-24 04:21:38,296 44176 INFO None odoo.modules.loading: Loading module auth_passkey (11/14) 
2025-10-24 04:21:39,357 44176 CRITICAL None odoo.modules.module: Couldn't load module auth_passkey 
2025-10-24 04:21:39,365 44176 WARNING None odoo.modules.loading: Transient module states were reset 
2025-10-24 04:21:39,367 44176 ERROR None odoo.registry: Failed to load registry 
2025-10-24 04:21:39,367 44176 ERROR None odoo.service.db: CREATE DATABASE failed: 
Traceback (most recent call last):
  File "C:\Users\branm\odoo19\odoo\service\db.py", line 71, in _initialize_db
    registry = odoo.modules.registry.Registry.new(db_name, update_module=True, new_db_demo=demo)
  File "C:\Users\branm\odoo19\odoo\tools\func.py", line 88, in locked
    return func(inst, *args, **kwargs)
  File "C:\Users\branm\odoo19\odoo\orm\registry.py", line 185, in new
    load_modules(
    ~~~~~~~~~~~~^
        registry,
        ^^^^^^^^^
    ...<4 lines>...
        new_db_demo=new_db_demo,
        ^^^^^^^^^^^^^^^^^^^^^^^^
    )
    ^
  File "C:\Users\branm\odoo19\odoo\modules\loading.py", line 449, in load_modules
    load_module_graph(
    ~~~~~~~~~~~~~~~~~^
        env, graph, update_module=update_module,
        ^^^^^^^^^^^^^^^^^^^^^^^^^^^^^^^^^^^^^^^^
        report=report, models_to_check=models_to_check)
        ^^^^^^^^^^^^^^^^^^^^^^^^^^^^^^^^^^^^^^^^^^^^^^^
  File "C:\Users\branm\odoo19\odoo\modules\loading.py", line 169, in load_module_graph
    load_openerp_module(package.name)
    ~~~~~~~~~~~~~~~~~~~^^^^^^^^^^^^^^
  File "C:\Users\branm\odoo19\odoo\modules\module.py", line 505, in load_openerp_module
    __import__(qualname)
    ~~~~~~~~~~^^^^^^^^^^
  File "c:\users\branm\odoo19\addons\auth_passkey\__init__.py", line 1, in <module>
    from . import models
  File "c:\users\branm\odoo19\addons\auth_passkey\models\__init__.py", line 1, in <module>
    from . import auth_passkey_key
  File "c:\users\branm\odoo19\addons\auth_passkey\models\auth_passkey_key.py", line 13, in <module>
    from .._vendor.webauthn import base64url_to_bytes, generate_authentication_options, generate_registration_options, options_to_json, verify_authentication_response, verify_registration_response
  File "c:\users\branm\odoo19\addons\auth_passkey\_vendor\webauthn\__init__.py", line 2, in <module>
    from .registration.verify_registration_response import verify_registration_response
  File "c:\users\branm\odoo19\addons\auth_passkey\_vendor\webauthn\registration\verify_registration_response.py", line 25, in <module>
    from .formats.android_key import verify_android_key
  File "c:\users\branm\odoo19\addons\auth_passkey\_vendor\webauthn\registration\formats\android_key.py", line 22, in <module>
    from ....webauthn.helpers.asn1.android_key import (
    ...<4 lines>...
    )
  File "c:\users\branm\odoo19\addons\auth_passkey\_vendor\webauthn\helpers\asn1\android_key.py", line 3, in <module>
    from asn1crypto.core import (
    ...<7 lines>...
    )
ModuleNotFoundError: No module named 'asn1crypto'
2025-10-24 04:21:39,386 44176 INFO ? odoo.modules.loading: loading 1 modules... 
2025-10-24 04:21:39,429 44176 INFO ? odoo.modules.loading: 1 modules loaded in 0.01s, 0 queries (+0 extra) 
2025-10-24 04:21:39,432 44176 INFO ? odoo.modules.loading: loading 10 modules... 
2025-10-24 04:21:39,437 44176 INFO ? odoo.modules.loading: 10 modules loaded in 0.00s, 0 queries (+0 extra) 
2025-10-24 04:21:39,485 44176 INFO ? odoo.modules.loading: Modules loaded. 
2025-10-24 04:21:39,492 44176 INFO ? odoo.registry: Registry loaded in 0.124s 
2025-10-24 04:21:39,495 44176 INFO scholarix odoo.addons.base.models.ir_http: Generating routing map for key None 
2025-10-24 04:21:39,528 44176 INFO None odoo.addons.base.models.res_users: Login failed for login:info@scholarixglobal.com from 127.0.0.1 
2025-10-24 04:21:39,529 44176 ERROR None odoo.addons.web.controllers.database: Database creation error. 
Traceback (most recent call last):
  File "c:\users\branm\odoo19\addons\web\controllers\database.py", line 85, in create
    request.session.authenticate(env, credential)
    ~~~~~~~~~~~~~~~~~~~~~~~~~~~~^^^^^^^^^^^^^^^^^
  File "C:\Users\branm\odoo19\odoo\http.py", line 1198, in authenticate
    auth_info = env['res.users'].authenticate(credential, wsgienv)
  File "C:\Users\branm\odoo19\odoo\addons\base\models\res_users.py", line 795, in authenticate
    auth_info = self._login(credential, user_agent_env=user_agent_env)
  File "C:\Users\branm\odoo19\odoo\addons\base\models\res_users.py", line 765, in _login
    raise AccessDenied()
odoo.exceptions.AccessDenied: Access Denied
2025-10-24 04:21:40,394 44176 INFO None werkzeug: 127.0.0.1 - - [24/Oct/2025 04:21:40] "POST /web/database/create HTTP/1.1" 200 - 17296 14.060 20.512
2025-10-24 04:21:41,017 44176 INFO None odoo.service.db: Create database `scholarix`. 
2025-10-24 04:21:41,047 44176 ERROR None odoo.addons.web.controllers.database: Database creation error. 
Traceback (most recent call last):
  File "c:\users\branm\odoo19\addons\web\controllers\database.py", line 81, in create
    dispatch_rpc('db', 'create_database', [master_pwd, name, bool(post.get('demo')), lang, password, post['login'], country_code, post['phone']])
    ~~~~~~~~~~~~^^^^^^^^^^^^^^^^^^^^^^^^^^^^^^^^^^^^^^^^^^^^^^^^^^^^^^^^^^^^^^^^^^^^^^^^^^^^^^^^^^^^^^^^^^^^^^^^^^^^^^^^^^^^^^^^^^^^^^^^^^^^^^^^^
  File "C:\Users\branm\odoo19\odoo\http.py", line 439, in dispatch_rpc
    return dispatch(method, params)
  File "C:\Users\branm\odoo19\odoo\service\db.py", line 519, in dispatch
    return g[exp_method_name](*params)
           ~~~~~~~~~~~~~~~~~~^^^^^^^^^
  File "C:\Users\branm\odoo19\odoo\service\db.py", line 52, in if_db_mgt_enabled
    return func(*args, **kwargs)
  File "C:\Users\branm\odoo19\odoo\service\db.py", line 180, in exp_create_database
    _create_empty_database(db_name)
    ~~~~~~~~~~~~~~~~~~~~~~^^^^^^^^^
  File "C:\Users\branm\odoo19\odoo\service\db.py", line 136, in _create_empty_database
    raise DatabaseExists("database %r already exists!" % (name,))
odoo.service.db.DatabaseExists: database 'scholarix' already exists!
2025-10-24 04:21:41,680 44176 INFO None werkzeug: 127.0.0.1 - - [24/Oct/2025 04:21:41] "POST /web/database/create HTTP/1.1" 200 - 27 0.037 27.371
2025-10-24 04:21:43,406 44176 INFO scholarix odoo.addons.base.models.ir_cron: Job 'Base: Auto-vacuum internal data' (1) starting 
2025-10-24 04:21:43,572 44176 INFO scholarix odoo.addons.base.models.res_users: GC'd 0 user log entries 
2025-10-24 04:21:43,591 44176 INFO scholarix odoo.addons.base.models.ir_attachment: filestore gc 10 checked, 0 removed 
2025-10-24 04:21:43,684 44176 INFO scholarix odoo.addons.base.models.res_device: GC device logs delete 0 entries 
2025-10-24 04:21:43,693 44176 INFO scholarix odoo.addons.base.models.res_users: GC 'auth_totp.device' delete 0 entries 
2025-10-24 04:21:43,704 44176 INFO scholarix odoo.addons.api_doc.models.ir_attachment: GC'd 0 /doc cached index 
2025-10-24 04:21:43,786 44176 INFO scholarix odoo.addons.base.models.res_users: GC 'res.users.apikeys' delete 0 entries 
2025-10-24 04:21:43,846 44176 INFO scholarix odoo.addons.base.models.res_device: GC device logs delete 0 entries 
2025-10-24 04:21:43,952 44176 INFO scholarix odoo.addons.base.models.ir_cron: Job 'Base: Auto-vacuum internal data' (1) fully done (#loop 1; done 43; remaining 0; duration 0.55s) 
2025-10-24 04:21:43,963 44176 INFO scholarix odoo.addons.base.models.ir_cron: Job 'Base: Portal Users Deletion' (2) starting 
2025-10-24 04:21:43,984 44176 INFO scholarix odoo.addons.base.models.ir_cron: Job 'Base: Portal Users Deletion' (2) fully done (#loop 1; done 0; remaining 0; duration 0.02s) 
2025-10-24 04:25:09,102 44176 INFO scholarix werkzeug: 127.0.0.1 - - [24/Oct/2025 04:25:09] "GET /odoo?db=scholarix HTTP/1.1" 303 - 5 0.016 0.057
2025-10-24 04:25:09,508 44176 INFO scholarix werkzeug: 127.0.0.1 - - [24/Oct/2025 04:25:09] "GET /web/login?redirect=/odoo?db%3Dscholarix HTTP/1.1" 200 - 49 0.051 0.289
2025-10-24 04:25:09,898 44176 INFO scholarix werkzeug: 127.0.0.1 - - [24/Oct/2025 04:25:09] "GET /web/binary/company_logo HTTP/1.1" 200 - 6 0.016 0.035
2025-10-24 04:25:10,573 44176 INFO scholarix odoo.addons.base.models.assetsbundle: Generating a new asset bundle attachment /web/assets/de1ebb6/web.assets_frontend_minimal.min.js (id:14) 
2025-10-24 04:25:10,594 44176 INFO scholarix werkzeug: 127.0.0.1 - - [24/Oct/2025 04:25:10] "GET /web/assets/de1ebb6/web.assets_frontend_minimal.min.js HTTP/1.1" 200 - 15 0.016 0.373
2025-10-24 04:25:13,944 44176 WARNING scholarix odoo.addons.base.models.assetsbundle: Error: Undefined variable: "$black".
        on line 1477:23 of stdin
>> // Color contrast variables used in the color-contrast function
   ----------------------^
This error occurred while compiling the bundle 'web.assets_frontend' containing:
    - /web/static/lib/bootstrap/scss/_functions.scss
    - /web/static/lib/bootstrap/scss/_mixins.scss
    - /web/static/src/scss/functions.scss
    - /web/static/src/scss/mixins_forwardport.scss
    - /web/static/src/scss/bs_mixins_overrides.scss
    - /web/static/src/scss/utils.scss
    - /web/static/src/scss/primary_variables.scss
    - /web/static/src/core/avatar/avatar.variables.scss
    - /web/static/src/core/bottom_sheet/bottom_sheet.variables.scss
    - /web/static/src/core/notifications/notification.variables.scss
    - /web/static/src/search/control_panel/control_panel.variables.scss
    - /web/static/src/search/search_bar/search_bar.variables.scss
    - /web/static/src/search/search_panel/search_panel.variables.scss
    - /web/static/src/views/fields/statusbar/statusbar_field.variables.scss
    - /web/static/src/views/fields/translation_button.variables.scss
    - /web/static/src/views/form/form.variables.scss
    - /web/static/src/views/kanban/kanban.variables.scss
    - /web/static/src/webclient/burger_menu/burger_menu.variables.scss
    - /web/static/src/webclient/navbar/navbar.variables.scss
    - /web/static/src/scss/secondary_variables.scss
    - /web/static/src/scss/bootstrap_overridden_frontend.scss
    - /web/static/src/scss/pre_variables.scss
    - /web/static/lib/bootstrap/scss/_variables.scss
    - /web/static/lib/bootstrap/scss/_variables-dark.scss
    - /web/static/lib/bootstrap/scss/_maps.scss
    - /web/static/src/scss/import_bootstrap.scss
    - /web/static/src/scss/utilities_custom.scss
    - /web/static/lib/bootstrap/scss/utilities/_api.scss
    - /web/static/src/scss/bootstrap_review.scss
    - /web/static/src/scss/bootstrap_review_frontend.scss
    - /web/static/src/webclient/navbar/navbar.scss
    - /web/static/src/scss/animation.scss
    - /web/static/src/scss/base_frontend.scss
    - /web/static/src/scss/fontawesome_overridden.scss
    - /web/static/src/scss/mimetypes.scss
    - /web/static/src/scss/ui.scss
    - /web/static/src/views/fields/translation_dialog.scss
    - /web/static/src/views/fields/signature/signature_field.scss
    - /web/static/src/core/utils/transitions.scss
    - /web/static/src/core/action_swiper/action_swiper.scss
    - /web/static/src/core/autocomplete/autocomplete.scss
    - /web/static/src/core/avatar/avatar.scss
    - /web/static/src/core/badge/badge.scss
    - /web/static/src/core/barcode/barcode_dialog.scss
    - /web/static/src/core/barcode/crop_overlay.scss
    - /web/static/src/core/bottom_sheet/bottom_sheet.scss
    - /web/static/src/core/checkbox/checkbox.scss
    - /web/static/src/core/color_picker/color_picker.scss
    - /web/static/src/core/color_picker/custom_color_picker/custom_color_picker.scss
    - /web/static/src/core/colorlist/colorlist.scss
    - /web/static/src/core/datetime/datetime_picker.scss
    - /web/static/src/core/debug/debug_menu.scss
    - /web/static/src/core/dialog/dialog.scss
    - /web/static/src/core/dropdown/accordion_item.scss
    - /web/static/src/core/dropdown/dropdown.scss
    - /web/static/src/core/dropzone/dropzone.scss
    - /web/static/src/core/effects/rainbow_man.scss
    - /web/static/src/core/emoji_picker/emoji_picker.dark.scss
    - /web/static/src/core/emoji_picker/emoji_picker.scss
    - /web/static/src/core/errors/error_dialog.scss
    - /web/static/src/core/file_upload/file_upload_progress_bar.scss
    - /web/static/src/core/file_upload/file_upload_progress_record.scss
    - /web/static/src/core/file_viewer/file_viewer.scss
    - /web/static/src/core/ir_ui_view_code_editor/code_editor.scss
    - /web/static/src/core/model_field_selector/model_field_selector.scss
    - /web/static/src/core/model_field_selector/model_field_selector_popover.scss
    - /web/static/src/core/model_selector/model_selector.scss
    - /web/static/src/core/notebook/notebook.scss
    - /web/static/src/core/notifications/notification.scss
    - /web/static/src/core/overlay/overlay_container.scss
    - /web/static/src/core/pager/pager_indicator.scss
    - /web/static/src/core/popover/popover.scss
    - /web/static/src/core/pwa/install_prompt.scss
    - /web/static/src/core/record_selectors/record_selectors.scss
    - /web/static/src/core/resizable_panel/resizable_panel.scss
    - /web/static/src/core/select_menu/select_menu.scss
    - /web/static/src/core/signature/name_and_signature.scss
    - /web/static/src/core/tags_list/tags_list.scss
    - /web/static/src/core/time_picker/time_picker.scss
    - /web/static/src/core/tooltip/tooltip.scss
    - /web/static/src/core/tree_editor/tree_editor.scss
    - /web/static/src/core/ui/block_ui.scss
    - /web/static/src/core/utils/draggable_hook_builder.scss
    - /web/static/src/core/utils/nested_sortable.scss
    - /web_tour/static/src/scss/tour_pointer.scss 
2025-10-24 04:25:14,008 44176 INFO scholarix odoo.addons.base.models.assetsbundle: Generating a new asset bundle attachment /web/assets/ad6b824/web.assets_frontend.min.css (id:15) 
2025-10-24 04:25:14,023 44176 INFO scholarix werkzeug: 127.0.0.1 - - [24/Oct/2025 04:25:14] "GET /web/assets/ad6b824/web.assets_frontend.min.css HTTP/1.1" 200 - 14 0.017 4.476
2025-10-24 04:25:24,603 44176 INFO scholarix werkzeug: 127.0.0.1 - - [24/Oct/2025 04:25:24] "GET /web/database/manager HTTP/1.1" 200 - 8 0.013 0.538
2025-10-24 04:25:27,077 44176 INFO scholarix odoo.addons.base.models.assetsbundle: Generating a new asset bundle attachment /web/assets/a0d82bb/web.assets_frontend_lazy.min.js (id:16) 
2025-10-24 04:25:27,286 44176 INFO scholarix werkzeug: 127.0.0.1 - - [24/Oct/2025 04:25:27] "GET /web/assets/a0d82bb/web.assets_frontend_lazy.min.js HTTP/1.1" 200 - 13 0.013 12.866
2025-10-24 04:25:35,360 44176 ERROR None odoo.addons.web.controllers.database: Database deletion error. 
Traceback (most recent call last):
  File "c:\users\branm\odoo19\addons\web\controllers\database.py", line 117, in drop
    dispatch_rpc('db', 'drop', [master_pwd, name])
    ~~~~~~~~~~~~^^^^^^^^^^^^^^^^^^^^^^^^^^^^^^^^^^
  File "C:\Users\branm\odoo19\odoo\http.py", line 439, in dispatch_rpc
    return dispatch(method, params)
  File "C:\Users\branm\odoo19\odoo\service\db.py", line 518, in dispatch
    check_super(passwd)
    ~~~~~~~~~~~^^^^^^^^
  File "C:\Users\branm\odoo19\odoo\service\db.py", line 63, in check_super
    raise odoo.exceptions.AccessDenied()
odoo.exceptions.AccessDenied: Access Denied
2025-10-24 04:25:35,935 44176 INFO None werkzeug: 127.0.0.1 - - [24/Oct/2025 04:25:35] "POST /web/database/drop HTTP/1.1" 200 - 8 0.009 1.493
2025-10-24 04:26:11,809 44176 ERROR None odoo.addons.web.controllers.database: Database creation error. 
Traceback (most recent call last):
  File "c:\users\branm\odoo19\addons\web\controllers\database.py", line 81, in create
    dispatch_rpc('db', 'create_database', [master_pwd, name, bool(post.get('demo')), lang, password, post['login'], country_code, post['phone']])
    ~~~~~~~~~~~~^^^^^^^^^^^^^^^^^^^^^^^^^^^^^^^^^^^^^^^^^^^^^^^^^^^^^^^^^^^^^^^^^^^^^^^^^^^^^^^^^^^^^^^^^^^^^^^^^^^^^^^^^^^^^^^^^^^^^^^^^^^^^^^^^
  File "C:\Users\branm\odoo19\odoo\http.py", line 439, in dispatch_rpc
    return dispatch(method, params)
  File "C:\Users\branm\odoo19\odoo\service\db.py", line 518, in dispatch
    check_super(passwd)
    ~~~~~~~~~~~^^^^^^^^
  File "C:\Users\branm\odoo19\odoo\service\db.py", line 63, in check_super
    raise odoo.exceptions.AccessDenied()
odoo.exceptions.AccessDenied: Access Denied
2025-10-24 04:26:12,352 44176 INFO None werkzeug: 127.0.0.1 - - [24/Oct/2025 04:26:12] "POST /web/database/create HTTP/1.1" 200 - 8 0.009 1.644
2025-10-24 04:26:25,218 44176 ERROR None odoo.addons.web.controllers.database: Database creation error. 
Traceback (most recent call last):
  File "c:\users\branm\odoo19\addons\web\controllers\database.py", line 81, in create
    dispatch_rpc('db', 'create_database', [master_pwd, name, bool(post.get('demo')), lang, password, post['login'], country_code, post['phone']])
    ~~~~~~~~~~~~^^^^^^^^^^^^^^^^^^^^^^^^^^^^^^^^^^^^^^^^^^^^^^^^^^^^^^^^^^^^^^^^^^^^^^^^^^^^^^^^^^^^^^^^^^^^^^^^^^^^^^^^^^^^^^^^^^^^^^^^^^^^^^^^^
  File "C:\Users\branm\odoo19\odoo\http.py", line 439, in dispatch_rpc
    return dispatch(method, params)
  File "C:\Users\branm\odoo19\odoo\service\db.py", line 518, in dispatch
    check_super(passwd)
    ~~~~~~~~~~~^^^^^^^^
  File "C:\Users\branm\odoo19\odoo\service\db.py", line 63, in check_super
    raise odoo.exceptions.AccessDenied()
odoo.exceptions.AccessDenied: Access Denied
2025-10-24 04:26:25,751 44176 INFO None werkzeug: 127.0.0.1 - - [24/Oct/2025 04:26:25] "POST /web/database/create HTTP/1.1" 200 - 8 0.007 1.424
2025-10-24 04:28:28,655 44180 WARNING ? odoo.tools.config: option --without-demo: since 19.0, invalid boolean value: 'all', assume True 
2025-10-24 04:28:28,655 44180 WARNING ? odoo.tools.config: missing --http-interface/http_interface, using 0.0.0.0 by default, will change to 127.0.0.1 in 20.0 
2025-10-24 04:28:28,655 44180 INFO ? odoo: Odoo version 19.0 
2025-10-24 04:28:28,655 44180 INFO ? odoo: Using configuration file at c:\users\branm\odoo19\odoo.conf 
2025-10-24 04:28:28,655 44180 INFO ? odoo: addons paths: _NamespacePath(['C:\\Users\\branm\\odoo19\\odoo\\addons', 'C:\\Users\\branm\\AppData\\Local\\OpenERP S.A.\\Odoo\\addons\\19.0', 'c:\\users\\branm\\odoo19\\addons']) 
2025-10-24 04:28:28,655 44180 INFO ? odoo: database: odoo@localhost:5432 
2025-10-24 04:28:29,073 44180 WARNING ? py.warnings: C:\Users\branm\AppData\Roaming\Python\Python313\site-packages\PyPDF2\__init__.py:21: DeprecationWarning: PyPDF2 is deprecated. Please move to the pypdf library instead.
  File "C:\Users\branm\odoo19\odoo-bin", line 6, in <module>
    odoo.cli.main()
  File "C:\Users\branm\odoo19\odoo\cli\command.py", line 133, in main
    command().run(args)
  File "C:\Users\branm\odoo19\odoo\cli\server.py", line 127, in run
    main(args)
  File "C:\Users\branm\odoo19\odoo\cli\server.py", line 118, in main
    rc = server.start(preload=config['db_name'], stop=stop)
  File "C:\Users\branm\odoo19\odoo\service\server.py", line 1545, in start
    load_server_wide_modules()
  File "C:\Users\branm\odoo19\odoo\service\server.py", line 1461, in load_server_wide_modules
    load_openerp_module(m)
  File "C:\Users\branm\odoo19\odoo\modules\module.py", line 505, in load_openerp_module
    __import__(qualname)
  File "C:\Users\branm\odoo19\odoo\addons\base\__init__.py", line 4, in <module>
    from . import models
  File "C:\Users\branm\odoo19\odoo\addons\base\models\__init__.py", line 12, in <module>
    from . import ir_actions_report
  File "C:\Users\branm\odoo19\odoo\addons\base\models\ir_actions_report.py", line 32, in <module>
    from odoo.tools.pdf import PdfFileReader, PdfFileWriter, PdfReadError
  File "C:\Users\branm\odoo19\odoo\tools\pdf\__init__.py", line 33, in <module>
    import PyPDF2.filters  # needed after PyPDF2 2.0.0 and before 2.11.0
  File "C:\Users\branm\AppData\Roaming\Python\Python313\site-packages\PyPDF2\__init__.py", line 21, in <module>
    warnings.warn(
 
2025-10-24 04:28:29,533 44180 INFO odoo_db odoo.modules.loading: Initializing database odoo_db 
2025-10-24 04:28:32,904 44180 INFO odoo_db odoo.modules.loading: loading 1 modules... 
2025-10-24 04:28:32,904 44180 INFO odoo_db odoo.modules.loading: Loading module base (1/1) 
2025-10-24 04:28:32,927 44180 INFO odoo_db odoo.registry: module base: creating or updating database tables 
2025-10-24 04:28:33,676 44180 INFO odoo_db odoo.models: Prepare computation of ir.module.module.menus_by_module 
2025-10-24 04:28:33,676 44180 INFO odoo_db odoo.models: Prepare computation of ir.module.module.reports_by_module 
2025-10-24 04:28:33,676 44180 INFO odoo_db odoo.models: Prepare computation of ir.module.module.views_by_module 
2025-10-24 04:28:33,924 44180 INFO odoo_db odoo.models: Prepare computation of res.partner.user_id 
2025-10-24 04:28:33,925 44180 INFO odoo_db odoo.models: Prepare computation of res.partner.commercial_partner_id 
2025-10-24 04:28:33,925 44180 INFO odoo_db odoo.models: Prepare computation of res.partner.complete_name 
2025-10-24 04:28:33,925 44180 INFO odoo_db odoo.models: Prepare computation of res.partner.lang 
2025-10-24 04:28:33,925 44180 INFO odoo_db odoo.models: Prepare computation of res.partner.company_registry 
2025-10-24 04:28:33,925 44180 INFO odoo_db odoo.models: Prepare computation of res.partner.commercial_company_name 
2025-10-24 04:28:33,925 44180 INFO odoo_db odoo.models: Prepare computation of res.partner.properties 
2025-10-24 04:28:33,925 44180 INFO odoo_db odoo.models: Prepare computation of res.partner.partner_share 
2025-10-24 04:28:34,004 44180 INFO odoo_db odoo.models: Prepare computation of res.currency.decimal_places 
2025-10-24 04:28:34,072 44180 INFO odoo_db odoo.models: Prepare computation of res.company.uses_default_logo 
2025-10-24 04:28:34,073 44180 INFO odoo_db odoo.models: Prepare computation of res.company.logo_web 
2025-10-24 04:28:34,079 44180 INFO odoo_db odoo.models: Computing parent_path for table res_company... 
2025-10-24 04:28:34,156 44180 INFO odoo_db odoo.models: Prepare computation of res.users.signature 
2025-10-24 04:28:34,156 44180 INFO odoo_db odoo.models: Prepare computation of res.users.share 
2025-10-24 04:28:36,922 44180 INFO odoo_db odoo.modules.loading: loading base/data/res_bank.xml 
2025-10-24 04:28:36,937 44180 INFO odoo_db odoo.modules.loading: loading base/data/res.lang.csv 
2025-10-24 04:28:37,036 44180 INFO odoo_db odoo.modules.loading: loading base/data/res_lang_data.xml 
2025-10-24 04:28:37,117 44180 INFO odoo_db odoo.modules.loading: loading base/data/res_partner_data.xml 
2025-10-24 04:28:37,233 44180 INFO odoo_db odoo.modules.loading: loading base/data/res_currency_data.xml 
2025-10-24 04:28:38,493 44180 INFO odoo_db odoo.modules.loading: loading base/data/res_company_data.xml 
2025-10-24 04:28:38,506 44180 INFO odoo_db odoo.modules.loading: loading base/data/res_users_data.xml 
2025-10-24 04:28:39,708 44180 INFO odoo_db odoo.modules.loading: loading base/data/report_paperformat_data.xml 
2025-10-24 04:28:39,726 44180 INFO odoo_db odoo.modules.loading: loading base/data/res_country_data.xml 
2025-10-24 04:28:41,171 44180 INFO odoo_db odoo.modules.loading: loading base/data/ir_demo_data.xml 
2025-10-24 04:28:41,192 44180 INFO odoo_db odoo.modules.loading: loading base/security/base_groups.xml 
2025-10-24 04:28:41,569 44180 INFO odoo_db odoo.modules.loading: loading base/security/base_security.xml 
2025-10-24 04:28:41,975 44180 INFO odoo_db odoo.modules.loading: loading base/wizard/wizard_ir_model_menu_create_views.xml 
2025-10-24 04:28:42,004 44180 INFO odoo_db odoo.modules.loading: loading base/views/base_menus.xml 
2025-10-24 04:28:42,164 44180 INFO odoo_db odoo.modules.loading: loading base/views/decimal_precision_views.xml 
2025-10-24 04:28:42,210 44180 INFO odoo_db odoo.modules.loading: loading base/views/res_config_views.xml 
2025-10-24 04:28:42,226 44180 INFO odoo_db odoo.modules.loading: loading base/data/res.country.state.csv 
2025-10-24 04:28:43,639 44180 INFO odoo_db odoo.modules.loading: loading base/views/ir_actions_views.xml 
2025-10-24 04:28:43,978 44180 INFO odoo_db odoo.modules.loading: loading base/views/ir_asset_views.xml 
2025-10-24 04:28:44,012 44180 INFO odoo_db odoo.modules.loading: loading base/views/ir_config_parameter_views.xml 
2025-10-24 04:28:44,058 44180 INFO odoo_db odoo.modules.loading: loading base/views/ir_cron_views.xml 
2025-10-24 04:28:44,128 44180 INFO odoo_db odoo.modules.loading: loading base/views/ir_cron_trigger_views.xml 
2025-10-24 04:28:44,167 44180 INFO odoo_db odoo.modules.loading: loading base/views/ir_filters_views.xml 
2025-10-24 04:28:44,215 44180 INFO odoo_db odoo.modules.loading: loading base/views/ir_mail_server_views.xml 
2025-10-24 04:28:44,301 44180 INFO odoo_db odoo.modules.loading: loading base/views/ir_model_views.xml 
2025-10-24 04:28:44,702 44180 INFO odoo_db odoo.modules.loading: loading base/views/ir_attachment_views.xml 
2025-10-24 04:28:44,764 44180 INFO odoo_db odoo.modules.loading: loading base/views/ir_rule_views.xml 
2025-10-24 04:28:44,814 44180 INFO odoo_db odoo.modules.loading: loading base/views/ir_sequence_views.xml 
2025-10-24 04:28:44,869 44180 INFO odoo_db odoo.modules.loading: loading base/views/ir_ui_menu_views.xml 
2025-10-24 04:28:44,914 44180 INFO odoo_db odoo.modules.loading: loading base/views/ir_ui_view_views.xml 
2025-10-24 04:28:45,015 44180 INFO odoo_db odoo.modules.loading: loading base/views/ir_default_views.xml 
2025-10-24 04:28:45,063 44180 INFO odoo_db odoo.modules.loading: loading base/data/ir_config_parameter_data.xml 
2025-10-24 04:28:45,070 44180 INFO odoo_db odoo.modules.loading: loading base/data/ir_cron_data.xml 
2025-10-24 04:28:45,103 44180 INFO odoo_db odoo.modules.loading: loading base/report/ir_model_report.xml 
2025-10-24 04:28:45,114 44180 INFO odoo_db odoo.modules.loading: loading base/report/ir_model_templates.xml 
2025-10-24 04:28:45,172 44180 INFO odoo_db odoo.modules.loading: loading base/views/ir_logging_views.xml 
2025-10-24 04:28:45,212 44180 INFO odoo_db odoo.modules.loading: loading base/views/ir_qweb_widget_templates.xml 
2025-10-24 04:28:45,280 44180 INFO odoo_db odoo.modules.loading: loading base/views/ir_module_views.xml 
2025-10-24 04:28:45,416 44180 INFO odoo_db odoo.modules.loading: loading base/data/ir_module_category_data.xml 
2025-10-24 04:28:45,496 44180 INFO odoo_db odoo.modules.loading: loading base/data/ir_module_module.xml 
2025-10-24 04:28:45,600 44180 INFO odoo_db odoo.modules.loading: loading base/report/ir_module_reports.xml 
2025-10-24 04:28:45,607 44180 INFO odoo_db odoo.modules.loading: loading base/report/ir_module_report_templates.xml 
2025-10-24 04:28:45,621 44180 INFO odoo_db odoo.modules.loading: loading base/wizard/base_module_update_views.xml 
2025-10-24 04:28:45,649 44180 INFO odoo_db odoo.modules.loading: loading base/wizard/base_language_install_views.xml 
2025-10-24 04:28:45,670 44180 INFO odoo_db odoo.modules.loading: loading base/wizard/base_import_language_views.xml 
2025-10-24 04:28:45,691 44180 INFO odoo_db odoo.modules.loading: loading base/wizard/base_module_upgrade_views.xml 
2025-10-24 04:28:45,720 44180 INFO odoo_db odoo.modules.loading: loading base/wizard/base_module_uninstall_views.xml 
2025-10-24 04:28:45,733 44180 INFO odoo_db odoo.modules.loading: loading base/wizard/base_export_language_views.xml 
2025-10-24 04:28:45,799 44180 INFO odoo_db odoo.modules.loading: loading base/wizard/base_partner_merge_views.xml 
2025-10-24 04:28:45,862 44180 INFO odoo_db odoo.modules.loading: loading base/data/ir_demo_failure_data.xml 
2025-10-24 04:28:45,886 44180 INFO odoo_db odoo.modules.loading: loading base/views/ir_profile_views.xml 
2025-10-24 04:28:45,924 44180 INFO odoo_db odoo.modules.loading: loading base/views/res_company_views.xml 
2025-10-24 04:28:45,961 44180 INFO odoo_db odoo.modules.loading: loading base/views/res_lang_views.xml 
2025-10-24 04:28:45,999 44180 INFO odoo_db odoo.modules.loading: loading base/views/res_partner_views.xml 
2025-10-24 04:28:46,211 44180 INFO odoo_db odoo.modules.loading: loading base/views/res_bank_views.xml 
2025-10-24 04:28:46,281 44180 INFO odoo_db odoo.modules.loading: loading base/views/res_country_views.xml 
2025-10-24 04:28:46,367 44180 INFO odoo_db odoo.modules.loading: loading base/views/res_currency_views.xml 
2025-10-24 04:28:46,440 44180 INFO odoo_db odoo.modules.loading: loading base/views/res_groups_views.xml 
2025-10-24 04:28:46,527 44180 INFO odoo_db odoo.modules.loading: loading base/views/res_users_views.xml 
2025-10-24 04:28:46,784 44180 INFO odoo_db odoo.modules.loading: loading base/views/res_users_apikeys_views.xml 
2025-10-24 04:28:46,796 44180 INFO odoo_db odoo.modules.loading: loading base/views/res_device_views.xml 
2025-10-24 04:28:46,838 44180 INFO odoo_db odoo.modules.loading: loading base/views/res_users_identitycheck_views.xml 
2025-10-24 04:28:46,853 44180 INFO odoo_db odoo.modules.loading: loading base/views/res_config_settings_views.xml 
2025-10-24 04:28:46,870 44180 INFO odoo_db odoo.modules.loading: loading base/views/report_paperformat_views.xml 
2025-10-24 04:28:46,925 44180 INFO odoo_db odoo.modules.loading: loading base/security/ir.model.access.csv 
2025-10-24 04:28:47,343 44180 INFO odoo_db odoo.modules.loading: Module base loaded in 14.44s, 8373 queries (+8373 other) 
2025-10-24 04:28:47,344 44180 INFO odoo_db odoo.modules.loading: 1 modules loaded in 14.44s, 8373 queries (+8373 extra) 
2025-10-24 04:28:47,349 44180 INFO odoo_db odoo.modules.loading: updating modules list 
2025-10-24 04:28:47,352 44180 INFO odoo_db odoo.addons.base.models.ir_module: ALLOW access to module.update_list on [] to user __system__ #1 via n/a 
2025-10-24 04:28:49,755 44180 INFO odoo_db odoo.modules.loading: loading 14 modules... 
2025-10-24 04:28:49,755 44180 INFO odoo_db odoo.modules.loading: Loading module rpc (2/14) 
2025-10-24 04:28:49,787 44180 INFO odoo_db odoo.modules.loading: Module rpc loaded in 0.03s, 9 queries (+9 other) 
2025-10-24 04:28:49,787 44180 INFO odoo_db odoo.modules.loading: Loading module web (3/14) 
2025-10-24 04:28:49,834 44180 INFO odoo_db odoo.registry: module web: creating or updating database tables 
2025-10-24 04:28:50,993 44180 INFO odoo_db odoo.modules.loading: loading web/security/ir.model.access.csv 
2025-10-24 04:28:51,016 44180 INFO odoo_db odoo.modules.loading: loading web/security/web_security.xml 
2025-10-24 04:28:51,042 44180 INFO odoo_db odoo.modules.loading: loading web/views/webclient_templates.xml 
2025-10-24 04:28:51,138 44180 INFO odoo_db odoo.modules.loading: loading web/views/report_templates.xml 
2025-10-24 04:28:51,598 44180 INFO odoo_db odoo.modules.loading: loading web/views/base_document_layout_views.xml 
2025-10-24 04:28:51,626 44180 INFO odoo_db odoo.modules.loading: loading web/views/partner_view.xml 
2025-10-24 04:28:51,640 44180 INFO odoo_db odoo.modules.loading: loading web/views/speedscope_template.xml 
2025-10-24 04:28:51,650 44180 INFO odoo_db odoo.modules.loading: loading web/views/memory_template.xml 
2025-10-24 04:28:51,711 44180 INFO odoo_db odoo.modules.loading: loading web/views/speedscope_config_wizard.xml 
2025-10-24 04:28:51,769 44180 INFO odoo_db odoo.modules.loading: loading web/views/neutralize_views.xml 
2025-10-24 04:28:51,792 44180 INFO odoo_db odoo.modules.loading: loading web/views/ir_ui_view_views.xml 
2025-10-24 04:28:51,816 44180 INFO odoo_db odoo.modules.loading: loading web/data/ir_attachment.xml 
2025-10-24 04:28:51,829 44180 INFO odoo_db odoo.modules.loading: loading web/data/report_layout.xml 
2025-10-24 04:28:51,931 44180 INFO odoo_db odoo.modules.loading: Module web loaded in 2.14s, 1228 queries (+1228 other) 
2025-10-24 04:28:51,931 44180 INFO odoo_db odoo.modules.loading: Loading module api_doc (4/14) 
2025-10-24 04:28:51,948 44180 INFO odoo_db odoo.registry: module api_doc: creating or updating database tables 
2025-10-24 04:28:51,980 44180 INFO odoo_db odoo.modules.loading: loading api_doc/security/res_groups.xml 
2025-10-24 04:28:52,020 44180 INFO odoo_db odoo.modules.loading: loading api_doc/views/docclient.xml 
2025-10-24 04:28:52,057 44180 INFO odoo_db odoo.modules.loading: Module api_doc loaded in 0.13s, 63 queries (+63 other) 
2025-10-24 04:28:52,057 44180 INFO odoo_db odoo.modules.loading: Loading module auth_totp (5/14) 
2025-10-24 04:28:52,110 44180 INFO odoo_db odoo.registry: module auth_totp: creating or updating database tables 
2025-10-24 04:28:52,268 44180 INFO odoo_db odoo.modules.loading: loading auth_totp/security/security.xml 
2025-10-24 04:28:52,315 44180 INFO odoo_db odoo.modules.loading: loading auth_totp/security/ir.model.access.csv 
2025-10-24 04:28:52,328 44180 INFO odoo_db odoo.modules.loading: loading auth_totp/data/ir_action_data.xml 
2025-10-24 04:28:52,343 44180 INFO odoo_db odoo.modules.loading: loading auth_totp/views/res_users_views.xml 
2025-10-24 04:28:52,401 44180 INFO odoo_db odoo.modules.loading: loading auth_totp/views/templates.xml 
2025-10-24 04:28:52,411 44180 INFO odoo_db odoo.modules.loading: loading auth_totp/wizard/auth_totp_wizard_views.xml 
2025-10-24 04:28:52,450 44180 INFO odoo_db odoo.modules.loading: Module auth_totp loaded in 0.39s, 214 queries (+214 other) 
2025-10-24 04:28:52,450 44180 INFO odoo_db odoo.modules.loading: Loading module base_import (6/14) 
2025-10-24 04:28:52,516 44180 INFO odoo_db odoo.registry: module base_import: creating or updating database tables 
2025-10-24 04:28:53,564 44180 INFO odoo_db odoo.modules.loading: loading base_import/security/ir.model.access.csv 
2025-10-24 04:28:53,600 44180 INFO odoo_db odoo.modules.loading: Module base_import loaded in 1.15s, 956 queries (+956 other) 
2025-10-24 04:28:53,600 44180 INFO odoo_db odoo.modules.loading: Loading module base_import_module (7/14) 
2025-10-24 04:28:53,624 44180 INFO odoo_db odoo.registry: module base_import_module: creating or updating database tables 
2025-10-24 04:28:53,732 44180 INFO odoo_db odoo.modules.loading: loading base_import_module/security/ir.model.access.csv 
2025-10-24 04:28:53,755 44180 INFO odoo_db odoo.modules.loading: loading base_import_module/views/base_import_module_view.xml 
2025-10-24 04:28:53,812 44180 INFO odoo_db odoo.modules.loading: loading base_import_module/views/ir_module_views.xml 
2025-10-24 04:28:53,945 44180 INFO odoo_db odoo.modules.loading: Module base_import_module loaded in 0.35s, 172 queries (+172 other) 
2025-10-24 04:28:53,945 44180 INFO odoo_db odoo.modules.loading: Loading module base_setup (8/14) 
2025-10-24 04:28:53,970 44180 INFO odoo_db odoo.registry: module base_setup: creating or updating database tables 
2025-10-24 04:28:54,110 44180 INFO odoo_db odoo.modules.loading: loading base_setup/data/base_setup_data.xml 
2025-10-24 04:28:54,122 44180 INFO odoo_db odoo.modules.loading: loading base_setup/views/res_config_settings_views.xml 
2025-10-24 04:28:54,239 44180 INFO odoo_db odoo.modules.loading: loading base_setup/views/res_partner_views.xml 
2025-10-24 04:28:54,281 44180 INFO odoo_db odoo.modules.loading: Module base_setup loaded in 0.34s, 152 queries (+152 other) 
2025-10-24 04:28:54,281 44180 INFO odoo_db odoo.modules.loading: Loading module bus (9/14) 
2025-10-24 04:28:54,328 44180 INFO odoo_db odoo.registry: module bus: creating or updating database tables 
2025-10-24 04:28:54,560 44180 INFO odoo_db odoo.modules.loading: loading bus/security/ir.model.access.csv 
2025-10-24 04:28:54,589 44180 INFO odoo_db odoo.modules.loading: Module bus loaded in 0.31s, 152 queries (+152 other) 
2025-10-24 04:28:54,589 44180 INFO odoo_db odoo.modules.loading: Loading module web_tour (10/14) 
2025-10-24 04:28:54,609 44180 INFO odoo_db odoo.registry: module web_tour: creating or updating database tables 
2025-10-24 04:28:54,618 44180 INFO odoo_db odoo.models: Prepare computation of res.users.tour_enabled 
2025-10-24 04:28:54,806 44180 INFO odoo_db odoo.modules.loading: loading web_tour/security/ir.model.access.csv 
2025-10-24 04:28:54,829 44180 INFO odoo_db odoo.modules.loading: loading web_tour/views/tour_views.xml 
2025-10-24 04:28:54,921 44180 INFO odoo_db odoo.modules.loading: Module web_tour loaded in 0.33s, 176 queries (+176 other) 
2025-10-24 04:28:54,921 44180 INFO odoo_db odoo.modules.loading: Loading module auth_passkey (11/14) 
2025-10-24 04:28:54,997 44180 CRITICAL odoo_db odoo.modules.module: Couldn't load module auth_passkey 
2025-10-24 04:28:55,004 44180 WARNING odoo_db odoo.modules.loading: Transient module states were reset 
2025-10-24 04:28:55,006 44180 ERROR odoo_db odoo.registry: Failed to load registry 
2025-10-24 04:28:55,006 44180 CRITICAL odoo_db odoo.service.server: Failed to initialize database `odoo_db`. 
Traceback (most recent call last):
  File "C:\Users\branm\odoo19\odoo\service\server.py", line 1509, in preload_registries
    registry = Registry.new(dbname, update_module=update_module, install_modules=config['init'], upgrade_modules=config['update'], reinit_modules=config['reinit'])
  File "C:\Users\branm\odoo19\odoo\tools\func.py", line 88, in locked
    return func(inst, *args, **kwargs)
  File "C:\Users\branm\odoo19\odoo\orm\registry.py", line 185, in new
    load_modules(
    ~~~~~~~~~~~~^
        registry,
        ^^^^^^^^^
    ...<4 lines>...
        new_db_demo=new_db_demo,
        ^^^^^^^^^^^^^^^^^^^^^^^^
    )
    ^
  File "C:\Users\branm\odoo19\odoo\modules\loading.py", line 449, in load_modules
    load_module_graph(
    ~~~~~~~~~~~~~~~~~^
        env, graph, update_module=update_module,
        ^^^^^^^^^^^^^^^^^^^^^^^^^^^^^^^^^^^^^^^^
        report=report, models_to_check=models_to_check)
        ^^^^^^^^^^^^^^^^^^^^^^^^^^^^^^^^^^^^^^^^^^^^^^^
  File "C:\Users\branm\odoo19\odoo\modules\loading.py", line 169, in load_module_graph
    load_openerp_module(package.name)
    ~~~~~~~~~~~~~~~~~~~^^^^^^^^^^^^^^
  File "C:\Users\branm\odoo19\odoo\modules\module.py", line 505, in load_openerp_module
    __import__(qualname)
    ~~~~~~~~~~^^^^^^^^^^
  File "c:\users\branm\odoo19\addons\auth_passkey\__init__.py", line 1, in <module>
    from . import models
  File "c:\users\branm\odoo19\addons\auth_passkey\models\__init__.py", line 1, in <module>
    from . import auth_passkey_key
  File "c:\users\branm\odoo19\addons\auth_passkey\models\auth_passkey_key.py", line 13, in <module>
    from .._vendor.webauthn import base64url_to_bytes, generate_authentication_options, generate_registration_options, options_to_json, verify_authentication_response, verify_registration_response
  File "c:\users\branm\odoo19\addons\auth_passkey\_vendor\webauthn\__init__.py", line 2, in <module>
    from .registration.verify_registration_response import verify_registration_response
  File "c:\users\branm\odoo19\addons\auth_passkey\_vendor\webauthn\registration\verify_registration_response.py", line 25, in <module>
    from .formats.android_key import verify_android_key
  File "c:\users\branm\odoo19\addons\auth_passkey\_vendor\webauthn\registration\formats\android_key.py", line 22, in <module>
    from ....webauthn.helpers.asn1.android_key import (
    ...<4 lines>...
    )
  File "c:\users\branm\odoo19\addons\auth_passkey\_vendor\webauthn\helpers\asn1\android_key.py", line 3, in <module>
    from asn1crypto.core import (
    ...<7 lines>...
    )
ModuleNotFoundError: No module named 'asn1crypto'
2025-10-24 04:28:55,015 44180 INFO odoo_db odoo.service.server: Initiating shutdown 
2025-10-24 04:28:55,015 44180 INFO odoo_db odoo.service.server: Hit CTRL-C again or send a second signal to force the shutdown. 
2025-10-24 04:28:55,015 44180 INFO odoo_db odoo.sql_db: ConnectionPool(read/write;used=0/count=0/max=64): Closed 1 connections  
2025-10-24 04:32:25,630 40240 WARNING ? odoo.tools.config: option --without-demo: since 19.0, invalid boolean value: 'all', assume True 
2025-10-24 04:32:25,630 40240 WARNING ? odoo.tools.config: missing --http-interface/http_interface, using 0.0.0.0 by default, will change to 127.0.0.1 in 20.0 
2025-10-24 04:32:25,631 40240 INFO ? odoo: Odoo version 19.0 
2025-10-24 04:32:25,631 40240 INFO ? odoo: Using configuration file at c:\users\branm\odoo19\odoo.conf 
2025-10-24 04:32:25,631 40240 INFO ? odoo: addons paths: _NamespacePath(['C:\\Users\\branm\\odoo19\\odoo\\addons', 'C:\\Users\\branm\\AppData\\Local\\OpenERP S.A.\\Odoo\\addons\\19.0', 'c:\\users\\branm\\odoo19\\addons']) 
2025-10-24 04:32:25,631 40240 INFO ? odoo: database: odoo@localhost:5432 
2025-10-24 04:32:25,929 40240 WARNING ? py.warnings: C:\Users\branm\AppData\Roaming\Python\Python313\site-packages\PyPDF2\__init__.py:21: DeprecationWarning: PyPDF2 is deprecated. Please move to the pypdf library instead.
  File "C:\Users\branm\odoo19\odoo-bin", line 6, in <module>
    odoo.cli.main()
  File "C:\Users\branm\odoo19\odoo\cli\command.py", line 133, in main
    command().run(args)
  File "C:\Users\branm\odoo19\odoo\cli\server.py", line 127, in run
    main(args)
  File "C:\Users\branm\odoo19\odoo\cli\server.py", line 118, in main
    rc = server.start(preload=config['db_name'], stop=stop)
  File "C:\Users\branm\odoo19\odoo\service\server.py", line 1545, in start
    load_server_wide_modules()
  File "C:\Users\branm\odoo19\odoo\service\server.py", line 1461, in load_server_wide_modules
    load_openerp_module(m)
  File "C:\Users\branm\odoo19\odoo\modules\module.py", line 505, in load_openerp_module
    __import__(qualname)
  File "C:\Users\branm\odoo19\odoo\addons\base\__init__.py", line 4, in <module>
    from . import models
  File "C:\Users\branm\odoo19\odoo\addons\base\models\__init__.py", line 12, in <module>
    from . import ir_actions_report
  File "C:\Users\branm\odoo19\odoo\addons\base\models\ir_actions_report.py", line 32, in <module>
    from odoo.tools.pdf import PdfFileReader, PdfFileWriter, PdfReadError
  File "C:\Users\branm\odoo19\odoo\tools\pdf\__init__.py", line 33, in <module>
    import PyPDF2.filters  # needed after PyPDF2 2.0.0 and before 2.11.0
  File "C:\Users\branm\AppData\Roaming\Python\Python313\site-packages\PyPDF2\__init__.py", line 21, in <module>
    warnings.warn(
 
2025-10-24 04:32:26,366 40240 INFO odoo_db odoo.modules.loading: loading 1 modules... 
2025-10-24 04:32:26,369 40240 INFO odoo_db odoo.modules.loading: 1 modules loaded in 0.00s, 0 queries (+0 extra) 
2025-10-24 04:32:26,387 40240 INFO odoo_db odoo.modules.loading: updating modules list 
2025-10-24 04:32:26,393 40240 INFO odoo_db odoo.addons.base.models.ir_module: ALLOW access to module.update_list on [] to user __system__ #1 via n/a 
2025-10-24 04:32:28,398 40240 INFO odoo_db odoo.modules.loading: loading 10 modules... 
2025-10-24 04:32:28,475 40240 INFO odoo_db odoo.modules.loading: 10 modules loaded in 0.08s, 0 queries (+0 extra) 
2025-10-24 04:32:28,777 40240 INFO odoo_db odoo.modules.loading: Modules loaded. 
2025-10-24 04:32:28,788 40240 INFO odoo_db odoo.registry: Registry changed, signaling through the database 
2025-10-24 04:32:28,791 40240 INFO odoo_db odoo.registry: Registry loaded in 2.498s 
2025-10-24 04:32:28,791 40240 INFO odoo_db odoo.service.server: Initiating shutdown 
2025-10-24 04:32:28,791 40240 INFO odoo_db odoo.service.server: Hit CTRL-C again or send a second signal to force the shutdown. 
2025-10-24 04:32:28,792 40240 INFO odoo_db odoo.sql_db: ConnectionPool(read/write;used=0/count=0/max=64): Closed 1 connections  
2025-10-24 04:40:09,900 20696 INFO ? odoo: Odoo version 19.0 
2025-10-24 04:40:09,901 20696 INFO ? odoo: Using configuration file at c:\users\branm\odoo19\odoo.conf 
2025-10-24 04:40:09,901 20696 INFO ? odoo: addons paths: _NamespacePath(['C:\\Users\\branm\\odoo19\\odoo\\addons', 'C:\\Users\\branm\\AppData\\Local\\OpenERP S.A.\\Odoo\\addons\\19.0', 'c:\\users\\branm\\odoo19\\addons']) 
2025-10-24 04:40:09,901 20696 INFO ? odoo: database: odoo@localhost:5432 
2025-10-24 04:40:10,156 20696 WARNING ? py.warnings: C:\Users\branm\AppData\Roaming\Python\Python313\site-packages\PyPDF2\__init__.py:21: DeprecationWarning: PyPDF2 is deprecated. Please move to the pypdf library instead.
  File "C:\Users\branm\odoo19\odoo-bin", line 6, in <module>
    odoo.cli.main()
  File "C:\Users\branm\odoo19\odoo\cli\command.py", line 133, in main
    command().run(args)
  File "C:\Users\branm\odoo19\odoo\cli\shell.py", line 154, in run
    self.init(args)
  File "C:\Users\branm\odoo19\odoo\cli\shell.py", line 76, in init
    server.start(preload=[], stop=True)
  File "C:\Users\branm\odoo19\odoo\service\server.py", line 1545, in start
    load_server_wide_modules()
  File "C:\Users\branm\odoo19\odoo\service\server.py", line 1461, in load_server_wide_modules
    load_openerp_module(m)
  File "C:\Users\branm\odoo19\odoo\modules\module.py", line 505, in load_openerp_module
    __import__(qualname)
  File "C:\Users\branm\odoo19\odoo\addons\base\__init__.py", line 4, in <module>
    from . import models
  File "C:\Users\branm\odoo19\odoo\addons\base\models\__init__.py", line 12, in <module>
    from . import ir_actions_report
  File "C:\Users\branm\odoo19\odoo\addons\base\models\ir_actions_report.py", line 32, in <module>
    from odoo.tools.pdf import PdfFileReader, PdfFileWriter, PdfReadError
  File "C:\Users\branm\odoo19\odoo\tools\pdf\__init__.py", line 33, in <module>
    import PyPDF2.filters  # needed after PyPDF2 2.0.0 and before 2.11.0
  File "C:\Users\branm\AppData\Roaming\Python\Python313\site-packages\PyPDF2\__init__.py", line 21, in <module>
    warnings.warn(
 
2025-10-24 04:40:10,607 20696 INFO ? odoo.service.server: Initiating shutdown 
2025-10-24 04:40:10,607 20696 INFO ? odoo.service.server: Hit CTRL-C again or send a second signal to force the shutdown. 
2025-10-24 04:40:10,705 20696 INFO odoo_db odoo.modules.loading: loading 1 modules... 
2025-10-24 04:40:10,710 20696 INFO odoo_db odoo.modules.loading: 1 modules loaded in 0.00s, 0 queries (+0 extra) 
2025-10-24 04:40:10,719 20696 INFO odoo_db odoo.modules.loading: loading 10 modules... 
2025-10-24 04:40:10,789 20696 INFO odoo_db odoo.modules.loading: 10 modules loaded in 0.07s, 0 queries (+0 extra) 
2025-10-24 04:40:10,823 20696 INFO odoo_db odoo.modules.loading: Modules loaded. 
2025-10-24 04:40:10,839 20696 INFO odoo_db odoo.registry: Registry loaded in 0.232s 
2025-10-24 04:44:28,600 41492 WARNING ? odoo.tools.config: missing --http-interface/http_interface, using 0.0.0.0 by default, will change to 127.0.0.1 in 20.0 
2025-10-24 06:05:09,598 29804 WARNING ? odoo.tools.config: missing --http-interface/http_interface, using 0.0.0.0 by default, will change to 127.0.0.1 in 20.0 
2025-10-24 06:05:09,599 29804 INFO ? odoo: Odoo version 19.0 
2025-10-24 06:05:09,599 29804 INFO ? odoo: Using configuration file at c:\users\branm\odoo19\odoo.conf 
2025-10-24 06:05:09,599 29804 INFO ? odoo: addons paths: _NamespacePath(['C:\\Users\\branm\\odoo19\\odoo\\addons', 'C:\\Users\\branm\\AppData\\Local\\OpenERP S.A.\\Odoo\\addons\\19.0', 'c:\\users\\branm\\odoo19\\addons']) 
2025-10-24 06:05:09,600 29804 INFO ? odoo: database: odoo@localhost:5432 
2025-10-24 06:06:41,548 40432 WARNING ? odoo.tools.config: missing --http-interface/http_interface, using 0.0.0.0 by default, will change to 127.0.0.1 in 20.0 
2025-10-24 06:06:41,549 40432 INFO ? odoo: Odoo version 19.0 
2025-10-24 06:06:41,550 40432 INFO ? odoo: Using configuration file at c:\users\branm\odoo19\odoo.conf 
2025-10-24 06:06:41,550 40432 INFO ? odoo: addons paths: _NamespacePath(['C:\\Users\\branm\\odoo19\\odoo\\addons', 'C:\\Users\\branm\\AppData\\Local\\OpenERP S.A.\\Odoo\\addons\\19.0', 'c:\\users\\branm\\odoo19\\addons']) 
2025-10-24 06:06:41,550 40432 INFO ? odoo: database: odoo@localhost:5432 
2025-10-24 06:08:12,721 34936 WARNING ? odoo.tools.config: missing --http-interface/http_interface, using 0.0.0.0 by default, will change to 127.0.0.1 in 20.0 
2025-10-24 06:08:12,721 34936 INFO ? odoo: Odoo version 19.0 
2025-10-24 06:08:12,721 34936 INFO ? odoo: Using configuration file at c:\users\branm\odoo19\odoo.conf 
2025-10-24 06:08:12,722 34936 INFO ? odoo: addons paths: _NamespacePath(['C:\\Users\\branm\\odoo19\\odoo\\addons', 'C:\\Users\\branm\\AppData\\Local\\OpenERP S.A.\\Odoo\\addons\\19.0', 'c:\\users\\branm\\odoo19\\addons']) 
2025-10-24 06:08:12,722 34936 INFO ? odoo: database: odoo@localhost:5432 
2025-10-24 06:08:13,382 34936 WARNING ? py.warnings: C:\Users\branm\AppData\Roaming\Python\Python313\site-packages\PyPDF2\__init__.py:21: DeprecationWarning: PyPDF2 is deprecated. Please move to the pypdf library instead.
  File "C:\Users\branm\odoo19\odoo-bin", line 6, in <module>
    odoo.cli.main()
  File "C:\Users\branm\odoo19\odoo\cli\command.py", line 133, in main
    command().run(args)
  File "C:\Users\branm\odoo19\odoo\cli\server.py", line 127, in run
    main(args)
  File "C:\Users\branm\odoo19\odoo\cli\server.py", line 118, in main
    rc = server.start(preload=config['db_name'], stop=stop)
  File "C:\Users\branm\odoo19\odoo\service\server.py", line 1545, in start
    load_server_wide_modules()
  File "C:\Users\branm\odoo19\odoo\service\server.py", line 1461, in load_server_wide_modules
    load_openerp_module(m)
  File "C:\Users\branm\odoo19\odoo\modules\module.py", line 505, in load_openerp_module
    __import__(qualname)
  File "C:\Users\branm\odoo19\odoo\addons\base\__init__.py", line 4, in <module>
    from . import models
  File "C:\Users\branm\odoo19\odoo\addons\base\models\__init__.py", line 12, in <module>
    from . import ir_actions_report
  File "C:\Users\branm\odoo19\odoo\addons\base\models\ir_actions_report.py", line 32, in <module>
    from odoo.tools.pdf import PdfFileReader, PdfFileWriter, PdfReadError
  File "C:\Users\branm\odoo19\odoo\tools\pdf\__init__.py", line 33, in <module>
    import PyPDF2.filters  # needed after PyPDF2 2.0.0 and before 2.11.0
  File "C:\Users\branm\AppData\Roaming\Python\Python313\site-packages\PyPDF2\__init__.py", line 21, in <module>
    warnings.warn(
 
2025-10-24 06:08:14,483 34936 INFO ? odoo.service.server: HTTP service (werkzeug) running on Renbran:8069 
2025-10-24 06:41:14,523 34936 WARNING ? odoo.service.server: Thread <Thread(odoo.service.http.request.35884, started 35884)> virtual real time limit (151/120s) reached. 
2025-10-24 06:41:14,536 34936 INFO ? odoo.service.server: Dumping stacktrace of limit exceeding threads before reloading 
2025-10-24 06:41:14,936 34936 INFO ? odoo.tools.misc: 
# Thread: <Thread(odoo.service.http.request.35884, started 35884)> (db:n/a) (uid:n/a) (url:n/a) (qc:0 qt:0.000 pt:151.897)
File: "C:\Program Files\Python313\Lib\threading.py", line 1012, in _bootstrap
  self._bootstrap_inner()
File: "C:\Program Files\Python313\Lib\threading.py", line 1041, in _bootstrap_inner
  self.run()
File: "C:\Program Files\Python313\Lib\threading.py", line 992, in run
  self._target(*self._args, **self._kwargs)
File: "C:\Program Files\Python313\Lib\socketserver.py", line 697, in process_request_thread
  self.finish_request(request, client_address)
File: "C:\Program Files\Python313\Lib\socketserver.py", line 362, in finish_request
  self.RequestHandlerClass(request, client_address, self)
File: "C:\Program Files\Python313\Lib\socketserver.py", line 766, in __init__
  self.handle()
File: "C:\Users\branm\AppData\Roaming\Python\Python313\site-packages\werkzeug\serving.py", line 398, in handle
  super().handle()
File: "C:\Program Files\Python313\Lib\http\server.py", line 436, in handle
  self.handle_one_request()
File: "C:\Program Files\Python313\Lib\http\server.py", line 424, in handle_one_request
  method()
File: "C:\Users\branm\AppData\Roaming\Python\Python313\site-packages\werkzeug\serving.py", line 370, in run_wsgi
  execute(self.server.app)
File: "C:\Users\branm\AppData\Roaming\Python\Python313\site-packages\werkzeug\serving.py", line 331, in execute
  application_iter = app(environ, start_response)
File: "C:\Users\branm\odoo19\odoo\http.py", line 2777, in __call__
  request._post_init()
File: "C:\Users\branm\odoo19\odoo\http.py", line 1761, in _post_init
  self.session, self.db = self._get_session_and_dbname()
File: "C:\Users\branm\odoo19\odoo\http.py", line 1791, in _get_session_and_dbname
  all_dbs = db_list(force=True, host=host)
File: "C:\Users\branm\odoo19\odoo\http.py", line 373, in db_list
  dbs = odoo.service.db.list_dbs(force)
File: "C:\Users\branm\odoo19\odoo\service\db.py", line 447, in list_dbs
  with closing(db.cursor()) as cr:
File: "C:\Users\branm\odoo19\odoo\sql_db.py", line 756, in cursor
  return Cursor(self.__pool, self.__dbname, self.__dsn)
File: "C:\Users\branm\odoo19\odoo\sql_db.py", line 358, in __init__
  self._cnx: PsycoConnection = pool.borrow(dsn)
File: "C:\Users\branm\odoo19\odoo\tools\func.py", line 87, in locked
  with getattr(inst, lock_attr): 
2025-10-25 21:44:07,337 26388 WARNING ? odoo.tools.config: missing --http-interface/http_interface, using 0.0.0.0 by default, will change to 127.0.0.1 in 20.0 
2025-10-25 21:44:07,338 26388 INFO ? odoo: Odoo version 19.0 
2025-10-25 21:44:07,338 26388 INFO ? odoo: Using configuration file at d:\odoo19\odoo.conf 
2025-10-25 21:44:07,338 26388 INFO ? odoo: addons paths: _NamespacePath(['D:\\odoo19\\odoo\\addons', 'C:\\Users\\branm\\AppData\\Local\\OpenERP S.A.\\Odoo\\addons\\19.0', 'd:\\odoo19\\addons']) 
2025-10-25 21:44:07,338 26388 INFO ? odoo: database: odoo@localhost:5432 
2025-10-25 21:44:07,723 26388 WARNING ? py.warnings: C:\Users\branm\AppData\Roaming\Python\Python313\site-packages\PyPDF2\__init__.py:21: DeprecationWarning: PyPDF2 is deprecated. Please move to the pypdf library instead.
  File "D:\odoo19\odoo-bin", line 6, in <module>
    odoo.cli.main()
  File "D:\odoo19\odoo\cli\command.py", line 133, in main
    command().run(args)
  File "D:\odoo19\odoo\cli\server.py", line 127, in run
    main(args)
  File "D:\odoo19\odoo\cli\server.py", line 118, in main
    rc = server.start(preload=config['db_name'], stop=stop)
  File "D:\odoo19\odoo\service\server.py", line 1545, in start
    load_server_wide_modules()
  File "D:\odoo19\odoo\service\server.py", line 1461, in load_server_wide_modules
    load_openerp_module(m)
  File "D:\odoo19\odoo\modules\module.py", line 505, in load_openerp_module
    __import__(qualname)
  File "D:\odoo19\odoo\addons\base\__init__.py", line 4, in <module>
    from . import models
  File "D:\odoo19\odoo\addons\base\models\__init__.py", line 12, in <module>
    from . import ir_actions_report
  File "D:\odoo19\odoo\addons\base\models\ir_actions_report.py", line 32, in <module>
    from odoo.tools.pdf import PdfFileReader, PdfFileWriter, PdfReadError
  File "D:\odoo19\odoo\tools\pdf\__init__.py", line 33, in <module>
    import PyPDF2.filters  # needed after PyPDF2 2.0.0 and before 2.11.0
  File "C:\Users\branm\AppData\Roaming\Python\Python313\site-packages\PyPDF2\__init__.py", line 21, in <module>
    warnings.warn(
 
2025-10-25 21:44:08,776 26388 INFO ? odoo.service.server: HTTP service (werkzeug) running on Renbran:8069 
2025-10-25 21:44:12,866 26388 INFO ? odoo.sql_db: Connection to the database failed 
2025-10-25 21:44:16,930 26388 INFO ? odoo.sql_db: Connection to the database failed 
2025-10-25 22:36:44,971 35644 WARNING ? odoo.tools.config: missing --http-interface/http_interface, using 0.0.0.0 by default, will change to 127.0.0.1 in 20.0 
2025-10-25 22:36:44,972 35644 INFO ? odoo: Odoo version 19.0 
2025-10-25 22:36:44,972 35644 INFO ? odoo: Using configuration file at d:\odoo19\odoo.conf 
2025-10-25 22:36:44,972 35644 INFO ? odoo: addons paths: _NamespacePath(['D:\\odoo19\\odoo\\addons', 'C:\\Users\\branm\\AppData\\Local\\OpenERP S.A.\\Odoo\\addons\\19.0', 'd:\\odoo19\\addons']) 
2025-10-25 22:36:44,972 35644 INFO ? odoo: database: odoo@localhost:5432 
2025-10-25 22:36:45,212 35644 WARNING ? py.warnings: C:\Users\branm\AppData\Roaming\Python\Python313\site-packages\PyPDF2\__init__.py:21: DeprecationWarning: PyPDF2 is deprecated. Please move to the pypdf library instead.
  File "D:\odoo19\odoo-bin", line 6, in <module>
    odoo.cli.main()
  File "D:\odoo19\odoo\cli\command.py", line 133, in main
    command().run(args)
  File "D:\odoo19\odoo\cli\server.py", line 127, in run
    main(args)
  File "D:\odoo19\odoo\cli\server.py", line 118, in main
    rc = server.start(preload=config['db_name'], stop=stop)
  File "D:\odoo19\odoo\service\server.py", line 1545, in start
    load_server_wide_modules()
  File "D:\odoo19\odoo\service\server.py", line 1461, in load_server_wide_modules
    load_openerp_module(m)
  File "D:\odoo19\odoo\modules\module.py", line 505, in load_openerp_module
    __import__(qualname)
  File "D:\odoo19\odoo\addons\base\__init__.py", line 4, in <module>
    from . import models
  File "D:\odoo19\odoo\addons\base\models\__init__.py", line 12, in <module>
    from . import ir_actions_report
  File "D:\odoo19\odoo\addons\base\models\ir_actions_report.py", line 32, in <module>
    from odoo.tools.pdf import PdfFileReader, PdfFileWriter, PdfReadError
  File "D:\odoo19\odoo\tools\pdf\__init__.py", line 33, in <module>
    import PyPDF2.filters  # needed after PyPDF2 2.0.0 and before 2.11.0
  File "C:\Users\branm\AppData\Roaming\Python\Python313\site-packages\PyPDF2\__init__.py", line 21, in <module>
    warnings.warn(
 
2025-10-25 22:36:45,622 35644 INFO ? odoo.service.server: HTTP service (werkzeug) running on Renbran:8069 
2025-10-25 22:50:04,206 35644 INFO ? werkzeug: 127.0.0.1 - - [25/Oct/2025 22:50:04] "GET / HTTP/1.1" 303 - 1 0.003 0.079
2025-10-25 22:50:04,414 35644 INFO ? werkzeug: 127.0.0.1 - - [25/Oct/2025 22:50:04] "GET /odoo HTTP/1.1" 303 - 2 0.005 0.050
2025-10-25 22:50:05,408 35644 INFO ? werkzeug: 127.0.0.1 - - [25/Oct/2025 22:50:05] "GET /web/database/selector HTTP/1.1" 200 - 2 0.007 0.678
2025-10-25 22:50:05,470 35644 INFO ? werkzeug: 127.0.0.1 - - [25/Oct/2025 22:50:05] "GET /web/static/src/libs/fontawesome/css/font-awesome.css HTTP/1.1" 200 - 1 0.004 0.042
2025-10-25 22:50:05,917 35644 INFO ? werkzeug: 127.0.0.1 - - [25/Oct/2025 22:50:05] "GET /web/static/lib/bootstrap/dist/css/bootstrap.css HTTP/1.1" 200 - 1 0.003 0.182
2025-10-25 22:50:05,961 35644 INFO ? werkzeug: 127.0.0.1 - - [25/Oct/2025 22:50:05] "GET /web/static/lib/bootstrap/js/dist/dom/data.js HTTP/1.1" 200 - 1 0.003 0.224
2025-10-25 22:50:05,961 35644 INFO ? werkzeug: 127.0.0.1 - - [25/Oct/2025 22:50:05] "GET /web/static/lib/bootstrap/js/dist/dom/manipulator.js HTTP/1.1" 200 - 1 0.003 0.222
2025-10-25 22:50:05,961 35644 INFO ? werkzeug: 127.0.0.1 - - [25/Oct/2025 22:50:05] "GET /web/static/lib/bootstrap/js/dist/dom/selector-engine.js HTTP/1.1" 200 - 1 0.003 0.182
2025-10-25 22:50:05,963 35644 INFO ? werkzeug: 127.0.0.1 - - [25/Oct/2025 22:50:05] "GET /web/static/lib/bootstrap/js/dist/dom/event-handler.js HTTP/1.1" 200 - 1 0.002 0.225
2025-10-25 22:50:05,971 35644 INFO ? werkzeug: 127.0.0.1 - - [25/Oct/2025 22:50:05] "GET /web/static/lib/bootstrap/js/dist/util/index.js HTTP/1.1" 200 - 1 0.003 0.234
2025-10-25 22:50:06,269 35644 INFO ? werkzeug: 127.0.0.1 - - [25/Oct/2025 22:50:06] "GET /web/static/lib/bootstrap/js/dist/util/config.js HTTP/1.1" 200 - 1 0.002 0.039
2025-10-25 22:50:06,437 35644 INFO ? werkzeug: 127.0.0.1 - - [25/Oct/2025 22:50:06] "GET /web/static/lib/bootstrap/js/dist/base-component.js HTTP/1.1" 200 - 1 0.002 0.161
2025-10-25 22:50:06,451 35644 INFO ? werkzeug: 127.0.0.1 - - [25/Oct/2025 22:50:06] "GET /web/static/lib/bootstrap/js/dist/util/focustrap.js HTTP/1.1" 200 - 1 0.004 0.182
2025-10-25 22:50:06,451 35644 INFO ? werkzeug: 127.0.0.1 - - [25/Oct/2025 22:50:06] "GET /web/static/lib/bootstrap/js/dist/util/scrollbar.js HTTP/1.1" 200 - 1 0.003 0.179
2025-10-25 22:50:06,451 35644 INFO ? werkzeug: 127.0.0.1 - - [25/Oct/2025 22:50:06] "GET /web/static/lib/bootstrap/js/dist/util/component-functions.js HTTP/1.1" 200 - 1 0.004 0.183
2025-10-25 22:50:06,454 35644 INFO ? werkzeug: 127.0.0.1 - - [25/Oct/2025 22:50:06] "GET /web/static/lib/bootstrap/js/dist/util/backdrop.js HTTP/1.1" 200 - 1 0.004 0.186
2025-10-25 22:50:06,628 35644 INFO ? werkzeug: 127.0.0.1 - - [25/Oct/2025 22:50:06] "GET /web/static/lib/bootstrap/js/dist/modal.js HTTP/1.1" 200 - 1 0.005 0.050
2025-10-25 22:50:06,830 35644 INFO ? werkzeug: 127.0.0.1 - - [25/Oct/2025 22:50:06] "GET /web/static/img/logo2.png HTTP/1.1" 200 - 1 0.004 0.066
2025-10-25 22:50:06,838 35644 INFO ? werkzeug: 127.0.0.1 - - [25/Oct/2025 22:50:06] "GET /web/static/src/public/database_manager.js HTTP/1.1" 200 - 1 0.004 0.089
2025-10-25 22:50:07,296 35644 INFO ? werkzeug: 127.0.0.1 - - [25/Oct/2025 22:50:07] "GET /web/static/src/libs/fontawesome/fonts/fontawesome-webfont.woff2?v=4.7.0 HTTP/1.1" 200 - 1 0.004 0.034
2025-10-25 22:50:37,720 35644 ERROR None odoo.addons.web.controllers.database: Database creation error. 
Traceback (most recent call last):
  File "d:\odoo19\addons\web\controllers\database.py", line 81, in create
    dispatch_rpc('db', 'create_database', [master_pwd, name, bool(post.get('demo')), lang, password, post['login'], country_code, post['phone']])
    ~~~~~~~~~~~~^^^^^^^^^^^^^^^^^^^^^^^^^^^^^^^^^^^^^^^^^^^^^^^^^^^^^^^^^^^^^^^^^^^^^^^^^^^^^^^^^^^^^^^^^^^^^^^^^^^^^^^^^^^^^^^^^^^^^^^^^^^^^^^^^
  File "D:\odoo19\odoo\http.py", line 439, in dispatch_rpc
    return dispatch(method, params)
  File "D:\odoo19\odoo\service\db.py", line 518, in dispatch
    check_super(passwd)
    ~~~~~~~~~~~^^^^^^^^
  File "D:\odoo19\odoo\service\db.py", line 63, in check_super
    raise odoo.exceptions.AccessDenied()
odoo.exceptions.AccessDenied: Access Denied
2025-10-25 22:50:38,221 35644 INFO None werkzeug: 127.0.0.1 - - [25/Oct/2025 22:50:38] "POST /web/database/create HTTP/1.1" 200 - 2 0.006 1.467
2025-10-25 22:57:26,522 37520 WARNING ? odoo.tools.config: missing --http-interface/http_interface, using 0.0.0.0 by default, will change to 127.0.0.1 in 20.0 
2025-10-25 22:57:26,523 37520 INFO ? odoo: Odoo version 19.0 
2025-10-25 22:57:26,523 37520 INFO ? odoo: Using configuration file at d:\odoo19\odoo.conf 
2025-10-25 22:57:26,523 37520 INFO ? odoo: addons paths: _NamespacePath(['D:\\odoo19\\odoo\\addons', 'C:\\Users\\branm\\AppData\\Local\\OpenERP S.A.\\Odoo\\addons\\19.0', 'd:\\odoo19\\addons']) 
2025-10-25 22:57:26,524 37520 INFO ? odoo: database: odoo@localhost:5432 
2025-10-25 22:57:26,740 37520 WARNING ? py.warnings: C:\Users\branm\AppData\Roaming\Python\Python313\site-packages\PyPDF2\__init__.py:21: DeprecationWarning: PyPDF2 is deprecated. Please move to the pypdf library instead.
  File "D:\odoo19\odoo-bin", line 6, in <module>
    odoo.cli.main()
  File "D:\odoo19\odoo\cli\command.py", line 133, in main
    command().run(args)
  File "D:\odoo19\odoo\cli\server.py", line 127, in run
    main(args)
  File "D:\odoo19\odoo\cli\server.py", line 118, in main
    rc = server.start(preload=config['db_name'], stop=stop)
  File "D:\odoo19\odoo\service\server.py", line 1545, in start
    load_server_wide_modules()
  File "D:\odoo19\odoo\service\server.py", line 1461, in load_server_wide_modules
    load_openerp_module(m)
  File "D:\odoo19\odoo\modules\module.py", line 505, in load_openerp_module
    __import__(qualname)
  File "D:\odoo19\odoo\addons\base\__init__.py", line 4, in <module>
    from . import models
  File "D:\odoo19\odoo\addons\base\models\__init__.py", line 12, in <module>
    from . import ir_actions_report
  File "D:\odoo19\odoo\addons\base\models\ir_actions_report.py", line 32, in <module>
    from odoo.tools.pdf import PdfFileReader, PdfFileWriter, PdfReadError
  File "D:\odoo19\odoo\tools\pdf\__init__.py", line 33, in <module>
    import PyPDF2.filters  # needed after PyPDF2 2.0.0 and before 2.11.0
  File "C:\Users\branm\AppData\Roaming\Python\Python313\site-packages\PyPDF2\__init__.py", line 21, in <module>
    warnings.warn(
 
2025-10-25 22:57:27,114 37520 INFO ? odoo.service.server: HTTP service (werkzeug) running on Renbran:8069 
2025-10-25 23:00:05,565 37520 INFO ? werkzeug: 127.0.0.1 - - [25/Oct/2025 23:00:05] "GET / HTTP/1.1" 303 - 1 0.016 0.075
2025-10-25 23:00:05,642 37520 INFO ? werkzeug: 127.0.0.1 - - [25/Oct/2025 23:00:05] "GET /odoo HTTP/1.1" 303 - 2 0.007 0.063
2025-10-25 23:00:05,861 37520 INFO ? werkzeug: 127.0.0.1 - - [25/Oct/2025 23:00:05] "GET /web/database/selector HTTP/1.1" 200 - 2 0.008 0.122
2025-10-25 23:00:06,364 37520 INFO ? werkzeug: 127.0.0.1 - - [25/Oct/2025 23:00:06] "GET /web/static/lib/bootstrap/js/dist/util/index.js HTTP/1.1" 200 - 1 0.003 0.161
2025-10-25 23:00:06,365 37520 INFO ? werkzeug: 127.0.0.1 - - [25/Oct/2025 23:00:06] "GET /web/static/lib/bootstrap/dist/css/bootstrap.css HTTP/1.1" 200 - 1 0.003 0.163
2025-10-25 23:00:06,365 37520 INFO ? werkzeug: 127.0.0.1 - - [25/Oct/2025 23:00:06] "GET /web/static/lib/bootstrap/js/dist/dom/data.js HTTP/1.1" 200 - 1 0.003 0.162
2025-10-25 23:00:06,365 37520 INFO ? werkzeug: 127.0.0.1 - - [25/Oct/2025 23:00:06] "GET /web/static/lib/bootstrap/js/dist/dom/manipulator.js HTTP/1.1" 200 - 1 0.002 0.161
2025-10-25 23:00:06,366 37520 INFO ? werkzeug: 127.0.0.1 - - [25/Oct/2025 23:00:06] "GET /web/static/lib/bootstrap/js/dist/dom/event-handler.js HTTP/1.1" 200 - 1 0.003 0.161
2025-10-25 23:00:06,366 37520 INFO ? werkzeug: 127.0.0.1 - - [25/Oct/2025 23:00:06] "GET /web/static/src/libs/fontawesome/css/font-awesome.css HTTP/1.1" 200 - 1 0.002 0.164
2025-10-25 23:00:06,818 37520 INFO ? werkzeug: 127.0.0.1 - - [25/Oct/2025 23:00:06] "GET /web/static/lib/bootstrap/js/dist/dom/selector-engine.js HTTP/1.1" 200 - 1 0.002 0.147
2025-10-25 23:00:06,818 37520 INFO ? werkzeug: 127.0.0.1 - - [25/Oct/2025 23:00:06] "GET /web/static/lib/bootstrap/js/dist/util/config.js HTTP/1.1" 200 - 1 0.002 0.146
2025-10-25 23:00:06,819 37520 INFO ? werkzeug: 127.0.0.1 - - [25/Oct/2025 23:00:06] "GET /web/static/lib/bootstrap/js/dist/util/component-functions.js HTTP/1.1" 200 - 1 0.002 0.146
2025-10-25 23:00:06,820 37520 INFO ? werkzeug: 127.0.0.1 - - [25/Oct/2025 23:00:06] "GET /web/static/lib/bootstrap/js/dist/util/focustrap.js HTTP/1.1" 200 - 1 0.003 0.146
2025-10-25 23:00:06,820 37520 INFO ? werkzeug: 127.0.0.1 - - [25/Oct/2025 23:00:06] "GET /web/static/lib/bootstrap/js/dist/util/backdrop.js HTTP/1.1" 200 - 1 0.003 0.146
2025-10-25 23:00:06,824 37520 INFO ? werkzeug: 127.0.0.1 - - [25/Oct/2025 23:00:06] "GET /web/static/lib/bootstrap/js/dist/util/scrollbar.js HTTP/1.1" 200 - 1 0.004 0.148
2025-10-25 23:00:07,237 37520 INFO ? werkzeug: 127.0.0.1 - - [25/Oct/2025 23:00:07] "GET /web/static/lib/bootstrap/js/dist/modal.js HTTP/1.1" 200 - 1 0.003 0.097
2025-10-25 23:00:07,238 37520 INFO ? werkzeug: 127.0.0.1 - - [25/Oct/2025 23:00:07] "GET /web/static/img/logo2.png HTTP/1.1" 200 - 1 0.002 0.097
2025-10-25 23:00:07,239 37520 INFO ? werkzeug: 127.0.0.1 - - [25/Oct/2025 23:00:07] "GET /web/static/lib/bootstrap/js/dist/base-component.js HTTP/1.1" 200 - 1 0.002 0.100
2025-10-25 23:00:07,241 37520 INFO ? werkzeug: 127.0.0.1 - - [25/Oct/2025 23:00:07] "GET /web/static/src/public/database_manager.js HTTP/1.1" 200 - 1 0.002 0.100
2025-10-25 23:00:07,695 37520 INFO ? werkzeug: 127.0.0.1 - - [25/Oct/2025 23:00:07] "GET /web/static/src/libs/fontawesome/fonts/fontawesome-webfont.woff2?v=4.7.0 HTTP/1.1" 200 - 1 0.003 0.038
2025-10-25 23:00:34,401 37520 INFO None odoo.service.db: Create database `scholarixglobal`. 
2025-10-25 23:00:34,750 37520 INFO None odoo.modules.loading: Initializing database scholarixglobal 
2025-10-25 23:00:43,514 37520 INFO None odoo.modules.loading: loading 1 modules... 
2025-10-25 23:00:43,514 37520 INFO None odoo.modules.loading: Loading module base (1/1) 
2025-10-25 23:00:43,559 37520 INFO None odoo.registry: module base: creating or updating database tables 
2025-10-25 23:00:43,959 37520 INFO None odoo.models: Prepare computation of ir.module.module.menus_by_module 
2025-10-25 23:00:43,959 37520 INFO None odoo.models: Prepare computation of ir.module.module.reports_by_module 
2025-10-25 23:00:43,960 37520 INFO None odoo.models: Prepare computation of ir.module.module.views_by_module 
2025-10-25 23:00:44,071 37520 INFO None odoo.models: Prepare computation of res.partner.user_id 
2025-10-25 23:00:44,071 37520 INFO None odoo.models: Prepare computation of res.partner.commercial_partner_id 
2025-10-25 23:00:44,071 37520 INFO None odoo.models: Prepare computation of res.partner.complete_name 
2025-10-25 23:00:44,071 37520 INFO None odoo.models: Prepare computation of res.partner.lang 
2025-10-25 23:00:44,071 37520 INFO None odoo.models: Prepare computation of res.partner.company_registry 
2025-10-25 23:00:44,071 37520 INFO None odoo.models: Prepare computation of res.partner.commercial_company_name 
2025-10-25 23:00:44,071 37520 INFO None odoo.models: Prepare computation of res.partner.properties 
2025-10-25 23:00:44,071 37520 INFO None odoo.models: Prepare computation of res.partner.partner_share 
2025-10-25 23:00:44,117 37520 INFO None odoo.models: Prepare computation of res.currency.decimal_places 
2025-10-25 23:00:44,144 37520 INFO None odoo.models: Prepare computation of res.company.uses_default_logo 
2025-10-25 23:00:44,144 37520 INFO None odoo.models: Prepare computation of res.company.logo_web 
2025-10-25 23:00:44,146 37520 INFO None odoo.models: Computing parent_path for table res_company... 
2025-10-25 23:00:44,186 37520 INFO None odoo.models: Prepare computation of res.users.signature 
2025-10-25 23:00:44,186 37520 INFO None odoo.models: Prepare computation of res.users.share 
2025-10-25 23:00:45,671 37520 INFO None odoo.modules.loading: loading base/data/res_bank.xml 
2025-10-25 23:00:45,699 37520 INFO None odoo.modules.loading: loading base/data/res.lang.csv 
2025-10-25 23:00:45,722 37520 INFO None odoo.modules.loading: loading base/data/res_lang_data.xml 
2025-10-25 23:00:45,798 37520 INFO None odoo.modules.loading: loading base/data/res_partner_data.xml 
2025-10-25 23:00:45,870 37520 INFO None odoo.modules.loading: loading base/data/res_currency_data.xml 
2025-10-25 23:00:46,342 37520 INFO None odoo.modules.loading: loading base/data/res_company_data.xml 
2025-10-25 23:00:46,349 37520 INFO None odoo.modules.loading: loading base/data/res_users_data.xml 
2025-10-25 23:00:47,259 37520 INFO None odoo.modules.loading: loading base/data/report_paperformat_data.xml 
2025-10-25 23:00:47,279 37520 INFO None odoo.modules.loading: loading base/data/res_country_data.xml 
2025-10-25 23:00:47,689 37520 INFO None odoo.modules.loading: loading base/data/ir_demo_data.xml 
2025-10-25 23:00:47,705 37520 INFO None odoo.modules.loading: loading base/security/base_groups.xml 
2025-10-25 23:00:47,866 37520 INFO None odoo.modules.loading: loading base/security/base_security.xml 
2025-10-25 23:00:48,020 37520 INFO None odoo.modules.loading: loading base/wizard/wizard_ir_model_menu_create_views.xml 
2025-10-25 23:00:48,039 37520 INFO None odoo.modules.loading: loading base/views/base_menus.xml 
2025-10-25 23:00:48,128 37520 INFO None odoo.modules.loading: loading base/views/decimal_precision_views.xml 
2025-10-25 23:00:48,173 37520 INFO None odoo.modules.loading: loading base/views/res_config_views.xml 
2025-10-25 23:00:48,187 37520 INFO None odoo.modules.loading: loading base/data/res.country.state.csv 
2025-10-25 23:00:48,537 37520 INFO None odoo.modules.loading: loading base/views/ir_actions_views.xml 
2025-10-25 23:00:48,737 37520 INFO None odoo.modules.loading: loading base/views/ir_asset_views.xml 
2025-10-25 23:00:48,771 37520 INFO None odoo.modules.loading: loading base/views/ir_config_parameter_views.xml 
2025-10-25 23:00:48,796 37520 INFO None odoo.modules.loading: loading base/views/ir_cron_views.xml 
2025-10-25 23:00:48,858 37520 INFO None odoo.modules.loading: loading base/views/ir_cron_trigger_views.xml 
2025-10-25 23:00:48,886 37520 INFO None odoo.modules.loading: loading base/views/ir_filters_views.xml 
2025-10-25 23:00:48,925 37520 INFO None odoo.modules.loading: loading base/views/ir_mail_server_views.xml 
2025-10-25 23:00:48,964 37520 INFO None odoo.modules.loading: loading base/views/ir_model_views.xml 
2025-10-25 23:00:49,126 37520 INFO None odoo.modules.loading: loading base/views/ir_attachment_views.xml 
2025-10-25 23:00:49,168 37520 INFO None odoo.modules.loading: loading base/views/ir_rule_views.xml 
2025-10-25 23:00:49,199 37520 INFO None odoo.modules.loading: loading base/views/ir_sequence_views.xml 
2025-10-25 23:00:49,223 37520 INFO None odoo.modules.loading: loading base/views/ir_ui_menu_views.xml 
2025-10-25 23:00:49,251 37520 INFO None odoo.modules.loading: loading base/views/ir_ui_view_views.xml 
2025-10-25 23:00:49,323 37520 INFO None odoo.modules.loading: loading base/views/ir_default_views.xml 
2025-10-25 23:00:49,353 37520 INFO None odoo.modules.loading: loading base/data/ir_config_parameter_data.xml 
2025-10-25 23:00:49,370 37520 INFO None odoo.modules.loading: loading base/data/ir_cron_data.xml 
2025-10-25 23:00:49,389 37520 INFO None odoo.modules.loading: loading base/report/ir_model_report.xml 
2025-10-25 23:00:49,404 37520 INFO None odoo.modules.loading: loading base/report/ir_model_templates.xml 
2025-10-25 23:00:49,422 37520 INFO None odoo.modules.loading: loading base/views/ir_logging_views.xml 
2025-10-25 23:00:49,460 37520 INFO None odoo.modules.loading: loading base/views/ir_qweb_widget_templates.xml 
2025-10-25 23:00:49,492 37520 INFO None odoo.modules.loading: loading base/views/ir_module_views.xml 
2025-10-25 23:00:49,601 37520 INFO None odoo.modules.loading: loading base/data/ir_module_category_data.xml 
2025-10-25 23:00:49,671 37520 INFO None odoo.modules.loading: loading base/data/ir_module_module.xml 
2025-10-25 23:00:49,739 37520 INFO None odoo.modules.loading: loading base/report/ir_module_reports.xml 
2025-10-25 23:00:49,743 37520 INFO None odoo.modules.loading: loading base/report/ir_module_report_templates.xml 
2025-10-25 23:00:49,757 37520 INFO None odoo.modules.loading: loading base/wizard/base_module_update_views.xml 
2025-10-25 23:00:49,775 37520 INFO None odoo.modules.loading: loading base/wizard/base_language_install_views.xml 
2025-10-25 23:00:49,793 37520 INFO None odoo.modules.loading: loading base/wizard/base_import_language_views.xml 
2025-10-25 23:00:49,813 37520 INFO None odoo.modules.loading: loading base/wizard/base_module_upgrade_views.xml 
2025-10-25 23:00:49,840 37520 INFO None odoo.modules.loading: loading base/wizard/base_module_uninstall_views.xml 
2025-10-25 23:00:49,852 37520 INFO None odoo.modules.loading: loading base/wizard/base_export_language_views.xml 
2025-10-25 23:00:49,877 37520 INFO None odoo.modules.loading: loading base/wizard/base_partner_merge_views.xml 
2025-10-25 23:00:49,905 37520 INFO None odoo.modules.loading: loading base/data/ir_demo_failure_data.xml 
2025-10-25 23:00:49,936 37520 INFO None odoo.modules.loading: loading base/views/ir_profile_views.xml 
2025-10-25 23:00:49,972 37520 INFO None odoo.modules.loading: loading base/views/res_company_views.xml 
2025-10-25 23:00:49,994 37520 INFO None odoo.modules.loading: loading base/views/res_lang_views.xml 
2025-10-25 23:00:50,027 37520 INFO None odoo.modules.loading: loading base/views/res_partner_views.xml 
2025-10-25 23:00:50,130 37520 INFO None odoo.modules.loading: loading base/views/res_bank_views.xml 
2025-10-25 23:00:50,160 37520 INFO None odoo.modules.loading: loading base/views/res_country_views.xml 
2025-10-25 23:00:50,225 37520 INFO None odoo.modules.loading: loading base/views/res_currency_views.xml 
2025-10-25 23:00:50,273 37520 INFO None odoo.modules.loading: loading base/views/res_groups_views.xml 
2025-10-25 23:00:50,319 37520 INFO None odoo.modules.loading: loading base/views/res_users_views.xml 
2025-10-25 23:00:50,422 37520 INFO None odoo.modules.loading: loading base/views/res_users_apikeys_views.xml 
2025-10-25 23:00:50,434 37520 INFO None odoo.modules.loading: loading base/views/res_device_views.xml 
2025-10-25 23:00:50,459 37520 INFO None odoo.modules.loading: loading base/views/res_users_identitycheck_views.xml 
2025-10-25 23:00:50,477 37520 INFO None odoo.modules.loading: loading base/views/res_config_settings_views.xml 
2025-10-25 23:00:50,495 37520 INFO None odoo.modules.loading: loading base/views/report_paperformat_views.xml 
2025-10-25 23:00:50,531 37520 INFO None odoo.modules.loading: loading base/security/ir.model.access.csv 
2025-10-25 23:00:50,749 37520 INFO None odoo.addons.base.models.ir_module: module base: no translation for language en_GB 
2025-10-25 23:00:50,773 37520 INFO None odoo.modules.loading: Module base loaded in 7.26s, 8376 queries (+8376 other) 
2025-10-25 23:00:50,773 37520 INFO None odoo.modules.loading: 1 modules loaded in 7.26s, 8376 queries (+8376 extra) 
2025-10-25 23:00:50,787 37520 INFO None odoo.modules.loading: updating modules list 
2025-10-25 23:00:50,789 37520 INFO None odoo.addons.base.models.ir_module: ALLOW access to module.update_list on [] to user __system__ #1 via n/a 
2025-10-25 23:00:51,617 37520 INFO None odoo.modules.loading: loading 14 modules... 
2025-10-25 23:00:51,617 37520 INFO None odoo.modules.loading: Loading module rpc (2/14) 
2025-10-25 23:00:51,633 37520 INFO None odoo.addons.base.models.ir_module: module rpc: no translation for language en_GB 
2025-10-25 23:00:51,638 37520 INFO None odoo.modules.loading: Module rpc loaded in 0.02s, 9 queries (+9 other) 
2025-10-25 23:00:51,638 37520 INFO None odoo.modules.loading: Loading module web (3/14) 
2025-10-25 23:00:51,671 37520 INFO None odoo.registry: module web: creating or updating database tables 
2025-10-25 23:00:52,110 37520 INFO None odoo.modules.loading: loading web/security/ir.model.access.csv 
2025-10-25 23:00:52,143 37520 INFO None odoo.modules.loading: loading web/security/web_security.xml 
2025-10-25 23:00:52,166 37520 INFO None odoo.modules.loading: loading web/views/webclient_templates.xml 
2025-10-25 23:00:52,299 37520 INFO None odoo.modules.loading: loading web/views/report_templates.xml 
2025-10-25 23:00:52,411 37520 INFO None odoo.modules.loading: loading web/views/base_document_layout_views.xml 
2025-10-25 23:00:52,436 37520 INFO None odoo.modules.loading: loading web/views/partner_view.xml 
2025-10-25 23:00:52,444 37520 INFO None odoo.modules.loading: loading web/views/speedscope_template.xml 
2025-10-25 23:00:52,488 37520 INFO None odoo.modules.loading: loading web/views/memory_template.xml 
2025-10-25 23:00:52,520 37520 INFO None odoo.modules.loading: loading web/views/speedscope_config_wizard.xml 
2025-10-25 23:00:52,527 37520 INFO None odoo.modules.loading: loading web/views/neutralize_views.xml 
2025-10-25 23:00:52,543 37520 INFO None odoo.modules.loading: loading web/views/ir_ui_view_views.xml 
2025-10-25 23:00:52,554 37520 INFO None odoo.modules.loading: loading web/data/ir_attachment.xml 
2025-10-25 23:00:52,569 37520 INFO None odoo.modules.loading: loading web/data/report_layout.xml 
2025-10-25 23:00:52,605 37520 INFO None odoo.addons.base.models.ir_module: module web: no translation for language en_GB 
2025-10-25 23:00:52,611 37520 INFO None odoo.modules.loading: Module web loaded in 0.97s, 1228 queries (+1228 other) 
2025-10-25 23:00:52,611 37520 INFO None odoo.modules.loading: Loading module api_doc (4/14) 
2025-10-25 23:00:52,619 37520 INFO None odoo.registry: module api_doc: creating or updating database tables 
2025-10-25 23:00:52,634 37520 INFO None odoo.modules.loading: loading api_doc/security/res_groups.xml 
2025-10-25 23:00:52,678 37520 INFO None odoo.modules.loading: loading api_doc/views/docclient.xml 
2025-10-25 23:00:52,696 37520 INFO None odoo.addons.base.models.ir_module: module api_doc: no translation for language en_GB 
2025-10-25 23:00:52,703 37520 INFO None odoo.modules.loading: Module api_doc loaded in 0.09s, 63 queries (+63 other) 
2025-10-25 23:00:52,704 37520 INFO None odoo.modules.loading: Loading module auth_totp (5/14) 
2025-10-25 23:00:52,740 37520 INFO None odoo.registry: module auth_totp: creating or updating database tables 
2025-10-25 23:00:52,807 37520 INFO None odoo.modules.loading: loading auth_totp/security/security.xml 
2025-10-25 23:00:52,838 37520 INFO None odoo.modules.loading: loading auth_totp/security/ir.model.access.csv 
2025-10-25 23:00:52,854 37520 INFO None odoo.modules.loading: loading auth_totp/data/ir_action_data.xml 
2025-10-25 23:00:52,885 37520 INFO None odoo.modules.loading: loading auth_totp/views/res_users_views.xml 
2025-10-25 23:00:52,925 37520 INFO None odoo.modules.loading: loading auth_totp/views/templates.xml 
2025-10-25 23:00:52,949 37520 INFO None odoo.modules.loading: loading auth_totp/wizard/auth_totp_wizard_views.xml 
2025-10-25 23:00:52,977 37520 INFO None odoo.addons.base.models.ir_module: module auth_totp: no translation for language en_GB 
2025-10-25 23:00:52,983 37520 INFO None odoo.modules.loading: Module auth_totp loaded in 0.28s, 214 queries (+214 other) 
2025-10-25 23:00:52,983 37520 INFO None odoo.modules.loading: Loading module base_import (6/14) 
2025-10-25 23:00:53,027 37520 INFO None odoo.registry: module base_import: creating or updating database tables 
2025-10-25 23:00:53,468 37520 INFO None odoo.modules.loading: loading base_import/security/ir.model.access.csv 
2025-10-25 23:00:53,494 37520 INFO None odoo.addons.base.models.ir_module: module base_import: no translation for language en_GB 
2025-10-25 23:00:53,497 37520 INFO None odoo.modules.loading: Module base_import loaded in 0.51s, 956 queries (+956 other) 
2025-10-25 23:00:53,497 37520 INFO None odoo.modules.loading: Loading module base_import_module (7/14) 
2025-10-25 23:00:53,511 37520 INFO None odoo.registry: module base_import_module: creating or updating database tables 
2025-10-25 23:00:53,569 37520 INFO None odoo.modules.loading: loading base_import_module/security/ir.model.access.csv 
2025-10-25 23:00:53,602 37520 INFO None odoo.modules.loading: loading base_import_module/views/base_import_module_view.xml 
2025-10-25 23:00:53,638 37520 INFO None odoo.modules.loading: loading base_import_module/views/ir_module_views.xml 
2025-10-25 23:00:53,684 37520 INFO None odoo.addons.base.models.ir_module: module base_import_module: no translation for language en_GB 
2025-10-25 23:00:53,688 37520 INFO None odoo.modules.loading: Module base_import_module loaded in 0.19s, 172 queries (+172 other) 
2025-10-25 23:00:53,688 37520 INFO None odoo.modules.loading: Loading module base_setup (8/14) 
2025-10-25 23:00:53,699 37520 INFO None odoo.registry: module base_setup: creating or updating database tables 
2025-10-25 23:00:53,735 37520 INFO None odoo.modules.loading: loading base_setup/data/base_setup_data.xml 
2025-10-25 23:00:53,751 37520 INFO None odoo.modules.loading: loading base_setup/views/res_config_settings_views.xml 
2025-10-25 23:00:53,791 37520 INFO None odoo.modules.loading: loading base_setup/views/res_partner_views.xml 
2025-10-25 23:00:53,815 37520 INFO None odoo.addons.base.models.ir_module: module base_setup: no translation for language en_GB 
2025-10-25 23:00:53,820 37520 INFO None odoo.modules.loading: Module base_setup loaded in 0.13s, 152 queries (+152 other) 
2025-10-25 23:00:53,820 37520 INFO None odoo.modules.loading: Loading module bus (9/14) 
2025-10-25 23:00:53,841 37520 INFO None odoo.registry: module bus: creating or updating database tables 
2025-10-25 23:00:53,948 37520 INFO None odoo.modules.loading: loading bus/security/ir.model.access.csv 
2025-10-25 23:00:53,980 37520 INFO None odoo.addons.base.models.ir_module: module bus: no translation for language en_GB 
2025-10-25 23:00:53,982 37520 INFO None odoo.modules.loading: Module bus loaded in 0.16s, 152 queries (+152 other) 
2025-10-25 23:00:53,982 37520 INFO None odoo.modules.loading: Loading module web_tour (10/14) 
2025-10-25 23:00:53,991 37520 INFO None odoo.registry: module web_tour: creating or updating database tables 
2025-10-25 23:00:53,996 37520 INFO None odoo.models: Prepare computation of res.users.tour_enabled 
2025-10-25 23:00:54,074 37520 INFO None odoo.modules.loading: loading web_tour/security/ir.model.access.csv 
2025-10-25 23:00:54,096 37520 INFO None odoo.modules.loading: loading web_tour/views/tour_views.xml 
2025-10-25 23:00:54,142 37520 INFO None odoo.addons.base.models.ir_module: module web_tour: no translation for language en_GB 
2025-10-25 23:00:54,147 37520 INFO None odoo.modules.loading: Module web_tour loaded in 0.16s, 176 queries (+176 other) 
2025-10-25 23:00:54,147 37520 INFO None odoo.modules.loading: Loading module auth_passkey (11/14) 
2025-10-25 23:00:54,698 37520 INFO None odoo.registry: module auth_passkey: creating or updating database tables 
2025-10-25 23:00:54,762 37520 INFO None odoo.modules.loading: loading auth_passkey/views/auth_passkey_key_views.xml 
2025-10-25 23:00:54,794 37520 INFO None odoo.modules.loading: loading auth_passkey/views/auth_passkey_login_templates.xml 
2025-10-25 23:00:54,813 37520 INFO None odoo.modules.loading: loading auth_passkey/views/res_users_identitycheck_views.xml 
2025-10-25 23:00:54,832 37520 INFO None odoo.modules.loading: loading auth_passkey/views/res_users_views.xml 
2025-10-25 23:00:54,862 37520 INFO None odoo.modules.loading: loading auth_passkey/security/ir.model.access.csv 
2025-10-25 23:00:54,879 37520 INFO None odoo.modules.loading: loading auth_passkey/security/security.xml 
2025-10-25 23:00:54,913 37520 INFO None odoo.addons.base.models.ir_module: module auth_passkey: no translation for language en_GB 
2025-10-25 23:00:54,918 37520 INFO None odoo.modules.loading: Module auth_passkey loaded in 0.77s, 218 queries (+218 other) 
2025-10-25 23:00:54,919 37520 INFO None odoo.modules.loading: Loading module html_editor (12/14) 
2025-10-25 23:00:58,449 37520 INFO None odoo.registry: module html_editor: creating or updating database tables 
2025-10-25 23:00:59,188 37520 INFO None odoo.modules.loading: loading html_editor/security/ir.model.access.csv 
2025-10-25 23:00:59,227 37520 INFO None odoo.addons.base.models.ir_module: module html_editor: no translation for language en_GB 
2025-10-25 23:00:59,232 37520 INFO None odoo.modules.loading: Module html_editor loaded in 4.31s, 1034 queries (+1034 other) 
2025-10-25 23:00:59,232 37520 INFO None odoo.modules.loading: Loading module iap (13/14) 
2025-10-25 23:00:59,237 37520 INFO None odoo.registry: module iap: creating or updating database tables 
2025-10-25 23:00:59,350 37520 INFO None odoo.modules.loading: loading iap/data/services.xml 
2025-10-25 23:00:59,365 37520 INFO None odoo.modules.loading: loading iap/security/ir.model.access.csv 
2025-10-25 23:00:59,392 37520 INFO None odoo.modules.loading: loading iap/security/ir_rule.xml 
2025-10-25 23:00:59,409 37520 INFO None odoo.modules.loading: loading iap/views/iap_views.xml 
2025-10-25 23:00:59,454 37520 INFO None odoo.modules.loading: loading iap/views/res_config_settings.xml 
2025-10-25 23:00:59,488 37520 INFO None odoo.addons.base.models.ir_module: module iap: no translation for language en_GB 
2025-10-25 23:00:59,495 37520 INFO None odoo.modules.loading: Module iap loaded in 0.26s, 182 queries (+182 other) 
2025-10-25 23:00:59,495 37520 INFO None odoo.modules.loading: Loading module web_unsplash (14/14) 
2025-10-25 23:00:59,627 37520 INFO None odoo.registry: module web_unsplash: creating or updating database tables 
2025-10-25 23:00:59,676 37520 INFO None odoo.modules.loading: loading web_unsplash/views/res_config_settings_view.xml 
2025-10-25 23:00:59,717 37520 INFO None odoo.addons.base.models.ir_module: module web_unsplash: no translation for language en_GB 
2025-10-25 23:00:59,720 37520 INFO None odoo.modules.loading: Module web_unsplash loaded in 0.22s, 102 queries (+102 other) 
2025-10-25 23:00:59,720 37520 INFO None odoo.modules.loading: 14 modules loaded in 8.10s, 4658 queries (+4658 extra) 
2025-10-25 23:01:00,006 37520 INFO None odoo.modules.loading: Modules loaded. 
2025-10-25 23:01:00,011 37520 INFO None odoo.registry: Registry changed, signaling through the database 
2025-10-25 23:01:00,013 37520 INFO None odoo.registry: Registry loaded in 25.309s 
2025-10-25 23:01:00,060 37520 INFO None odoo.addons.base.models.ir_module: module base: no translation for language en_GB 
2025-10-25 23:01:00,066 37520 INFO None odoo.addons.base.models.ir_module: module web: no translation for language en_GB 
2025-10-25 23:01:00,067 37520 INFO None odoo.addons.base.models.ir_module: module api_doc: no translation for language en_GB 
2025-10-25 23:01:00,069 37520 INFO None odoo.addons.base.models.ir_module: module base_setup: no translation for language en_GB 
2025-10-25 23:01:00,072 37520 INFO None odoo.addons.base.models.ir_module: module auth_passkey: no translation for language en_GB 
2025-10-25 23:01:00,074 37520 INFO None odoo.addons.base.models.ir_module: module auth_totp: no translation for language en_GB 
2025-10-25 23:01:00,075 37520 INFO None odoo.addons.base.models.ir_module: module base_import: no translation for language en_GB 
2025-10-25 23:01:00,076 37520 INFO None odoo.addons.base.models.ir_module: module base_import_module: no translation for language en_GB 
2025-10-25 23:01:00,076 37520 INFO None odoo.addons.base.models.ir_module: module bus: no translation for language en_GB 
2025-10-25 23:01:00,077 37520 INFO None odoo.addons.base.models.ir_module: module html_editor: no translation for language en_GB 
2025-10-25 23:01:00,079 37520 INFO None odoo.addons.base.models.ir_module: module iap: no translation for language en_GB 
2025-10-25 23:01:00,079 37520 INFO None odoo.addons.base.models.ir_module: module rpc: no translation for language en_GB 
2025-10-25 23:01:00,080 37520 INFO None odoo.addons.base.models.ir_module: module web_tour: no translation for language en_GB 
2025-10-25 23:01:00,081 37520 INFO None odoo.addons.base.models.ir_module: module web_unsplash: no translation for language en_GB 
2025-10-25 23:01:00,987 37520 INFO None odoo.addons.base.models.res_users: Login successful for login:info@scholarixglobal.com from 127.0.0.1 
2025-10-25 23:01:01,006 37520 INFO None werkzeug: 127.0.0.1 - - [25/Oct/2025 23:01:01] "POST /web/database/create HTTP/1.1" 303 - 19324 7.707 19.399
2025-10-25 23:01:01,346 37520 INFO scholarixglobal odoo.addons.base.models.ir_http: Generating routing map for key None 
2025-10-25 23:01:01,361 37520 INFO scholarixglobal odoo.addons.base.models.res_device: User 2 inserts device log (TD0MX4K7sKKqNHRmdRTnVJTXjjVrTmiaiTO5mhWhUK) 
2025-10-25 23:01:01,721 37520 INFO scholarixglobal werkzeug: 127.0.0.1 - - [25/Oct/2025 23:01:01] "GET /odoo HTTP/1.1" 200 - 55 0.033 0.368
2025-10-25 23:01:02,167 37520 INFO scholarixglobal werkzeug: 127.0.0.1 - - [25/Oct/2025 23:01:02] "GET /web/webclient/load_menus HTTP/1.1" 200 - 12 0.032 0.080
2025-10-25 23:01:11,819 37520 INFO scholarixglobal odoo.addons.base.models.assetsbundle: Generating a new asset bundle attachment /web/assets/62d7ebc/web.assets_web.min.css (id:14) 
2025-10-25 23:01:11,896 37520 INFO scholarixglobal werkzeug: 127.0.0.1 - - [25/Oct/2025 23:01:11] "GET /web/assets/62d7ebc/web.assets_web.min.css HTTP/1.1" 200 - 15 0.052 9.789
2025-10-25 23:01:16,075 37520 INFO scholarixglobal odoo.addons.base.models.assetsbundle: Generating a new asset bundle attachment /web/assets/d194cb3/web.assets_web_print.min.css (id:15) 
2025-10-25 23:01:16,103 37520 INFO scholarixglobal werkzeug: 127.0.0.1 - - [25/Oct/2025 23:01:16] "GET /web/assets/d194cb3/web.assets_web_print.min.css HTTP/1.1" 200 - 8 0.028 3.865
2025-10-25 23:01:27,305 37520 INFO scholarixglobal odoo.addons.base.models.ir_cron: Job 'Base: Auto-vacuum internal data' (1) starting 
2025-10-25 23:01:27,423 37520 INFO scholarixglobal odoo.addons.base.models.res_device: GC device logs delete 0 entries 
2025-10-25 23:01:27,441 37520 INFO scholarixglobal odoo.addons.base.models.res_users: GC 'res.users.apikeys' delete 0 entries 
2025-10-25 23:01:27,452 37520 INFO scholarixglobal odoo.addons.base.models.res_device: GC device logs delete 0 entries 
2025-10-25 23:01:27,472 37520 INFO scholarixglobal odoo.addons.api_doc.models.ir_attachment: GC'd 0 /doc cached index 
2025-10-25 23:01:27,502 37520 INFO scholarixglobal odoo.addons.base.models.res_users: GC'd 0 user log entries 
2025-10-25 23:01:27,540 37520 INFO scholarixglobal odoo.addons.base.models.res_users: GC 'auth_totp.device' delete 0 entries 
2025-10-25 23:01:27,558 37520 INFO scholarixglobal odoo.addons.base.models.ir_attachment: filestore gc 12 checked, 0 removed 
2025-10-25 23:01:27,565 37520 INFO scholarixglobal odoo.addons.base.models.ir_cron: Job 'Base: Auto-vacuum internal data' (1) fully done (#loop 1; done 44; remaining 0; duration 0.26s) 
2025-10-25 23:01:27,574 37520 INFO scholarixglobal odoo.addons.base.models.ir_cron: Job 'Base: Portal Users Deletion' (2) starting 
2025-10-25 23:01:27,584 37520 INFO scholarixglobal odoo.addons.base.models.ir_cron: Job 'Base: Portal Users Deletion' (2) fully done (#loop 1; done 0; remaining 0; duration 0.01s) 
2025-10-25 23:01:42,815 37520 INFO scholarixglobal odoo.addons.base.models.assetsbundle: Generating a new asset bundle attachment /web/assets/b8d3168/web.assets_web.min.js (id:16) 
2025-10-25 23:01:44,442 37520 INFO scholarixglobal werkzeug: 127.0.0.1 - - [25/Oct/2025 23:01:44] "GET /web/assets/b8d3168/web.assets_web.min.js HTTP/1.1" 200 - 11 0.011 42.688
2025-10-25 23:01:44,942 37520 INFO scholarixglobal werkzeug: 127.0.0.1 - - [25/Oct/2025 23:01:44] "GET /web/webclient/translations?hash=&lang=en_GB HTTP/1.1" 200 - 2 0.003 0.005
2025-10-25 23:01:44,946 37520 INFO scholarixglobal werkzeug: 127.0.0.1 - - [25/Oct/2025 23:01:44] "GET /web/manifest.webmanifest HTTP/1.1" 200 - 6 0.007 0.004
2025-10-25 23:01:45,189 37520 INFO ? werkzeug: 127.0.0.1 - - [25/Oct/2025 23:01:45] "GET /web/static/img/odoo-icon-192x192.png HTTP/1.1" 200 - 0 0.000 0.009
2025-10-25 23:01:45,288 37520 INFO scholarixglobal werkzeug: 127.0.0.1 - - [25/Oct/2025 23:01:45] "GET /web/service-worker.js HTTP/1.1" 200 - 1 0.001 0.003
2025-10-25 23:01:45,302 37520 INFO scholarixglobal odoo.addons.base.models.assetsbundle: Generating a new asset bundle attachment /web/assets/9bfdbae/bus.websocket_worker_assets.min.js (id:17) 
2025-10-25 23:01:45,344 37520 INFO scholarixglobal werkzeug: 127.0.0.1 - - [25/Oct/2025 23:01:45] "GET /bus/websocket_worker_bundle?v=saas-18.5-1 HTTP/1.1" 200 - 8 0.004 0.069
2025-10-25 23:01:45,361 37520 INFO scholarixglobal werkzeug: 127.0.0.1 - - [25/Oct/2025 23:01:45] "GET /odoo HTTP/1.1" 200 - 9 0.004 0.011
2025-10-25 23:01:45,630 37520 INFO scholarixglobal werkzeug: 127.0.0.1 - - [25/Oct/2025 23:01:45] "GET /odoo/offline HTTP/1.1" 200 - 6 0.010 0.018
2025-10-25 23:01:45,667 37520 INFO scholarixglobal werkzeug: 127.0.0.1 - - [25/Oct/2025 23:01:45] "GET /websocket?version=saas-18.5-1 HTTP/1.1" 101 - 1 0.001 0.005
2025-10-25 23:01:45,982 37520 INFO ? odoo.addons.bus.models.bus: Bus.loop listen imbus on db postgres 
2025-10-25 23:02:27,641 37520 INFO scholarixglobal odoo.addons.base.models.ir_cron: Job 'Base: Auto-vacuum internal data' (1) starting 
2025-10-25 23:02:27,740 37520 INFO scholarixglobal odoo.addons.api_doc.models.ir_attachment: GC'd 0 /doc cached index 
2025-10-25 23:02:27,755 37520 INFO scholarixglobal odoo.addons.base.models.res_users: GC'd 0 user log entries 
2025-10-25 23:02:27,765 37520 INFO scholarixglobal odoo.addons.base.models.res_device: GC device logs delete 0 entries 
2025-10-25 23:02:27,777 37520 INFO scholarixglobal odoo.addons.base.models.res_users: GC 'auth_totp.device' delete 0 entries 
2025-10-25 23:02:27,796 37520 INFO scholarixglobal odoo.addons.base.models.res_users: GC 'res.users.apikeys' delete 0 entries 
2025-10-25 23:02:27,813 37520 INFO scholarixglobal odoo.addons.base.models.res_device: GC device logs delete 0 entries 
2025-10-25 23:02:27,831 37520 INFO scholarixglobal odoo.addons.base.models.ir_attachment: filestore gc 2 checked, 0 removed 
2025-10-25 23:02:27,838 37520 INFO scholarixglobal odoo.addons.base.models.ir_cron: Job 'Base: Auto-vacuum internal data' (1) fully done (#loop 1; done 44; remaining 0; duration 0.20s) 
2025-10-26 05:43:17,613 37520 INFO scholarixglobal odoo.addons.base.models.res_device: User 2 inserts device log (TD0MX4K7sKKqNHRmdRTnVJTXjjVrTmiaiTO5mhWhUK) 
2025-10-26 05:43:17,846 37520 INFO scholarixglobal werkzeug: 127.0.0.1 - - [26/Oct/2025 05:43:17] "GET /websocket?version=saas-18.5-1 HTTP/1.1" 101 - 3 0.074 0.558
2025-10-26 05:43:20,390 37520 INFO scholarixglobal werkzeug: 127.0.0.1 - - [26/Oct/2025 05:43:20] "POST /bus/has_missed_notifications HTTP/1.1" 200 - 2 0.004 0.017
2025-10-26 05:52:46,739 37520 INFO ? werkzeug: 127.0.0.1 - - [26/Oct/2025 05:52:46] "GET /web/static/lib/odoo_ui_icons/fonts/odoo_ui_icons.woff2 HTTP/1.1" 200 - 0 0.000 0.069
2025-10-26 05:52:46,928 37520 INFO scholarixglobal werkzeug: 127.0.0.1 - - [26/Oct/2025 05:52:46] "POST /web/action/load HTTP/1.1" 200 - 10 0.081 0.164
2025-10-26 05:52:47,132 37520 INFO scholarixglobal werkzeug: 127.0.0.1 - - [26/Oct/2025 05:52:47] "GET /web/image?model=res.users&field=avatar_128&id=2 HTTP/1.1" 200 - 15 0.136 0.302
2025-10-26 05:52:47,132 37520 INFO scholarixglobal werkzeug: 127.0.0.1 - - [26/Oct/2025 05:52:47] "GET /web/image/res.partner/3/avatar_128?unique=1761418860000 HTTP/1.1" 200 - 11 0.081 0.343
2025-10-26 05:52:47,272 37520 INFO scholarixglobal odoo.http: Session expired 
2025-10-26 05:52:47,273 37520 INFO scholarixglobal werkzeug: 127.0.0.1 - - [26/Oct/2025 05:52:47] "POST /web/dataset/call_kw/ir.module.module/get_views HTTP/1.1" 200 - 2 0.006 0.299
2025-10-26 05:52:49,182 37520 INFO scholarixglobal werkzeug: 127.0.0.1 - - [26/Oct/2025 05:52:49] "GET /odoo HTTP/1.1" 200 - 9 0.012 0.048
2025-10-26 05:52:49,230 37520 INFO scholarixglobal werkzeug: 127.0.0.1 - - [26/Oct/2025 05:52:49] "GET /web/webclient/load_menus HTTP/1.1" 200 - 1 0.001 0.013
2025-10-26 05:52:49,393 37520 INFO scholarixglobal werkzeug: 127.0.0.1 - - [26/Oct/2025 05:52:49] "GET /web/webclient/translations?hash=8ad00c7a2de3e65b60f1541573dc25fed878409f&lang=en_GB HTTP/1.1" 200 - 1 0.001 0.005
2025-10-26 05:52:49,712 37520 INFO scholarixglobal werkzeug: 127.0.0.1 - - [26/Oct/2025 05:52:49] "POST /web/action/load HTTP/1.1" 200 - 10 0.006 0.007
2025-10-26 05:52:49,765 37520 INFO scholarixglobal werkzeug: 127.0.0.1 - - [26/Oct/2025 05:52:49] "GET /web/image?model=res.users&field=avatar_128&id=2 HTTP/1.1" 304 - 8 0.014 0.018
2025-10-26 05:52:49,767 37520 INFO scholarixglobal werkzeug: 127.0.0.1 - - [26/Oct/2025 05:52:49] "GET /bus/websocket_worker_bundle?v=saas-18.5-1 HTTP/1.1" 304 - 3 0.011 0.008
2025-10-26 05:52:49,901 37520 INFO scholarixglobal werkzeug: 127.0.0.1 - - [26/Oct/2025 05:52:49] "POST /web/dataset/call_kw/ir.module.module/get_views#ir.module.module.get_views HTTP/1.1" 200 - 45 0.064 0.107
2025-10-26 05:52:50,088 37520 INFO scholarixglobal werkzeug: 127.0.0.1 - - [26/Oct/2025 05:52:50] "POST /web/dataset/call_kw/ir.module.module/search_panel_select_range#ir.module.module.search_panel_select_range HTTP/1.1" 200 - 1 0.001 0.006
2025-10-26 05:52:50,089 37520 INFO scholarixglobal werkzeug: 127.0.0.1 - - [26/Oct/2025 05:52:50] "GET /websocket?version=saas-18.5-1 HTTP/1.1" 101 - 1 0.001 0.007
2025-10-26 05:52:50,092 37520 INFO ? werkzeug: 127.0.0.1 - - [26/Oct/2025 05:52:50] "GET /web/static/img/favicon.ico HTTP/1.1" 200 - 0 0.000 0.012
2025-10-26 05:52:50,239 37520 INFO scholarixglobal werkzeug: 127.0.0.1 - - [26/Oct/2025 05:52:50] "POST /web/dataset/call_kw/ir.module.module/check_module_update#ir.module.module.check_module_update HTTP/1.1" 200 - 2 0.005 0.004
2025-10-26 05:52:50,252 37520 INFO scholarixglobal werkzeug: 127.0.0.1 - - [26/Oct/2025 05:52:50] "GET /web/manifest.webmanifest HTTP/1.1" 200 - 4 0.006 0.005
2025-10-26 05:52:50,255 37520 INFO scholarixglobal werkzeug: 127.0.0.1 - - [26/Oct/2025 05:52:50] "POST /web/dataset/call_kw/ir.module.module/search_panel_select_range#ir.module.module.search_panel_select_range HTTP/1.1" 200 - 42 0.027 0.016
2025-10-26 05:52:50,846 37520 INFO scholarixglobal werkzeug: 127.0.0.1 - - [26/Oct/2025 05:52:50] "POST /web/dataset/call_kw/ir.module.module/web_search_read#ir.module.module.web_search_read HTTP/1.1" 200 - 4 0.011 0.622
2025-10-26 05:52:51,194 37520 INFO scholarixglobal werkzeug: 127.0.0.1 - - [26/Oct/2025 05:52:51] "POST /web/dataset/call_kw/ir.module.module/check_module_update#ir.module.module.check_module_update HTTP/1.1" 200 - 2 0.001 0.003
2025-10-26 05:52:51,465 37520 INFO ? werkzeug: 127.0.0.1 - - [26/Oct/2025 05:52:51] "GET /hr_recruitment/static/description/icon.png HTTP/1.1" 200 - 0 0.000 0.010
2025-10-26 05:52:51,539 37520 INFO ? werkzeug: 127.0.0.1 - - [26/Oct/2025 05:52:51] "GET /website_sale/static/description/icon.png HTTP/1.1" 200 - 0 0.000 0.004
2025-10-26 05:52:51,539 37520 INFO ? werkzeug: 127.0.0.1 - - [26/Oct/2025 05:52:51] "GET /point_of_sale/static/description/icon.png HTTP/1.1" 200 - 0 0.000 0.004
2025-10-26 05:52:51,540 37520 INFO ? werkzeug: 127.0.0.1 - - [26/Oct/2025 05:52:51] "GET /data_recycle/static/description/icon.png HTTP/1.1" 200 - 0 0.000 0.003
2025-10-26 05:52:51,540 37520 INFO ? werkzeug: 127.0.0.1 - - [26/Oct/2025 05:52:51] "GET /base/static/img/icons/helpdesk.png HTTP/1.1" 200 - 0 0.000 0.005
2025-10-26 05:52:51,541 37520 INFO ? werkzeug: 127.0.0.1 - - [26/Oct/2025 05:52:51] "GET /base/static/img/icons/industry_fsm.png HTTP/1.1" 200 - 0 0.000 0.005
2025-10-26 05:52:51,785 37520 INFO ? werkzeug: 127.0.0.1 - - [26/Oct/2025 05:52:51] "GET /base/static/img/icons/web_studio.png HTTP/1.1" 200 - 0 0.000 0.002
2025-10-26 05:52:51,849 37520 INFO ? werkzeug: 127.0.0.1 - - [26/Oct/2025 05:52:51] "GET /mass_mailing/static/description/icon.png HTTP/1.1" 200 - 0 0.000 0.002
2025-10-26 05:52:51,851 37520 INFO ? werkzeug: 127.0.0.1 - - [26/Oct/2025 05:52:51] "GET /base/static/img/icons/sale_subscription.png HTTP/1.1" 200 - 0 0.000 0.005
2025-10-26 05:52:51,851 37520 INFO ? werkzeug: 127.0.0.1 - - [26/Oct/2025 05:52:51] "GET /stock/static/description/icon.png HTTP/1.1" 200 - 0 0.000 0.006
2025-10-26 05:52:51,854 37520 INFO ? werkzeug: 127.0.0.1 - - [26/Oct/2025 05:52:51] "GET /marketing_card/static/description/icon.png HTTP/1.1" 200 - 0 0.000 0.006
2025-10-26 05:52:51,854 37520 INFO ? werkzeug: 127.0.0.1 - - [26/Oct/2025 05:52:51] "GET /base/static/img/icons/timesheet_grid.png HTTP/1.1" 200 - 0 0.000 0.005
2025-10-26 05:52:52,095 37520 INFO ? werkzeug: 127.0.0.1 - - [26/Oct/2025 05:52:52] "GET /purchase/static/description/icon.png HTTP/1.1" 200 - 0 0.000 0.002
2025-10-26 05:52:52,166 37520 INFO ? werkzeug: 127.0.0.1 - - [26/Oct/2025 05:52:52] "GET /project/static/description/icon.png HTTP/1.1" 200 - 0 0.000 0.008
2025-10-26 05:52:52,167 37520 INFO ? werkzeug: 127.0.0.1 - - [26/Oct/2025 05:52:52] "GET /base/static/img/icons/sign.png HTTP/1.1" 200 - 0 0.000 0.011
2025-10-26 05:52:52,168 37520 INFO ? werkzeug: 127.0.0.1 - - [26/Oct/2025 05:52:52] "GET /maintenance/static/description/icon.png HTTP/1.1" 200 - 0 0.000 0.010
2025-10-26 05:52:52,170 37520 INFO ? werkzeug: 127.0.0.1 - - [26/Oct/2025 05:52:52] "GET /hr/static/description/icon.png HTTP/1.1" 200 - 0 0.000 0.011
2025-10-26 05:52:52,171 37520 INFO ? werkzeug: 127.0.0.1 - - [26/Oct/2025 05:52:52] "GET /hr_holidays/static/description/icon.png HTTP/1.1" 200 - 0 0.000 0.009
2025-10-26 05:52:52,406 37520 INFO ? werkzeug: 127.0.0.1 - - [26/Oct/2025 05:52:52] "GET /base/static/img/icons/account_accountant.png HTTP/1.1" 200 - 0 0.000 0.001
2025-10-26 05:52:52,486 37520 INFO ? werkzeug: 127.0.0.1 - - [26/Oct/2025 05:52:52] "GET /base/static/img/icons/knowledge.png HTTP/1.1" 200 - 0 0.000 0.002
2025-10-26 05:52:52,486 37520 INFO ? werkzeug: 127.0.0.1 - - [26/Oct/2025 05:52:52] "GET /hr_expense/static/description/icon.png HTTP/1.1" 200 - 0 0.000 0.003
2025-10-26 05:52:52,488 37520 INFO ? werkzeug: 127.0.0.1 - - [26/Oct/2025 05:52:52] "GET /mrp/static/description/icon.png HTTP/1.1" 200 - 0 0.000 0.005
2025-10-26 05:52:52,491 37520 INFO ? werkzeug: 127.0.0.1 - - [26/Oct/2025 05:52:52] "GET /sale_management/static/description/icon.png HTTP/1.1" 200 - 0 0.000 0.006
2025-10-26 05:52:52,493 37520 INFO ? werkzeug: 127.0.0.1 - - [26/Oct/2025 05:52:52] "GET /pos_restaurant/static/description/icon.png HTTP/1.1" 200 - 0 0.000 0.007
2025-10-26 05:52:52,717 37520 INFO ? werkzeug: 127.0.0.1 - - [26/Oct/2025 05:52:52] "GET /account/static/description/icon.png HTTP/1.1" 200 - 0 0.000 0.001
2025-10-26 05:52:52,796 37520 INFO ? werkzeug: 127.0.0.1 - - [26/Oct/2025 05:52:52] "GET /crm/static/description/icon.png HTTP/1.1" 200 - 0 0.000 0.002
2025-10-26 05:52:52,797 37520 INFO ? werkzeug: 127.0.0.1 - - [26/Oct/2025 05:52:52] "GET /base/static/img/icons/mrp_workorder.png HTTP/1.1" 200 - 0 0.000 0.002
2025-10-26 05:52:52,800 37520 INFO ? werkzeug: 127.0.0.1 - - [26/Oct/2025 05:52:52] "GET /website/static/description/icon.png HTTP/1.1" 200 - 0 0.000 0.002
2025-10-26 05:52:52,802 37520 INFO ? werkzeug: 127.0.0.1 - - [26/Oct/2025 05:52:52] "GET /base/static/img/icons/quality_control.png HTTP/1.1" 200 - 0 0.000 0.004
2025-10-26 05:52:52,803 37520 INFO ? werkzeug: 127.0.0.1 - - [26/Oct/2025 05:52:52] "GET /website_slides/static/description/icon.png HTTP/1.1" 200 - 0 0.000 0.004
2025-10-26 05:52:53,029 37520 INFO ? werkzeug: 127.0.0.1 - - [26/Oct/2025 05:52:53] "GET /base/static/img/icons/planning.png HTTP/1.1" 200 - 0 0.000 0.002
2025-10-26 05:52:53,110 37520 INFO ? werkzeug: 127.0.0.1 - - [26/Oct/2025 05:52:53] "GET /calendar/static/description/icon.png HTTP/1.1" 200 - 0 0.000 0.003
2025-10-26 05:52:53,111 37520 INFO ? werkzeug: 127.0.0.1 - - [26/Oct/2025 05:52:53] "GET /mail/static/description/icon.png HTTP/1.1" 200 - 0 0.000 0.005
2025-10-26 05:52:53,112 37520 INFO ? werkzeug: 127.0.0.1 - - [26/Oct/2025 05:52:53] "GET /contacts/static/description/icon.png HTTP/1.1" 200 - 0 0.000 0.005
2025-10-26 05:52:53,113 37520 INFO ? werkzeug: 127.0.0.1 - - [26/Oct/2025 05:52:53] "GET /website_event/static/description/icon.png HTTP/1.1" 200 - 0 0.000 0.007
2025-10-26 05:52:53,114 37520 INFO ? werkzeug: 127.0.0.1 - - [26/Oct/2025 05:52:53] "GET /base/static/img/icons/mrp_plm.png HTTP/1.1" 200 - 0 0.000 0.004
2025-10-26 05:52:53,340 37520 INFO ? werkzeug: 127.0.0.1 - - [26/Oct/2025 05:52:53] "GET /base/static/img/icons/social.png HTTP/1.1" 200 - 0 0.000 0.001
2025-10-26 05:52:53,432 37520 INFO ? werkzeug: 127.0.0.1 - - [26/Oct/2025 05:52:53] "GET /base/static/img/icons/hr_appraisal.png HTTP/1.1" 200 - 0 0.000 0.014
2025-10-26 05:52:53,433 37520 INFO ? werkzeug: 127.0.0.1 - - [26/Oct/2025 05:52:53] "GET /fleet/static/description/icon.png HTTP/1.1" 200 - 0 0.000 0.015
2025-10-26 05:52:53,434 37520 INFO ? werkzeug: 127.0.0.1 - - [26/Oct/2025 05:52:53] "GET /base/static/img/icons/marketing_automation.png HTTP/1.1" 200 - 0 0.000 0.015
2025-10-26 05:52:53,435 37520 INFO ? werkzeug: 127.0.0.1 - - [26/Oct/2025 05:52:53] "GET /im_livechat/static/description/icon.png HTTP/1.1" 200 - 0 0.000 0.016
2025-10-26 05:52:53,438 37520 INFO ? werkzeug: 127.0.0.1 - - [26/Oct/2025 05:52:53] "GET /base/static/img/icons/appointment.png HTTP/1.1" 200 - 0 0.000 0.004
2025-10-26 05:52:53,649 37520 INFO ? werkzeug: 127.0.0.1 - - [26/Oct/2025 05:52:53] "GET /survey/static/description/icon.png HTTP/1.1" 200 - 0 0.000 0.002
2025-10-26 05:52:53,750 37520 INFO ? werkzeug: 127.0.0.1 - - [26/Oct/2025 05:52:53] "GET /repair/static/description/icon.png HTTP/1.1" 200 - 0 0.000 0.007
2025-10-26 05:52:53,751 37520 INFO ? werkzeug: 127.0.0.1 - - [26/Oct/2025 05:52:53] "GET /base/static/img/icons/web_mobile.png HTTP/1.1" 200 - 0 0.000 0.007
2025-10-26 05:52:53,751 37520 INFO ? werkzeug: 127.0.0.1 - - [26/Oct/2025 05:52:53] "GET /mass_mailing_sms/static/description/icon.png HTTP/1.1" 200 - 0 0.000 0.006
2025-10-26 05:52:53,753 37520 INFO ? werkzeug: 127.0.0.1 - - [26/Oct/2025 05:52:53] "GET /base/static/img/icons/stock_barcode.png HTTP/1.1" 200 - 0 0.000 0.007
2025-10-26 05:52:53,754 37520 INFO ? werkzeug: 127.0.0.1 - - [26/Oct/2025 05:52:53] "GET /hr_attendance/static/description/icon.png HTTP/1.1" 200 - 0 0.000 0.009
2025-10-26 05:52:53,964 37520 INFO ? werkzeug: 127.0.0.1 - - [26/Oct/2025 05:52:53] "GET /project_todo/static/description/icon.png HTTP/1.1" 200 - 0 0.000 0.002
2025-10-26 05:52:54,059 37520 INFO ? werkzeug: 127.0.0.1 - - [26/Oct/2025 05:52:54] "GET /hr_skills/static/description/icon.png HTTP/1.1" 200 - 0 0.000 0.003
2025-10-26 05:52:54,061 37520 INFO ? werkzeug: 127.0.0.1 - - [26/Oct/2025 05:52:54] "GET /base/static/img/icons/voip.png HTTP/1.1" 200 - 0 0.000 0.004
2025-10-26 05:52:54,061 37520 INFO ? werkzeug: 127.0.0.1 - - [26/Oct/2025 05:52:54] "GET /lunch/static/description/icon.png HTTP/1.1" 200 - 0 0.000 0.003
2025-10-26 05:52:54,065 37520 INFO ? werkzeug: 127.0.0.1 - - [26/Oct/2025 05:52:54] "GET /base/static/img/icons/sale_amazon.png HTTP/1.1" 200 - 0 0.000 0.003
2025-10-26 05:52:54,066 37520 INFO ? werkzeug: 127.0.0.1 - - [26/Oct/2025 05:52:54] "GET /website_hr_recruitment/static/description/icon.png HTTP/1.1" 200 - 0 0.000 0.006
2025-10-26 05:52:54,281 37520 INFO scholarixglobal werkzeug: 127.0.0.1 - - [26/Oct/2025 05:52:54] "GET /web/service-worker.js HTTP/1.1" 200 - 1 0.001 0.005
2025-10-26 05:53:05,452 37520 INFO scholarixglobal werkzeug: 127.0.0.1 - - [26/Oct/2025 05:53:05] "GET /odoo/apps?debug=1 HTTP/1.1" 200 - 9 0.003 0.010
2025-10-26 05:53:05,586 37520 INFO scholarixglobal werkzeug: 127.0.0.1 - - [26/Oct/2025 05:53:05] "GET /web/webclient/load_menus HTTP/1.1" 200 - 9 0.009 0.084
2025-10-26 05:53:05,691 37520 INFO scholarixglobal werkzeug: 127.0.0.1 - - [26/Oct/2025 05:53:05] "GET /web/webclient/translations?hash=8ad00c7a2de3e65b60f1541573dc25fed878409f&lang=en_GB HTTP/1.1" 200 - 1 0.001 0.001
2025-10-26 05:53:05,834 37520 INFO scholarixglobal werkzeug: 127.0.0.1 - - [26/Oct/2025 05:53:05] "POST /web/dataset/call_kw/ir.module.module/get_views#ir.module.module.get_views HTTP/1.1" 200 - 2 0.002 0.017
2025-10-26 05:53:05,842 37520 INFO scholarixglobal werkzeug: 127.0.0.1 - - [26/Oct/2025 05:53:05] "GET /bus/websocket_worker_bundle?v=saas-18.5-1 HTTP/1.1" 304 - 3 0.001 0.003
2025-10-26 05:53:05,847 37520 INFO scholarixglobal werkzeug: 127.0.0.1 - - [26/Oct/2025 05:53:05] "GET /web/image?model=res.users&field=avatar_128&id=2 HTTP/1.1" 304 - 8 0.004 0.007
2025-10-26 05:53:06,146 37520 INFO scholarixglobal werkzeug: 127.0.0.1 - - [26/Oct/2025 05:53:06] "POST /web/dataset/call_kw/ir.module.module/search_panel_select_range#ir.module.module.search_panel_select_range HTTP/1.1" 200 - 1 0.001 0.003
2025-10-26 05:53:06,167 37520 INFO scholarixglobal werkzeug: 127.0.0.1 - - [26/Oct/2025 05:53:06] "POST /web/dataset/call_kw/ir.module.module/search_panel_select_range#ir.module.module.search_panel_select_range HTTP/1.1" 200 - 41 0.013 0.011
2025-10-26 05:53:06,172 37520 INFO scholarixglobal werkzeug: 127.0.0.1 - - [26/Oct/2025 05:53:06] "POST /web/dataset/call_kw/ir.module.module/check_module_update#ir.module.module.check_module_update HTTP/1.1" 200 - 2 0.001 0.003
2025-10-26 05:53:06,173 37520 INFO scholarixglobal werkzeug: 127.0.0.1 - - [26/Oct/2025 05:53:06] "POST /web/dataset/call_kw/ir.module.module/check_module_update#ir.module.module.check_module_update HTTP/1.1" 200 - 2 0.001 0.003
2025-10-26 05:53:06,182 37520 INFO scholarixglobal werkzeug: 127.0.0.1 - - [26/Oct/2025 05:53:06] "POST /web/dataset/call_kw/ir.module.module/web_search_read#ir.module.module.web_search_read HTTP/1.1" 200 - 3 0.004 0.030
2025-10-26 05:53:06,194 37520 INFO scholarixglobal werkzeug: 127.0.0.1 - - [26/Oct/2025 05:53:06] "GET /web/manifest.webmanifest HTTP/1.1" 200 - 4 0.002 0.003
2025-10-26 05:53:06,221 37520 INFO scholarixglobal werkzeug: 127.0.0.1 - - [26/Oct/2025 05:53:06] "GET /websocket?version=saas-18.5-1 HTTP/1.1" 101 - 1 0.001 0.005
2025-10-26 05:53:08,065 37520 INFO scholarixglobal werkzeug: 127.0.0.1 - - [26/Oct/2025 05:53:08] "GET /web/service-worker.js HTTP/1.1" 200 - 1 0.001 0.001
2025-10-26 05:53:09,613 37520 INFO scholarixglobal odoo.addons.base.models.ir_module: ALLOW access to module.button_immediate_install on ['Sales'] to user info@scholarixglobal.com #2 via 127.0.0.1 
2025-10-26 05:53:09,613 37520 INFO scholarixglobal odoo.addons.base.models.ir_module: User #2 triggered module installation 
2025-10-26 05:53:09,618 37520 INFO scholarixglobal odoo.addons.base.models.ir_module: ALLOW access to module.button_install on ['Sales'] to user info@scholarixglobal.com #2 via 127.0.0.1 
2025-10-26 05:53:09,792 37520 INFO scholarixglobal odoo.modules.loading: loading 1 modules... 
2025-10-26 05:53:09,808 37520 INFO scholarixglobal odoo.modules.loading: 1 modules loaded in 0.02s, 0 queries (+0 extra) 
2025-10-26 05:53:09,843 37520 INFO scholarixglobal odoo.modules.loading: updating modules list 
2025-10-26 05:53:09,844 37520 INFO scholarixglobal odoo.addons.base.models.ir_module: ALLOW access to module.update_list on [] to user __system__ #1 via 127.0.0.1 
2025-10-26 05:53:10,892 37520 INFO scholarixglobal odoo.modules.loading: loading 57 modules... 
2025-10-26 05:53:10,898 37520 INFO scholarixglobal odoo.modules.loading: Loading module uom (15/57) 
2025-10-26 05:53:10,987 37520 INFO scholarixglobal odoo.registry: module uom: creating or updating database tables 
2025-10-26 05:53:11,107 37520 INFO scholarixglobal odoo.modules.loading: loading uom/data/uom_data.xml 
2025-10-26 05:53:11,206 37520 INFO scholarixglobal odoo.modules.loading: loading uom/security/uom_security.xml 
2025-10-26 05:53:11,220 37520 INFO scholarixglobal odoo.modules.loading: loading uom/security/ir.model.access.csv 
2025-10-26 05:53:11,239 37520 INFO scholarixglobal odoo.modules.loading: loading uom/views/uom_uom_views.xml 
2025-10-26 05:53:11,287 37520 INFO scholarixglobal odoo.addons.base.models.ir_module: module uom: no translation for language en_GB 
2025-10-26 05:53:11,290 37520 INFO scholarixglobal odoo.modules.loading: Module uom loaded in 0.39s, 221 queries (+221 other) 
2025-10-26 05:53:11,291 37520 INFO scholarixglobal odoo.modules.loading: Loading module http_routing (16/57) 
2025-10-26 05:53:11,401 37520 INFO scholarixglobal odoo.registry: module http_routing: creating or updating database tables 
2025-10-26 05:53:11,423 37520 INFO scholarixglobal odoo.modules.loading: loading http_routing/views/http_routing_template.xml 
2025-10-26 05:53:11,629 37520 INFO scholarixglobal odoo.modules.loading: loading http_routing/views/res_lang_views.xml 
2025-10-26 05:53:11,671 37520 INFO scholarixglobal odoo.addons.base.models.ir_module: module http_routing: no translation for language en_GB 
2025-10-26 05:53:11,676 37520 INFO scholarixglobal odoo.modules.loading: Module http_routing loaded in 0.39s, 114 queries (+118 other) 
2025-10-26 05:53:11,676 37520 INFO scholarixglobal odoo.modules.loading: Loading module onboarding (17/57) 
2025-10-26 05:53:11,816 37520 INFO scholarixglobal odoo.registry: module onboarding: creating or updating database tables 
2025-10-26 05:53:11,976 37520 INFO scholarixglobal odoo.modules.loading: loading onboarding/views/onboarding_templates.xml 
2025-10-26 05:53:12,004 37520 INFO scholarixglobal odoo.modules.loading: loading onboarding/views/onboarding_views.xml 
2025-10-26 05:53:12,043 37520 INFO scholarixglobal odoo.modules.loading: loading onboarding/views/onboarding_menus.xml 
2025-10-26 05:53:12,064 37520 INFO scholarixglobal odoo.modules.loading: loading onboarding/security/ir.model.access.csv 
2025-10-26 05:53:12,088 37520 INFO scholarixglobal odoo.addons.base.models.ir_module: module onboarding: no translation for language en_GB 
2025-10-26 05:53:12,095 37520 INFO scholarixglobal odoo.modules.loading: Module onboarding loaded in 0.42s, 246 queries (+246 other) 
2025-10-26 05:53:12,095 37520 INFO scholarixglobal odoo.modules.loading: Loading module resource (18/57) 
2025-10-26 05:53:12,333 37520 INFO scholarixglobal odoo.registry: module resource: creating or updating database tables 
2025-10-26 05:53:12,479 37520 INFO scholarixglobal odoo.modules.loading: loading resource/data/resource_data.xml 
2025-10-26 05:53:12,518 37520 INFO scholarixglobal odoo.modules.loading: loading resource/security/ir.model.access.csv 
2025-10-26 05:53:12,537 37520 INFO scholarixglobal odoo.modules.loading: loading resource/security/resource_security.xml 
2025-10-26 05:53:12,563 37520 INFO scholarixglobal odoo.modules.loading: loading resource/views/resource_resource_views.xml 
2025-10-26 05:53:12,598 37520 INFO scholarixglobal odoo.modules.loading: loading resource/views/resource_calendar_leaves_views.xml 
2025-10-26 05:53:12,638 37520 INFO scholarixglobal odoo.modules.loading: loading resource/views/resource_calendar_attendance_views.xml 
2025-10-26 05:53:12,658 37520 INFO scholarixglobal odoo.modules.loading: loading resource/views/resource_calendar_views.xml 
2025-10-26 05:53:12,688 37520 INFO scholarixglobal odoo.modules.loading: loading resource/views/menuitems.xml 
2025-10-26 05:53:12,738 37520 INFO scholarixglobal odoo.addons.base.models.ir_module: module resource: no translation for language en_GB 
2025-10-26 05:53:12,746 37520 INFO scholarixglobal odoo.modules.loading: Module resource loaded in 0.65s, 414 queries (+414 other) 
2025-10-26 05:53:12,746 37520 INFO scholarixglobal odoo.modules.loading: Loading module utm (19/57) 
2025-10-26 05:53:12,929 37520 INFO scholarixglobal odoo.registry: module utm: creating or updating database tables 
2025-10-26 05:53:13,098 37520 INFO scholarixglobal odoo.modules.loading: loading utm/data/utm_medium_data.xml 
2025-10-26 05:53:13,131 37520 INFO scholarixglobal odoo.modules.loading: loading utm/data/utm_source_data.xml 
2025-10-26 05:53:13,151 37520 INFO scholarixglobal odoo.modules.loading: loading utm/data/utm_stage_data.xml 
2025-10-26 05:53:13,171 37520 INFO scholarixglobal odoo.modules.loading: loading utm/data/utm_tag_data.xml 
2025-10-26 05:53:13,181 37520 INFO scholarixglobal odoo.modules.loading: loading utm/views/utm_campaign_views.xml 
2025-10-26 05:53:13,218 37520 INFO scholarixglobal odoo.modules.loading: loading utm/views/utm_medium_views.xml 
2025-10-26 05:53:13,241 37520 INFO scholarixglobal odoo.modules.loading: loading utm/views/utm_source_views.xml 
2025-10-26 05:53:13,260 37520 INFO scholarixglobal odoo.modules.loading: loading utm/views/utm_stage_views.xml 
2025-10-26 05:53:13,284 37520 INFO scholarixglobal odoo.modules.loading: loading utm/views/utm_tag_views.xml 
2025-10-26 05:53:13,298 37520 INFO scholarixglobal odoo.modules.loading: loading utm/views/utm_menus.xml 
2025-10-26 05:53:13,342 37520 INFO scholarixglobal odoo.modules.loading: loading utm/security/ir.model.access.csv 
2025-10-26 05:53:13,382 37520 INFO scholarixglobal odoo.addons.base.models.ir_module: module utm: no translation for language en_GB 
2025-10-26 05:53:13,388 37520 INFO scholarixglobal odoo.modules.loading: Module utm loaded in 0.64s, 410 queries (+410 other) 
2025-10-26 05:53:13,388 37520 INFO scholarixglobal odoo.modules.loading: Loading module mail (20/57) 
2025-10-26 05:53:13,457 37520 INFO scholarixglobal odoo.registry: module mail: creating or updating database tables 
2025-10-26 05:53:13,730 37520 INFO scholarixglobal odoo.models: Prepare computation of ir.actions.server.partner_ids 
2025-10-26 05:53:13,730 37520 INFO scholarixglobal odoo.models: Prepare computation of ir.actions.server.activity_user_id 
2025-10-26 05:53:13,731 37520 INFO scholarixglobal odoo.models: Prepare computation of ir.actions.server.activity_type_id 
2025-10-26 05:53:13,731 37520 INFO scholarixglobal odoo.models: Prepare computation of ir.actions.server.template_id 
2025-10-26 05:53:13,731 37520 INFO scholarixglobal odoo.models: Prepare computation of ir.actions.server.activity_date_deadline_range 
2025-10-26 05:53:13,731 37520 INFO scholarixglobal odoo.models: Prepare computation of ir.actions.server.activity_summary 
2025-10-26 05:53:13,731 37520 INFO scholarixglobal odoo.models: Prepare computation of ir.actions.server.followers_type 
2025-10-26 05:53:13,731 37520 INFO scholarixglobal odoo.models: Prepare computation of ir.actions.server.followers_partner_field_name 
2025-10-26 05:53:13,731 37520 INFO scholarixglobal odoo.models: Prepare computation of ir.actions.server.mail_post_method 
2025-10-26 05:53:13,731 37520 INFO scholarixglobal odoo.models: Prepare computation of ir.actions.server.activity_date_deadline_range_type 
2025-10-26 05:53:13,731 37520 INFO scholarixglobal odoo.models: Prepare computation of ir.actions.server.activity_user_type 
2025-10-26 05:53:13,731 37520 INFO scholarixglobal odoo.models: Prepare computation of ir.actions.server.activity_user_field_name 
2025-10-26 05:53:13,731 37520 INFO scholarixglobal odoo.models: Prepare computation of ir.actions.server.activity_note 
2025-10-26 05:53:13,731 37520 INFO scholarixglobal odoo.models: Prepare computation of ir.actions.server.mail_post_autofollow 
2025-10-26 05:53:13,802 37520 INFO scholarixglobal odoo.models: Prepare computation of res.users.notification_type 
2025-10-26 05:53:13,886 37520 INFO scholarixglobal odoo.models: Prepare computation of res.partner.email_normalized 
2025-10-26 05:53:15,564 37520 INFO scholarixglobal odoo.modules.loading: loading mail/data/mail_groups.xml 
2025-10-26 05:53:15,598 37520 INFO scholarixglobal odoo.modules.loading: loading mail/wizard/mail_activity_schedule_views.xml 
2025-10-26 05:53:15,624 37520 INFO scholarixglobal odoo.modules.loading: loading mail/wizard/mail_blacklist_remove_views.xml 
2025-10-26 05:53:15,642 37520 INFO scholarixglobal odoo.modules.loading: loading mail/wizard/mail_compose_message_views.xml 
2025-10-26 05:53:15,676 37520 INFO scholarixglobal odoo.modules.loading: loading mail/wizard/mail_template_preview_views.xml 
2025-10-26 05:53:15,693 37520 INFO scholarixglobal odoo.modules.loading: loading mail/wizard/mail_followers_edit_views.xml 
2025-10-26 05:53:15,714 37520 INFO scholarixglobal odoo.modules.loading: loading mail/wizard/mail_template_reset_views.xml 
2025-10-26 05:53:15,732 37520 INFO scholarixglobal odoo.modules.loading: loading mail/views/fetchmail_views.xml 
2025-10-26 05:53:15,763 37520 INFO scholarixglobal odoo.modules.loading: loading mail/views/ir_cron_views.xml 
2025-10-26 05:53:15,780 37520 INFO scholarixglobal odoo.modules.loading: loading mail/views/ir_filters_views.xml 
2025-10-26 05:53:15,807 37520 INFO scholarixglobal odoo.modules.loading: loading mail/views/ir_mail_server_views.xml 
2025-10-26 05:53:15,827 37520 INFO scholarixglobal odoo.modules.loading: loading mail/views/mail_message_subtype_views.xml 
2025-10-26 05:53:15,847 37520 INFO scholarixglobal odoo.modules.loading: loading mail/views/mail_tracking_value_views.xml 
2025-10-26 05:53:15,867 37520 INFO scholarixglobal odoo.modules.loading: loading mail/views/mail_notification_views.xml 
2025-10-26 05:53:15,886 37520 INFO scholarixglobal odoo.modules.loading: loading mail/views/mail_message_views.xml 
2025-10-26 05:53:15,940 37520 INFO scholarixglobal odoo.modules.loading: loading mail/views/mail_message_schedule_views.xml 
2025-10-26 05:53:15,975 37520 INFO scholarixglobal odoo.modules.loading: loading mail/views/mail_mail_views.xml 
2025-10-26 05:53:16,020 37520 INFO scholarixglobal odoo.modules.loading: loading mail/views/mail_followers_views.xml 
2025-10-26 05:53:16,046 37520 INFO scholarixglobal odoo.modules.loading: loading mail/views/mail_ice_server_views.xml 
2025-10-26 05:53:16,094 37520 INFO scholarixglobal odoo.modules.loading: loading mail/views/discuss_channel_member_views.xml 
2025-10-26 05:53:16,116 37520 INFO scholarixglobal odoo.modules.loading: loading mail/views/discuss_channel_rtc_session_views.xml 
2025-10-26 05:53:16,141 37520 INFO scholarixglobal odoo.modules.loading: loading mail/views/mail_link_preview_views.xml 
2025-10-26 05:53:16,174 37520 INFO scholarixglobal odoo.modules.loading: loading mail/views/discuss/discuss_gif_favorite_views.xml 
2025-10-26 05:53:16,201 37520 INFO scholarixglobal odoo.modules.loading: loading mail/views/discuss_channel_views.xml 
2025-10-26 05:53:16,242 37520 INFO scholarixglobal odoo.modules.loading: loading mail/views/mail_canned_response_views.xml 
2025-10-26 05:53:16,281 37520 INFO scholarixglobal odoo.modules.loading: loading mail/views/res_role_views.xml 
2025-10-26 05:53:16,311 37520 INFO scholarixglobal odoo.modules.loading: loading mail/views/mail_activity_views.xml 
2025-10-26 05:53:16,472 37520 INFO scholarixglobal odoo.modules.loading: loading mail/views/mail_activity_plan_views.xml 
2025-10-26 05:53:16,548 37520 INFO scholarixglobal odoo.modules.loading: loading mail/views/mail_activity_plan_template_views.xml 
2025-10-26 05:53:16,576 37520 INFO scholarixglobal odoo.modules.loading: loading mail/views/res_config_settings_views.xml 
2025-10-26 05:53:16,625 37520 INFO scholarixglobal odoo.modules.loading: loading mail/data/ir_config_parameter_data.xml 
2025-10-26 05:53:16,647 37520 INFO scholarixglobal odoo.modules.loading: loading mail/data/res_partner_data.xml 
2025-10-26 05:53:16,773 37520 INFO scholarixglobal odoo.modules.loading: loading mail/data/mail_message_subtype_data.xml 
2025-10-26 05:53:16,792 37520 INFO scholarixglobal odoo.modules.loading: loading mail/data/mail_templates_chatter.xml 
2025-10-26 05:53:16,824 37520 INFO scholarixglobal odoo.modules.loading: loading mail/data/mail_templates_email_layouts.xml 
2025-10-26 05:53:16,870 37520 INFO scholarixglobal odoo.modules.loading: loading mail/data/mail_templates_mailgateway.xml 
2025-10-26 05:53:16,904 37520 INFO scholarixglobal odoo.modules.loading: loading mail/data/discuss_channel_data.xml 
2025-10-26 05:53:16,974 37520 INFO scholarixglobal odoo.modules.loading: loading mail/data/mail_activity_type_data.xml 
2025-10-26 05:53:16,999 37520 INFO scholarixglobal odoo.modules.loading: loading mail/data/security_notifications_templates.xml 
2025-10-26 05:53:17,005 37520 INFO scholarixglobal odoo.modules.loading: loading mail/data/ir_cron_data.xml 
2025-10-26 05:53:17,177 37520 INFO scholarixglobal odoo.modules.loading: loading mail/data/ir_actions_client.xml 
2025-10-26 05:53:17,196 37520 INFO scholarixglobal odoo.modules.loading: loading mail/security/mail_security.xml 
2025-10-26 05:53:17,399 37520 INFO scholarixglobal odoo.modules.loading: loading mail/security/ir.model.access.csv 
2025-10-26 05:53:17,464 37520 INFO scholarixglobal odoo.modules.loading: loading mail/views/discuss_public_templates.xml 
2025-10-26 05:53:17,499 37520 INFO scholarixglobal odoo.modules.loading: loading mail/views/mail_alias_domain_views.xml 
2025-10-26 05:53:17,522 37520 INFO scholarixglobal odoo.modules.loading: loading mail/views/mail_alias_views.xml 
2025-10-26 05:53:17,548 37520 INFO scholarixglobal odoo.modules.loading: loading mail/views/mail_gateway_allowed_views.xml 
2025-10-26 05:53:17,565 37520 INFO scholarixglobal odoo.modules.loading: loading mail/views/mail_guest_views.xml 
2025-10-26 05:53:17,582 37520 INFO scholarixglobal odoo.modules.loading: loading mail/views/mail_message_reaction_views.xml 
2025-10-26 05:53:17,602 37520 INFO scholarixglobal odoo.modules.loading: loading mail/views/mail_templates_public.xml 
2025-10-26 05:53:17,625 37520 INFO scholarixglobal odoo.modules.loading: loading mail/views/res_users_views.xml 
2025-10-26 05:53:17,654 37520 INFO scholarixglobal odoo.modules.loading: loading mail/views/res_users_settings_views.xml 
2025-10-26 05:53:17,690 37520 INFO scholarixglobal odoo.modules.loading: loading mail/views/mail_template_views.xml 
2025-10-26 05:53:17,734 37520 INFO scholarixglobal odoo.modules.loading: loading mail/views/ir_actions_server_views.xml 
2025-10-26 05:53:17,768 37520 INFO scholarixglobal odoo.modules.loading: loading mail/views/ir_model_views.xml 
2025-10-26 05:53:17,817 37520 INFO scholarixglobal odoo.modules.loading: loading mail/views/res_partner_views.xml 
2025-10-26 05:53:17,890 37520 INFO scholarixglobal odoo.modules.loading: loading mail/views/mail_blacklist_views.xml 
2025-10-26 05:53:17,920 37520 INFO scholarixglobal odoo.modules.loading: loading mail/views/mail_menus.xml 
2025-10-26 05:53:18,069 37520 INFO scholarixglobal odoo.modules.loading: loading mail/views/discuss/discuss_menus.xml 
2025-10-26 05:53:18,083 37520 INFO scholarixglobal odoo.modules.loading: loading mail/views/discuss/discuss_call_history_views.xml 
2025-10-26 05:53:18,111 37520 INFO scholarixglobal odoo.modules.loading: loading mail/views/res_company_views.xml 
2025-10-26 05:53:18,132 37520 INFO scholarixglobal odoo.modules.loading: loading mail/views/mail_scheduled_message_views.xml 
2025-10-26 05:53:18,154 37520 INFO scholarixglobal odoo.modules.loading: loading mail/data/mail_canned_response_data.xml 
2025-10-26 05:53:18,172 37520 INFO scholarixglobal odoo.modules.loading: loading mail/data/mail_templates_invite.xml 
2025-10-26 05:53:18,194 37520 INFO scholarixglobal odoo.modules.loading: loading mail/data/web_tour_tour.xml 
2025-10-26 05:53:18,292 37520 INFO scholarixglobal odoo.addons.base.models.ir_module: module mail: no translation for language en_GB 
2025-10-26 05:53:18,350 37520 INFO scholarixglobal odoo.modules.loading: Module mail loaded in 4.96s, 5116 queries (+5117 other) 
2025-10-26 05:53:18,350 37520 INFO scholarixglobal odoo.modules.loading: Loading module analytic (21/57) 
2025-10-26 05:53:18,571 37520 INFO scholarixglobal odoo.registry: module analytic: creating or updating database tables 
2025-10-26 05:53:18,793 37520 INFO scholarixglobal odoo.modules.loading: loading analytic/security/analytic_security.xml 
2025-10-26 05:53:18,869 37520 INFO scholarixglobal odoo.modules.loading: loading analytic/security/ir.model.access.csv 
2025-10-26 05:53:18,915 37520 INFO scholarixglobal odoo.modules.loading: loading analytic/views/analytic_line_views.xml 
2025-10-26 05:53:19,004 37520 INFO scholarixglobal odoo.modules.loading: loading analytic/views/analytic_account_views.xml 
2025-10-26 05:53:19,059 37520 INFO scholarixglobal odoo.modules.loading: loading analytic/views/analytic_plan_views.xml 
2025-10-26 05:53:19,098 37520 INFO scholarixglobal odoo.modules.loading: loading analytic/views/analytic_distribution_model_views.xml 
2025-10-26 05:53:19,120 37520 INFO scholarixglobal odoo.modules.loading: loading analytic/data/analytic_data.xml 
2025-10-26 05:53:19,174 37520 INFO scholarixglobal odoo.addons.base.models.ir_module: module analytic: no translation for language en_GB 
2025-10-26 05:53:19,186 37520 INFO scholarixglobal odoo.modules.loading: Module analytic loaded in 0.84s, 412 queries (+412 other) 
2025-10-26 05:53:19,186 37520 INFO scholarixglobal odoo.modules.loading: Loading module auth_signup (22/57) 
2025-10-26 05:53:19,378 37520 INFO scholarixglobal odoo.registry: module auth_signup: creating or updating database tables 
2025-10-26 05:53:19,466 37520 INFO scholarixglobal odoo.modules.loading: loading auth_signup/data/ir_config_parameter_data.xml 
2025-10-26 05:53:19,489 37520 INFO scholarixglobal odoo.modules.loading: loading auth_signup/data/ir_cron_data.xml 
2025-10-26 05:53:19,519 37520 INFO scholarixglobal odoo.modules.loading: loading auth_signup/data/mail_template_data.xml 
2025-10-26 05:53:19,638 37520 INFO scholarixglobal odoo.modules.loading: loading auth_signup/views/res_config_settings_views.xml 
2025-10-26 05:53:19,672 37520 INFO scholarixglobal odoo.modules.loading: loading auth_signup/views/res_users_views.xml 
2025-10-26 05:53:19,721 37520 INFO scholarixglobal odoo.modules.loading: loading auth_signup/views/auth_signup_login_templates.xml 
2025-10-26 05:53:19,758 37520 INFO scholarixglobal odoo.modules.loading: loading auth_signup/views/auth_signup_templates_email.xml 
2025-10-26 05:53:19,777 37520 INFO scholarixglobal odoo.modules.loading: loading auth_signup/views/webclient_templates.xml 
2025-10-26 05:53:19,818 37520 INFO scholarixglobal odoo.addons.base.models.ir_module: module auth_signup: no translation for language en_GB 
2025-10-26 05:53:19,838 37520 INFO scholarixglobal odoo.modules.loading: Module auth_signup loaded in 0.65s, 256 queries (+256 other) 
2025-10-26 05:53:19,838 37520 INFO scholarixglobal odoo.modules.loading: Loading module auth_totp_mail (23/57) 
2025-10-26 05:53:19,977 37520 INFO scholarixglobal odoo.registry: module auth_totp_mail: creating or updating database tables 
2025-10-26 05:53:20,030 37520 INFO scholarixglobal odoo.modules.loading: loading auth_totp_mail/data/ir_action_data.xml 
2025-10-26 05:53:20,063 37520 INFO scholarixglobal odoo.modules.loading: loading auth_totp_mail/data/mail_template_data.xml 
2025-10-26 05:53:20,173 37520 INFO scholarixglobal odoo.modules.loading: loading auth_totp_mail/data/security_notifications_template.xml 
2025-10-26 05:53:20,193 37520 INFO scholarixglobal odoo.modules.loading: loading auth_totp_mail/views/res_config_settings_views.xml 
2025-10-26 05:53:20,218 37520 INFO scholarixglobal odoo.modules.loading: loading auth_totp_mail/views/res_users_views.xml 
2025-10-26 05:53:20,248 37520 INFO scholarixglobal odoo.modules.loading: loading auth_totp_mail/views/templates.xml 
2025-10-26 05:53:20,276 37520 INFO scholarixglobal odoo.addons.base.models.ir_module: module auth_totp_mail: no translation for language en_GB 
2025-10-26 05:53:20,286 37520 INFO scholarixglobal odoo.modules.loading: Module auth_totp_mail loaded in 0.45s, 186 queries (+186 other) 
2025-10-26 05:53:20,287 37520 INFO scholarixglobal odoo.modules.loading: Loading module base_install_request (24/57) 
2025-10-26 05:53:20,378 37520 INFO scholarixglobal odoo.registry: module base_install_request: creating or updating database tables 
2025-10-26 05:53:20,462 37520 INFO scholarixglobal odoo.modules.loading: loading base_install_request/security/ir.model.access.csv 
2025-10-26 05:53:20,500 37520 INFO scholarixglobal odoo.modules.loading: loading base_install_request/wizard/base_module_install_request_views.xml 
2025-10-26 05:53:20,538 37520 INFO scholarixglobal odoo.modules.loading: loading base_install_request/data/mail_template_data.xml 
2025-10-26 05:53:20,558 37520 INFO scholarixglobal odoo.modules.loading: loading base_install_request/data/mail_templates_module_install.xml 
2025-10-26 05:53:20,571 37520 INFO scholarixglobal odoo.modules.loading: loading base_install_request/views/ir_module_module_views.xml 
2025-10-26 05:53:20,606 37520 INFO scholarixglobal odoo.addons.base.models.ir_module: module base_install_request: no translation for language en_GB 
2025-10-26 05:53:20,611 37520 INFO scholarixglobal odoo.modules.loading: Module base_install_request loaded in 0.32s, 154 queries (+154 other) 
2025-10-26 05:53:20,611 37520 INFO scholarixglobal odoo.modules.loading: Loading module google_gmail (25/57) 
2025-10-26 05:53:20,797 37520 INFO scholarixglobal odoo.registry: module google_gmail: creating or updating database tables 
2025-10-26 05:53:20,970 37520 INFO scholarixglobal odoo.modules.loading: loading google_gmail/views/fetchmail_server_views.xml 
2025-10-26 05:53:21,007 37520 INFO scholarixglobal odoo.modules.loading: loading google_gmail/views/ir_mail_server_views.xml 
2025-10-26 05:53:21,029 37520 INFO scholarixglobal odoo.modules.loading: loading google_gmail/views/res_config_settings_views.xml 
2025-10-26 05:53:21,058 37520 INFO scholarixglobal odoo.modules.loading: loading google_gmail/views/templates.xml 
2025-10-26 05:53:21,074 37520 INFO scholarixglobal odoo.addons.base.models.ir_module: module google_gmail: no translation for language en_GB 
2025-10-26 05:53:21,077 37520 INFO scholarixglobal odoo.modules.loading: Module google_gmail loaded in 0.47s, 155 queries (+155 other) 
2025-10-26 05:53:21,077 37520 INFO scholarixglobal odoo.modules.loading: Loading module iap_mail (26/57) 
2025-10-26 05:53:21,133 37520 INFO scholarixglobal odoo.registry: module iap_mail: creating or updating database tables 
2025-10-26 05:53:21,181 37520 INFO scholarixglobal odoo.modules.loading: loading iap_mail/data/mail_templates.xml 
2025-10-26 05:53:21,214 37520 INFO scholarixglobal odoo.modules.loading: loading iap_mail/views/iap_views.xml 
2025-10-26 05:53:21,237 37520 INFO scholarixglobal odoo.addons.base.models.ir_module: module iap_mail: no translation for language en_GB 
2025-10-26 05:53:21,240 37520 INFO scholarixglobal odoo.modules.loading: Module iap_mail loaded in 0.16s, 66 queries (+66 other) 
2025-10-26 05:53:21,240 37520 INFO scholarixglobal odoo.modules.loading: Loading module mail_bot (27/57) 
2025-10-26 05:53:21,342 37520 INFO scholarixglobal odoo.registry: module mail_bot: creating or updating database tables 
2025-10-26 05:53:21,385 37520 INFO scholarixglobal odoo.modules.loading: loading mail_bot/views/res_users_views.xml 
2025-10-26 05:53:21,423 37520 INFO scholarixglobal odoo.modules.loading: loading mail_bot/data/mailbot_data.xml 
2025-10-26 05:53:21,448 37520 INFO scholarixglobal odoo.addons.base.models.ir_module: module mail_bot: no translation for language en_GB 
2025-10-26 05:53:21,451 37520 INFO scholarixglobal odoo.modules.loading: Module mail_bot loaded in 0.21s, 109 queries (+109 other) 
2025-10-26 05:53:21,451 37520 INFO scholarixglobal odoo.modules.loading: Loading module microsoft_outlook (28/57) 
2025-10-26 05:53:21,601 37520 INFO scholarixglobal odoo.registry: module microsoft_outlook: creating or updating database tables 
2025-10-26 05:53:21,644 37520 INFO scholarixglobal odoo.modules.loading: loading microsoft_outlook/views/fetchmail_server_views.xml 
2025-10-26 05:53:21,674 37520 INFO scholarixglobal odoo.modules.loading: loading microsoft_outlook/views/ir_mail_server_views.xml 
2025-10-26 05:53:21,691 37520 INFO scholarixglobal odoo.modules.loading: loading microsoft_outlook/views/res_config_settings_views.xml 
2025-10-26 05:53:21,714 37520 INFO scholarixglobal odoo.modules.loading: loading microsoft_outlook/views/templates.xml 
2025-10-26 05:53:21,728 37520 INFO scholarixglobal odoo.addons.base.models.ir_module: module microsoft_outlook: no translation for language en_GB 
2025-10-26 05:53:21,731 37520 INFO scholarixglobal odoo.modules.loading: Module microsoft_outlook loaded in 0.28s, 158 queries (+158 other) 
2025-10-26 05:53:21,731 37520 INFO scholarixglobal odoo.modules.loading: Loading module phone_validation (29/57) 
2025-10-26 05:53:22,012 37520 INFO scholarixglobal odoo.registry: module phone_validation: creating or updating database tables 
2025-10-26 05:53:22,037 37520 INFO scholarixglobal odoo.models: Prepare computation of res.partner.phone_sanitized 
2025-10-26 05:53:22,787 37520 INFO scholarixglobal odoo.addons.phone_validation.tools.phone_validation: The `phonenumbers` Python module is not installed, contact numbers will not be verified. Please install the `phonenumbers` Python module. 
2025-10-26 05:53:22,848 37520 INFO scholarixglobal odoo.modules.loading: loading phone_validation/security/ir.model.access.csv 
2025-10-26 05:53:22,879 37520 INFO scholarixglobal odoo.modules.loading: loading phone_validation/views/phone_blacklist_views.xml 
2025-10-26 05:53:22,923 37520 INFO scholarixglobal odoo.modules.loading: loading phone_validation/views/res_partner_views.xml 
2025-10-26 05:53:22,944 37520 INFO scholarixglobal odoo.modules.loading: loading phone_validation/wizard/phone_blacklist_remove_view.xml 
2025-10-26 05:53:22,966 37520 INFO scholarixglobal odoo.addons.base.models.ir_module: module phone_validation: no translation for language en_GB 
2025-10-26 05:53:22,973 37520 INFO scholarixglobal odoo.modules.loading: Module phone_validation loaded in 1.24s, 1804 queries (+1804 other) 
2025-10-26 05:53:22,974 37520 INFO scholarixglobal odoo.modules.loading: Loading module privacy_lookup (30/57) 
2025-10-26 05:53:23,122 37520 INFO scholarixglobal odoo.registry: module privacy_lookup: creating or updating database tables 
2025-10-26 05:53:23,270 37520 INFO scholarixglobal odoo.modules.loading: loading privacy_lookup/wizard/privacy_lookup_wizard_views.xml 
2025-10-26 05:53:23,346 37520 INFO scholarixglobal odoo.modules.loading: loading privacy_lookup/views/privacy_log_views.xml 
2025-10-26 05:53:23,374 37520 INFO scholarixglobal odoo.modules.loading: loading privacy_lookup/security/ir.model.access.csv 
2025-10-26 05:53:23,395 37520 INFO scholarixglobal odoo.modules.loading: loading privacy_lookup/data/ir_actions_server_data.xml 
2025-10-26 05:53:23,421 37520 INFO scholarixglobal odoo.addons.base.models.ir_module: module privacy_lookup: no translation for language en_GB 
2025-10-26 05:53:23,430 37520 INFO scholarixglobal odoo.modules.loading: Module privacy_lookup loaded in 0.46s, 286 queries (+286 other) 
2025-10-26 05:53:23,430 37520 INFO scholarixglobal odoo.modules.loading: Loading module product (31/57) 
2025-10-26 05:53:24,439 37520 INFO scholarixglobal odoo.registry: module product: creating or updating database tables 
2025-10-26 05:53:25,090 37520 INFO scholarixglobal odoo.modules.loading: loading product/data/product_data.xml 
2025-10-26 05:53:25,146 37520 INFO scholarixglobal odoo.modules.loading: loading product/security/product_security.xml 
2025-10-26 05:53:25,238 37520 INFO scholarixglobal odoo.modules.loading: loading product/security/ir.model.access.csv 
2025-10-26 05:53:25,274 37520 INFO scholarixglobal odoo.modules.loading: loading product/wizard/product_label_layout_views.xml 
2025-10-26 05:53:25,295 37520 INFO scholarixglobal odoo.modules.loading: loading product/wizard/update_product_attribute_value_views.xml 
2025-10-26 05:53:25,323 37520 INFO scholarixglobal odoo.modules.loading: loading product/views/product_tag_views.xml 
2025-10-26 05:53:25,345 37520 INFO scholarixglobal odoo.modules.loading: loading product/views/product_views.xml 
2025-10-26 05:53:25,447 37520 INFO scholarixglobal odoo.modules.loading: loading product/views/res_config_settings_views.xml 
2025-10-26 05:53:25,468 37520 INFO scholarixglobal odoo.modules.loading: loading product/views/product_attribute_views.xml 
2025-10-26 05:53:25,525 37520 INFO scholarixglobal odoo.modules.loading: loading product/views/product_attribute_value_views.xml 
2025-10-26 05:53:25,537 37520 INFO scholarixglobal odoo.modules.loading: loading product/views/product_category_views.xml 
2025-10-26 05:53:25,565 37520 INFO scholarixglobal odoo.modules.loading: loading product/views/product_combo_views.xml 
2025-10-26 05:53:25,588 37520 INFO scholarixglobal odoo.modules.loading: loading product/views/product_document_views.xml 
2025-10-26 05:53:25,614 37520 INFO scholarixglobal odoo.modules.loading: loading product/views/product_pricelist_item_views.xml 
2025-10-26 05:53:25,649 37520 INFO scholarixglobal odoo.modules.loading: loading product/views/product_pricelist_views.xml 
2025-10-26 05:53:25,680 37520 INFO scholarixglobal odoo.modules.loading: loading product/views/product_supplierinfo_views.xml 
2025-10-26 05:53:25,709 37520 INFO scholarixglobal odoo.modules.loading: loading product/views/product_template_attribute_line_views.xml 
2025-10-26 05:53:25,723 37520 INFO scholarixglobal odoo.modules.loading: loading product/views/product_template_views.xml 
2025-10-26 05:53:25,793 37520 INFO scholarixglobal odoo.modules.loading: loading product/views/res_country_group_views.xml 
2025-10-26 05:53:25,809 37520 INFO scholarixglobal odoo.modules.loading: loading product/views/res_partner_views.xml 
2025-10-26 05:53:25,829 37520 INFO scholarixglobal odoo.modules.loading: loading product/views/uom_views.xml 
2025-10-26 05:53:25,847 37520 INFO scholarixglobal odoo.modules.loading: loading product/report/product_reports.xml 
2025-10-26 05:53:25,897 37520 INFO scholarixglobal odoo.modules.loading: loading product/report/product_product_templates.xml 
2025-10-26 05:53:25,942 37520 INFO scholarixglobal odoo.modules.loading: loading product/report/product_template_templates.xml 
2025-10-26 05:53:25,974 37520 INFO scholarixglobal odoo.modules.loading: loading product/report/product_packaging.xml 
2025-10-26 05:53:25,988 37520 INFO scholarixglobal odoo.modules.loading: loading product/report/product_pricelist_report_templates.xml 
2025-10-26 05:53:26,114 37520 INFO scholarixglobal odoo.addons.base.models.ir_module: module product: no translation for language en_GB 
2025-10-26 05:53:26,132 37520 INFO scholarixglobal odoo.modules.loading: Module product loaded in 2.70s, 1633 queries (+1633 other) 
2025-10-26 05:53:26,132 37520 INFO scholarixglobal odoo.modules.loading: Loading module resource_mail (32/57) 
2025-10-26 05:53:26,185 37520 INFO scholarixglobal odoo.registry: module resource_mail: creating or updating database tables 
2025-10-26 05:53:26,271 37520 INFO scholarixglobal odoo.addons.base.models.ir_module: module resource_mail: no translation for language en_GB 
2025-10-26 05:53:26,278 37520 INFO scholarixglobal odoo.modules.loading: Module resource_mail loaded in 0.15s, 36 queries (+36 other) 
2025-10-26 05:53:26,278 37520 INFO scholarixglobal odoo.modules.loading: Loading module sales_team (33/57) 
2025-10-26 05:53:26,406 37520 INFO scholarixglobal odoo.registry: module sales_team: creating or updating database tables 
2025-10-26 05:53:26,450 37520 INFO scholarixglobal odoo.models: Prepare computation of res.users.sale_team_id 
2025-10-26 05:53:26,559 37520 INFO scholarixglobal odoo.modules.loading: loading sales_team/security/sales_team_security.xml 
2025-10-26 05:53:26,619 37520 INFO scholarixglobal odoo.modules.loading: loading sales_team/security/ir.model.access.csv 
2025-10-26 05:53:26,637 37520 INFO scholarixglobal odoo.modules.loading: loading sales_team/data/crm_team_data.xml 
2025-10-26 05:53:26,679 37520 INFO scholarixglobal odoo.modules.loading: loading sales_team/views/crm_tag_views.xml 
2025-10-26 05:53:26,701 37520 INFO scholarixglobal odoo.modules.loading: loading sales_team/views/crm_team_views.xml 
2025-10-26 05:53:26,742 37520 INFO scholarixglobal odoo.modules.loading: loading sales_team/views/crm_team_member_views.xml 
2025-10-26 05:53:26,799 37520 INFO scholarixglobal odoo.modules.loading: loading sales_team/views/mail_activity_views.xml 
2025-10-26 05:53:26,853 37520 INFO scholarixglobal odoo.addons.base.models.ir_module: module sales_team: no translation for language en_GB 
2025-10-26 05:53:26,861 37520 INFO scholarixglobal odoo.modules.loading: Module sales_team loaded in 0.58s, 365 queries (+365 other) 
2025-10-26 05:53:26,861 37520 INFO scholarixglobal odoo.modules.loading: Loading module partner_autocomplete (34/57) 
2025-10-26 05:53:27,059 37520 INFO scholarixglobal odoo.registry: module partner_autocomplete: creating or updating database tables 
2025-10-26 05:53:27,155 37520 INFO scholarixglobal odoo.modules.loading: loading partner_autocomplete/views/res_company_views.xml 
2025-10-26 05:53:27,195 37520 INFO scholarixglobal odoo.modules.loading: loading partner_autocomplete/views/res_config_settings_views.xml 
2025-10-26 05:53:27,231 37520 INFO scholarixglobal odoo.modules.loading: loading partner_autocomplete/data/iap_service_data.xml 
2025-10-26 05:53:27,240 37520 INFO scholarixglobal odoo.addons.base.models.ir_module: module partner_autocomplete: no translation for language en_GB 
2025-10-26 05:53:27,243 37520 INFO scholarixglobal odoo.modules.loading: Module partner_autocomplete loaded in 0.38s, 142 queries (+142 other) 
2025-10-26 05:53:27,243 37520 INFO scholarixglobal odoo.modules.loading: Loading module portal (35/57) 
2025-10-26 05:53:27,709 37520 INFO scholarixglobal odoo.registry: module portal: creating or updating database tables 
2025-10-26 05:53:28,084 37520 INFO scholarixglobal odoo.modules.loading: loading portal/security/ir.model.access.csv 
2025-10-26 05:53:28,117 37520 INFO scholarixglobal odoo.modules.loading: loading portal/data/mail_templates.xml 
2025-10-26 05:53:28,149 37520 INFO scholarixglobal odoo.modules.loading: loading portal/views/address_templates.xml 
2025-10-26 05:53:28,208 37520 INFO scholarixglobal odoo.modules.loading: loading portal/views/mail_templates_public.xml 
2025-10-26 05:53:28,226 37520 INFO scholarixglobal odoo.modules.loading: loading portal/views/portal_templates.xml 
2025-10-26 05:53:28,368 37520 INFO scholarixglobal odoo.modules.loading: loading portal/views/res_config_settings_views.xml 
2025-10-26 05:53:28,409 37520 INFO scholarixglobal odoo.modules.loading: loading portal/wizard/portal_share_views.xml 
2025-10-26 05:53:28,450 37520 INFO scholarixglobal odoo.modules.loading: loading portal/wizard/portal_wizard_views.xml 
2025-10-26 05:53:28,508 37520 INFO scholarixglobal odoo.addons.base.models.ir_module: module portal: no translation for language en_GB 
2025-10-26 05:53:28,521 37520 INFO scholarixglobal odoo.modules.loading: Module portal loaded in 1.28s, 608 queries (+608 other) 
2025-10-26 05:53:28,521 37520 INFO scholarixglobal odoo.modules.loading: Loading module sms (36/57) 
2025-10-26 05:53:29,219 37520 INFO scholarixglobal odoo.registry: module sms: creating or updating database tables 
2025-10-26 05:53:29,233 37520 INFO scholarixglobal odoo.models: Prepare computation of ir.actions.server.sms_template_id 
2025-10-26 05:53:29,233 37520 INFO scholarixglobal odoo.models: Prepare computation of ir.actions.server.sms_method 
2025-10-26 05:53:30,754 37520 INFO scholarixglobal odoo.modules.loading: loading sms/data/iap_service_data.xml 
2025-10-26 05:53:30,772 37520 INFO scholarixglobal odoo.modules.loading: loading sms/data/ir_cron_data.xml 
2025-10-26 05:53:30,808 37520 INFO scholarixglobal odoo.modules.loading: loading sms/wizard/sms_account_code_views.xml 
2025-10-26 05:53:30,846 37520 INFO scholarixglobal odoo.modules.loading: loading sms/wizard/sms_account_phone_views.xml 
2025-10-26 05:53:30,866 37520 INFO scholarixglobal odoo.modules.loading: loading sms/wizard/sms_account_sender_views.xml 
2025-10-26 05:53:30,895 37520 INFO scholarixglobal odoo.modules.loading: loading sms/wizard/sms_composer_views.xml 
2025-10-26 05:53:30,931 37520 INFO scholarixglobal odoo.modules.loading: loading sms/wizard/sms_template_preview_views.xml 
2025-10-26 05:53:30,948 37520 INFO scholarixglobal odoo.modules.loading: loading sms/wizard/sms_template_reset_views.xml 
2025-10-26 05:53:30,971 37520 INFO scholarixglobal odoo.modules.loading: loading sms/views/ir_actions_server_views.xml 
2025-10-26 05:53:31,006 37520 INFO scholarixglobal odoo.modules.loading: loading sms/views/mail_notification_views.xml 
2025-10-26 05:53:31,036 37520 INFO scholarixglobal odoo.modules.loading: loading sms/views/res_config_settings_views.xml 
2025-10-26 05:53:31,056 37520 INFO scholarixglobal odoo.modules.loading: loading sms/views/res_partner_views.xml 
2025-10-26 05:53:31,092 37520 INFO scholarixglobal odoo.modules.loading: loading sms/views/iap_account_views.xml 
2025-10-26 05:53:31,118 37520 INFO scholarixglobal odoo.modules.loading: loading sms/views/sms_sms_views.xml 
2025-10-26 05:53:31,182 37520 INFO scholarixglobal odoo.modules.loading: loading sms/views/sms_template_views.xml 
2025-10-26 05:53:31,230 37520 INFO scholarixglobal odoo.modules.loading: loading sms/security/ir.model.access.csv 
2025-10-26 05:53:31,261 37520 INFO scholarixglobal odoo.modules.loading: loading sms/security/sms_security.xml 
2025-10-26 05:53:31,317 37520 INFO scholarixglobal odoo.addons.base.models.ir_module: module sms: no translation for language en_GB 
2025-10-26 05:53:31,325 37520 INFO scholarixglobal odoo.modules.loading: Module sms loaded in 2.80s, 2433 queries (+2433 other) 
2025-10-26 05:53:31,325 37520 INFO scholarixglobal odoo.modules.loading: Loading module snailmail (37/57) 
2025-10-26 05:53:31,715 37520 INFO scholarixglobal odoo.registry: module snailmail: creating or updating database tables 
2025-10-26 05:53:32,027 37520 INFO scholarixglobal odoo.modules.loading: loading snailmail/data/iap_service_data.xml 
2025-10-26 05:53:32,050 37520 INFO scholarixglobal odoo.modules.loading: loading snailmail/data/snailmail_data.xml 
2025-10-26 05:53:32,090 37520 INFO scholarixglobal odoo.modules.loading: loading snailmail/views/report_assets.xml 
2025-10-26 05:53:32,122 37520 INFO scholarixglobal odoo.modules.loading: loading snailmail/views/snailmail_views.xml 
2025-10-26 05:53:32,161 37520 INFO scholarixglobal odoo.modules.loading: loading snailmail/security/ir.model.access.csv 
2025-10-26 05:53:32,197 37520 INFO scholarixglobal odoo.addons.base.models.ir_module: module snailmail: no translation for language en_GB 
2025-10-26 05:53:32,204 37520 INFO scholarixglobal odoo.modules.loading: Module snailmail loaded in 0.88s, 478 queries (+478 other) 
2025-10-26 05:53:32,204 37520 INFO scholarixglobal odoo.modules.loading: Loading module auth_passkey_portal (38/57) 
2025-10-26 05:53:32,215 37520 INFO scholarixglobal odoo.modules.loading: loading auth_passkey_portal/views/templates.xml 
2025-10-26 05:53:32,252 37520 INFO scholarixglobal odoo.addons.base.models.ir_module: module auth_passkey_portal: no translation for language en_GB 
2025-10-26 05:53:32,256 37520 INFO scholarixglobal odoo.modules.loading: Module auth_passkey_portal loaded in 0.05s, 22 queries (+22 other) 
2025-10-26 05:53:32,256 37520 INFO scholarixglobal odoo.modules.loading: Loading module auth_totp_portal (39/57) 
2025-10-26 05:53:32,316 37520 INFO scholarixglobal odoo.registry: module auth_totp_portal: creating or updating database tables 
2025-10-26 05:53:32,361 37520 INFO scholarixglobal odoo.modules.loading: loading auth_totp_portal/security/security.xml 
2025-10-26 05:53:32,395 37520 INFO scholarixglobal odoo.modules.loading: loading auth_totp_portal/views/templates.xml 
2025-10-26 05:53:32,426 37520 INFO scholarixglobal odoo.addons.base.models.ir_module: module auth_totp_portal: no translation for language en_GB 
2025-10-26 05:53:32,430 37520 INFO scholarixglobal odoo.modules.loading: Module auth_totp_portal loaded in 0.17s, 70 queries (+70 other) 
2025-10-26 05:53:32,430 37520 INFO scholarixglobal odoo.modules.loading: Loading module digest (40/57) 
2025-10-26 05:53:32,574 37520 INFO scholarixglobal odoo.registry: module digest: creating or updating database tables 
2025-10-26 05:53:32,793 37520 INFO scholarixglobal odoo.modules.loading: loading digest/security/ir.model.access.csv 
2025-10-26 05:53:32,820 37520 INFO scholarixglobal odoo.modules.loading: loading digest/data/digest_data.xml 
2025-10-26 05:53:32,860 37520 INFO scholarixglobal odoo.modules.loading: loading digest/data/digest_tips_data.xml 
2025-10-26 05:53:32,893 37520 INFO scholarixglobal odoo.modules.loading: loading digest/data/ir_cron_data.xml 
2025-10-26 05:53:32,926 37520 INFO scholarixglobal odoo.modules.loading: loading digest/data/res_config_settings_data.xml 
2025-10-26 05:53:32,941 37520 INFO scholarixglobal odoo.modules.loading: loading digest/views/digest_views.xml 
2025-10-26 05:53:33,005 37520 INFO scholarixglobal odoo.modules.loading: loading digest/views/digest_templates.xml 
2025-10-26 05:53:33,027 37520 INFO scholarixglobal odoo.modules.loading: loading digest/views/res_config_settings_views.xml 
2025-10-26 05:53:33,068 37520 INFO scholarixglobal odoo.addons.base.models.ir_module: module digest: no translation for language en_GB 
2025-10-26 05:53:33,080 37520 INFO scholarixglobal odoo.modules.loading: Module digest loaded in 0.65s, 325 queries (+325 other) 
2025-10-26 05:53:33,081 37520 INFO scholarixglobal odoo.modules.loading: Loading module payment (41/57) 
2025-10-26 05:53:34,027 37520 INFO scholarixglobal odoo.registry: module payment: creating or updating database tables 
2025-10-26 05:53:34,503 37520 INFO scholarixglobal odoo.modules.loading: loading payment/data/ir_actions_server_data.xml 
2025-10-26 05:53:34,552 37520 INFO scholarixglobal odoo.modules.loading: loading payment/data/payment_method_data.xml 
2025-10-26 05:53:38,205 37520 INFO scholarixglobal odoo.modules.loading: loading payment/data/payment_provider_data.xml 
2025-10-26 05:53:38,644 37520 INFO scholarixglobal odoo.modules.loading: loading payment/data/payment_cron.xml 
2025-10-26 05:53:38,673 37520 INFO scholarixglobal odoo.modules.loading: loading payment/views/express_checkout_templates.xml 
2025-10-26 05:53:38,692 37520 INFO scholarixglobal odoo.modules.loading: loading payment/views/payment_form_templates.xml 
2025-10-26 05:53:38,739 37520 INFO scholarixglobal odoo.modules.loading: loading payment/views/portal_templates.xml 
2025-10-26 05:53:38,789 37520 INFO scholarixglobal odoo.modules.loading: loading payment/views/payment_provider_views.xml 
2025-10-26 05:53:38,843 37520 INFO scholarixglobal odoo.modules.loading: loading payment/views/payment_method_views.xml 
2025-10-26 05:53:38,876 37520 INFO scholarixglobal odoo.modules.loading: loading payment/views/payment_transaction_views.xml 
2025-10-26 05:53:38,918 37520 INFO scholarixglobal odoo.modules.loading: loading payment/views/payment_token_views.xml 
2025-10-26 05:53:38,943 37520 INFO scholarixglobal odoo.modules.loading: loading payment/views/res_partner_views.xml 
2025-10-26 05:53:38,965 37520 INFO scholarixglobal odoo.modules.loading: loading payment/security/ir.model.access.csv 
2025-10-26 05:53:39,802 37520 INFO scholarixglobal odoo.modules.loading: loading payment/security/payment_security.xml 
2025-10-26 05:53:39,846 37520 INFO scholarixglobal odoo.modules.loading: loading payment/wizards/payment_capture_wizard_views.xml 
2025-10-26 05:53:39,870 37520 INFO scholarixglobal odoo.modules.loading: loading payment/wizards/payment_link_wizard_views.xml 
2025-10-26 05:53:39,925 37520 INFO scholarixglobal odoo.addons.base.models.ir_module: module payment: no translation for language en_GB 
2025-10-26 05:53:39,934 37520 INFO scholarixglobal odoo.modules.loading: Module payment loaded in 6.85s, 2403 queries (+2403 other) 
2025-10-26 05:53:39,934 37520 INFO scholarixglobal odoo.modules.loading: Loading module spreadsheet (42/57) 
2025-10-26 05:53:40,227 37520 INFO scholarixglobal odoo.registry: module spreadsheet: creating or updating database tables 
2025-10-26 05:53:40,292 37520 INFO scholarixglobal odoo.modules.loading: loading spreadsheet/views/public_readonly_spreadsheet_templates.xml 
2025-10-26 05:53:40,371 37520 INFO scholarixglobal odoo.addons.base.models.ir_module: module spreadsheet: no translation for language en_GB 
2025-10-26 05:53:40,380 37520 INFO scholarixglobal odoo.modules.loading: Module spreadsheet loaded in 0.45s, 84 queries (+84 other) 
2025-10-26 05:53:40,381 37520 INFO scholarixglobal odoo.modules.loading: Loading module account (43/57) 
2025-10-26 05:53:43,274 37520 INFO scholarixglobal odoo.registry: module account: creating or updating database tables 
2025-10-26 05:53:43,489 37520 INFO scholarixglobal odoo.models: Prepare computation of res.company.domestic_fiscal_position_id 
2025-10-26 05:53:43,489 37520 INFO scholarixglobal odoo.models: Prepare computation of res.company.account_fiscal_country_id 
2025-10-26 05:53:43,489 37520 INFO scholarixglobal odoo.models: Prepare computation of res.company.invoice_terms_html 
2025-10-26 05:53:43,489 37520 INFO scholarixglobal odoo.models: Prepare computation of res.company.account_storno 
2025-10-26 05:53:45,554 37520 INFO scholarixglobal odoo.modules.loading: loading account/security/account_security.xml 
2025-10-26 05:53:45,824 37520 INFO scholarixglobal odoo.modules.loading: loading account/security/ir.model.access.csv 
2025-10-26 05:53:45,881 37520 INFO scholarixglobal odoo.modules.loading: loading account/data/account_data.xml 
2025-10-26 05:53:45,954 37520 INFO scholarixglobal odoo.modules.loading: loading account/data/digest_data.xml 
2025-10-26 05:53:45,973 37520 INFO scholarixglobal odoo.modules.loading: loading account/views/account_report.xml 
2025-10-26 05:53:46,000 37520 INFO scholarixglobal odoo.modules.loading: loading account/data/mail_template_data.xml 
2025-10-26 05:53:46,049 37520 INFO scholarixglobal odoo.modules.loading: loading account/data/onboarding_data.xml 
2025-10-26 05:53:46,145 37520 INFO scholarixglobal odoo.modules.loading: loading account/data/account_tour.xml 
2025-10-26 05:53:46,164 37520 INFO scholarixglobal odoo.modules.loading: loading account/data/ir_sequence.xml 
2025-10-26 05:53:46,176 37520 INFO scholarixglobal odoo.modules.loading: loading account/data/res_country_group.xml 
2025-10-26 05:53:46,209 37520 INFO scholarixglobal odoo.modules.loading: loading account/views/account_payment_view.xml 
2025-10-26 05:53:46,283 37520 INFO scholarixglobal odoo.modules.loading: loading account/wizard/account_automatic_entry_wizard_views.xml 
2025-10-26 05:53:46,304 37520 INFO scholarixglobal odoo.modules.loading: loading account/wizard/account_autopost_bills_wizard.xml 
2025-10-26 05:53:46,327 37520 INFO scholarixglobal odoo.modules.loading: loading account/wizard/account_unreconcile_view.xml 
2025-10-26 05:53:46,351 37520 INFO scholarixglobal odoo.modules.loading: loading account/wizard/account_move_reversal_view.xml 
2025-10-26 05:53:46,374 37520 INFO scholarixglobal odoo.modules.loading: loading account/wizard/account_resequence_views.xml 
2025-10-26 05:53:46,401 37520 INFO scholarixglobal odoo.modules.loading: loading account/wizard/account_payment_register_views.xml 
2025-10-26 05:53:46,423 37520 INFO scholarixglobal odoo.modules.loading: loading account/views/account_move_views.xml 
2025-10-26 05:53:47,359 37520 INFO scholarixglobal odoo.modules.loading: loading account/wizard/setup_wizards_view.xml 
2025-10-26 05:53:47,404 37520 INFO scholarixglobal odoo.modules.loading: loading account/views/account_account_views.xml 
2025-10-26 05:53:47,463 37520 INFO scholarixglobal odoo.modules.loading: loading account/views/account_group_views.xml 
2025-10-26 05:53:47,487 37520 INFO scholarixglobal odoo.modules.loading: loading account/views/account_journal_views.xml 
2025-10-26 05:53:47,555 37520 INFO scholarixglobal odoo.modules.loading: loading account/views/account_account_tag_views.xml 
2025-10-26 05:53:47,598 37520 INFO scholarixglobal odoo.modules.loading: loading account/views/account_bank_statement_views.xml 
2025-10-26 05:53:47,638 37520 INFO scholarixglobal odoo.modules.loading: loading account/views/account_reconcile_model_views.xml 
2025-10-26 05:53:47,676 37520 INFO scholarixglobal odoo.modules.loading: loading account/views/account_tax_views.xml 
2025-10-26 05:53:47,765 37520 INFO scholarixglobal odoo.modules.loading: loading account/views/account_full_reconcile_views.xml 
2025-10-26 05:53:47,781 37520 INFO scholarixglobal odoo.modules.loading: loading account/views/account_payment_term_views.xml 
2025-10-26 05:53:47,819 37520 INFO scholarixglobal odoo.modules.loading: loading account/views/account_payment_method.xml 
2025-10-26 05:53:47,834 37520 INFO scholarixglobal odoo.modules.loading: loading account/views/res_partner_bank_views.xml 
2025-10-26 05:53:47,879 37520 INFO scholarixglobal odoo.modules.loading: loading account/views/report_statement.xml 
2025-10-26 05:53:47,914 37520 INFO scholarixglobal odoo.modules.loading: loading account/views/terms_template.xml 
2025-10-26 05:53:47,937 37520 INFO scholarixglobal odoo.modules.loading: loading account/wizard/account_validate_move_view.xml 
2025-10-26 05:53:47,980 37520 INFO scholarixglobal odoo.modules.loading: loading account/views/res_company_views.xml 
2025-10-26 05:53:48,013 37520 INFO scholarixglobal odoo.modules.loading: loading account/views/product_view.xml 
2025-10-26 05:53:48,102 37520 INFO scholarixglobal odoo.modules.loading: loading account/views/account_analytic_plan_views.xml 
2025-10-26 05:53:48,129 37520 INFO scholarixglobal odoo.modules.loading: loading account/views/account_analytic_account_views.xml 
2025-10-26 05:53:48,164 37520 INFO scholarixglobal odoo.modules.loading: loading account/views/account_analytic_distribution_model_views.xml 
2025-10-26 05:53:48,207 37520 INFO scholarixglobal odoo.modules.loading: loading account/views/account_analytic_line_views.xml 
2025-10-26 05:53:48,247 37520 INFO scholarixglobal odoo.modules.loading: loading account/views/report_invoice.xml 
2025-10-26 05:53:48,303 37520 INFO scholarixglobal odoo.modules.loading: loading account/report/account_invoice_report_view.xml 
2025-10-26 05:53:48,360 37520 INFO scholarixglobal odoo.modules.loading: loading account/views/account_cash_rounding_view.xml 
2025-10-26 05:53:48,392 37520 INFO scholarixglobal odoo.modules.loading: loading account/views/ir_actions_views.xml 
2025-10-26 05:53:48,414 37520 INFO scholarixglobal odoo.modules.loading: loading account/views/ir_module_views.xml 
2025-10-26 05:53:48,444 37520 INFO scholarixglobal odoo.modules.loading: loading account/views/base_document_layout_views.xml 
2025-10-26 05:53:48,490 37520 INFO scholarixglobal odoo.modules.loading: loading account/views/res_config_settings_views.xml 
2025-10-26 05:53:48,569 37520 INFO scholarixglobal odoo.modules.loading: loading account/views/partner_view.xml 
2025-10-26 05:53:48,656 37520 INFO scholarixglobal odoo.modules.loading: loading account/views/account_journal_dashboard_view.xml 
2025-10-26 05:53:48,713 37520 INFO scholarixglobal odoo.modules.loading: loading account/views/account_portal_templates.xml 
2025-10-26 05:53:48,798 37520 INFO scholarixglobal odoo.modules.loading: loading account/views/report_payment_receipt_templates.xml 
2025-10-26 05:53:48,823 37520 INFO scholarixglobal odoo.modules.loading: loading account/data/service_cron.xml 
2025-10-26 05:53:48,876 37520 INFO scholarixglobal odoo.modules.loading: loading account/views/account_incoterms_view.xml 
2025-10-26 05:53:48,910 37520 INFO scholarixglobal odoo.modules.loading: loading account/data/account_incoterms_data.xml 
2025-10-26 05:53:48,942 37520 INFO scholarixglobal odoo.modules.loading: loading account/views/digest_views.xml 
2025-10-26 05:53:48,971 37520 INFO scholarixglobal odoo.modules.loading: loading account/wizard/account_move_send_wizard.xml 
2025-10-26 05:53:49,002 37520 INFO scholarixglobal odoo.modules.loading: loading account/wizard/account_move_send_batch_wizard.xml 
2025-10-26 05:53:49,032 37520 INFO scholarixglobal odoo.modules.loading: loading account/report/account_hash_integrity_templates.xml 
2025-10-26 05:53:49,058 37520 INFO scholarixglobal odoo.modules.loading: loading account/views/res_currency.xml 
2025-10-26 05:53:49,081 37520 INFO scholarixglobal odoo.modules.loading: loading account/views/res_country_group_view.xml 
2025-10-26 05:53:49,107 37520 INFO scholarixglobal odoo.modules.loading: loading account/views/account_menuitem.xml 
2025-10-26 05:53:49,291 37520 INFO scholarixglobal odoo.modules.loading: loading account/wizard/account_secure_entries_wizard.xml 
2025-10-26 05:53:49,317 37520 INFO scholarixglobal odoo.modules.loading: loading account/views/mail_message_views.xml 
2025-10-26 05:53:49,351 37520 INFO scholarixglobal odoo.modules.loading: loading account/wizard/accrued_orders.xml 
2025-10-26 05:53:49,373 37520 INFO scholarixglobal odoo.modules.loading: loading account/views/bill_preview_template.xml 
2025-10-26 05:53:49,409 37520 INFO scholarixglobal odoo.modules.loading: loading account/data/account_reports_data.xml 
2025-10-26 05:53:49,478 37520 INFO scholarixglobal odoo.modules.loading: loading account/views/uom_uom_views.xml 
2025-10-26 05:53:49,500 37520 INFO scholarixglobal odoo.modules.loading: loading account/views/product_views.xml 
2025-10-26 05:53:49,523 37520 INFO scholarixglobal odoo.modules.loading: loading account/views/tests_shared_js_python.xml 
2025-10-26 05:53:49,535 37520 INFO scholarixglobal odoo.modules.loading: loading account/views/account_lock_exception_views.xml 
2025-10-26 05:53:49,565 37520 INFO scholarixglobal odoo.modules.loading: loading account/views/report_templates.xml 
2025-10-26 05:53:49,595 37520 INFO scholarixglobal odoo.modules.loading: loading account/wizard/account_merge_wizard_views.xml 
2025-10-26 05:53:49,663 37520 INFO scholarixglobal odoo.addons.base.models.ir_module: module account: no translation for language en_GB 
2025-10-26 05:53:49,732 37520 INFO scholarixglobal odoo.modules.loading: Module account loaded in 9.35s, 5758 queries (+5758 other) 
2025-10-26 05:53:49,732 37520 INFO scholarixglobal odoo.modules.loading: Loading module spreadsheet_dashboard (44/57) 
2025-10-26 05:53:49,898 37520 INFO scholarixglobal odoo.registry: module spreadsheet_dashboard: creating or updating database tables 
2025-10-26 05:53:50,125 37520 INFO scholarixglobal odoo.modules.loading: loading spreadsheet_dashboard/security/security.xml 
2025-10-26 05:53:50,212 37520 INFO scholarixglobal odoo.modules.loading: loading spreadsheet_dashboard/security/ir.model.access.csv 
2025-10-26 05:53:50,229 37520 INFO scholarixglobal odoo.modules.loading: loading spreadsheet_dashboard/views/spreadsheet_dashboard_views.xml 
2025-10-26 05:53:50,262 37520 INFO scholarixglobal odoo.modules.loading: loading spreadsheet_dashboard/views/menu_views.xml 
2025-10-26 05:53:50,353 37520 INFO scholarixglobal odoo.modules.loading: loading spreadsheet_dashboard/data/dashboard.xml 
2025-10-26 05:53:50,383 37520 INFO scholarixglobal odoo.addons.base.models.ir_module: module spreadsheet_dashboard: no translation for language en_GB 
2025-10-26 05:53:50,393 37520 INFO scholarixglobal odoo.modules.loading: Module spreadsheet_dashboard loaded in 0.66s, 313 queries (+313 other) 
2025-10-26 05:53:50,393 37520 INFO scholarixglobal odoo.modules.loading: Loading module account_edi_ubl_cii (45/57) 
2025-10-26 05:53:51,066 37520 INFO scholarixglobal odoo.registry: module account_edi_ubl_cii: creating or updating database tables 
2025-10-26 05:53:51,099 37520 INFO scholarixglobal odoo.models: Prepare computation of res.partner.peppol_endpoint 
2025-10-26 05:53:51,099 37520 INFO scholarixglobal odoo.models: Prepare computation of res.partner.peppol_eas 
2025-10-26 05:53:51,252 37520 INFO scholarixglobal odoo.modules.loading: loading account_edi_ubl_cii/data/cii_22_templates.xml 
2025-10-26 05:53:51,283 37520 INFO scholarixglobal odoo.modules.loading: loading account_edi_ubl_cii/views/account_tax_views.xml 
2025-10-26 05:53:51,308 37520 INFO scholarixglobal odoo.modules.loading: loading account_edi_ubl_cii/views/res_partner_views.xml 
2025-10-26 05:53:51,344 37520 INFO scholarixglobal odoo.addons.base.models.ir_module: module account_edi_ubl_cii: no translation for language en_GB 
2025-10-26 05:53:51,364 37520 INFO scholarixglobal odoo.modules.loading: Module account_edi_ubl_cii loaded in 0.97s, 293 queries (+293 other) 
2025-10-26 05:53:51,364 37520 INFO scholarixglobal odoo.modules.loading: Loading module account_payment (46/57) 
2025-10-26 05:53:51,762 37520 INFO scholarixglobal odoo.registry: module account_payment: creating or updating database tables 
2025-10-26 05:53:51,967 37520 INFO scholarixglobal odoo.modules.loading: loading account_payment/data/ir_config_parameter.xml 
2025-10-26 05:53:51,979 37520 INFO scholarixglobal odoo.modules.loading: loading account_payment/security/ir.model.access.csv 
2025-10-26 05:53:51,994 37520 INFO scholarixglobal odoo.modules.loading: loading account_payment/security/ir_rules.xml 
2025-10-26 05:53:52,014 37520 INFO scholarixglobal odoo.modules.loading: loading account_payment/views/account_payment_menus.xml 
2025-10-26 05:53:52,038 37520 INFO scholarixglobal odoo.modules.loading: loading account_payment/views/account_portal_templates.xml 
2025-10-26 05:53:52,102 37520 INFO scholarixglobal odoo.modules.loading: loading account_payment/views/account_move_views.xml 
2025-10-26 05:53:52,129 37520 INFO scholarixglobal odoo.modules.loading: loading account_payment/views/account_journal_views.xml 
2025-10-26 05:53:52,148 37520 INFO scholarixglobal odoo.modules.loading: loading account_payment/views/account_payment_views.xml 
2025-10-26 05:53:52,168 37520 INFO scholarixglobal odoo.modules.loading: loading account_payment/views/payment_form_templates.xml 
2025-10-26 05:53:52,181 37520 INFO scholarixglobal odoo.modules.loading: loading account_payment/views/payment_provider_views.xml 
2025-10-26 05:53:52,190 37520 INFO scholarixglobal odoo.modules.loading: loading account_payment/views/payment_transaction_views.xml 
2025-10-26 05:53:52,206 37520 INFO scholarixglobal odoo.modules.loading: loading account_payment/wizards/account_payment_register_views.xml 
2025-10-26 05:53:52,221 37520 INFO scholarixglobal odoo.modules.loading: loading account_payment/wizards/payment_link_wizard_views.xml 
2025-10-26 05:53:52,243 37520 INFO scholarixglobal odoo.modules.loading: loading account_payment/wizards/payment_refund_wizard_views.xml 
2025-10-26 05:53:52,268 37520 INFO scholarixglobal odoo.modules.loading: loading account_payment/wizards/res_config_settings_views.xml 
2025-10-26 05:53:52,319 37520 INFO scholarixglobal odoo.addons.base.models.ir_module: module account_payment: no translation for language en_GB 
2025-10-26 05:53:52,327 37520 INFO scholarixglobal odoo.modules.loading: Module account_payment loaded in 0.96s, 560 queries (+560 other) 
2025-10-26 05:53:52,327 37520 INFO scholarixglobal odoo.modules.loading: Loading module l10n_gcc_invoice (47/57) 
2025-10-26 05:53:52,440 37520 INFO scholarixglobal odoo.registry: module l10n_gcc_invoice: creating or updating database tables 
2025-10-26 05:53:52,630 37520 INFO scholarixglobal odoo.modules.loading: loading l10n_gcc_invoice/views/report_invoice.xml 
2025-10-26 05:53:52,691 37520 INFO scholarixglobal odoo.modules.loading: loading l10n_gcc_invoice/views/res_config_settings_views.xml 
2025-10-26 05:53:52,737 37520 INFO scholarixglobal odoo.addons.base.models.ir_module: module l10n_gcc_invoice: no translation for language en_GB 
2025-10-26 05:53:52,763 37520 INFO scholarixglobal odoo.modules.loading: Module l10n_gcc_invoice loaded in 0.44s, 252 queries (+252 other) 
2025-10-26 05:53:52,764 37520 INFO scholarixglobal odoo.modules.loading: Loading module snailmail_account (48/57) 
2025-10-26 05:53:52,942 37520 INFO scholarixglobal odoo.registry: module snailmail_account: creating or updating database tables 
2025-10-26 05:53:53,125 37520 INFO scholarixglobal odoo.modules.loading: loading snailmail_account/views/res_config_settings_views.xml 
2025-10-26 05:53:53,183 37520 INFO scholarixglobal odoo.addons.base.models.ir_module: module snailmail_account: loading translation file d:\odoo19\addons\snailmail_account\i18n\ar.po for language ar_001 
2025-10-26 05:53:53,214 37520 INFO scholarixglobal odoo.addons.base.models.ir_module: module snailmail_account: no translation for language en_GB 
2025-10-26 05:53:53,231 37520 INFO scholarixglobal odoo.modules.loading: Module snailmail_account loaded in 0.47s, 195 queries (+195 other) 
2025-10-26 05:53:53,231 37520 INFO scholarixglobal odoo.modules.loading: Loading module spreadsheet_account (49/57) 
2025-10-26 05:53:53,298 37520 INFO scholarixglobal odoo.registry: module spreadsheet_account: creating or updating database tables 
2025-10-26 05:53:53,341 37520 INFO scholarixglobal odoo.addons.base.models.ir_module: module spreadsheet_account: loading translation file d:\odoo19\addons\spreadsheet_account\i18n\ar.po for language ar_001 
2025-10-26 05:53:53,361 37520 INFO scholarixglobal odoo.addons.base.models.ir_module: module spreadsheet_account: no translation for language en_GB 
2025-10-26 05:53:53,381 37520 INFO scholarixglobal odoo.modules.loading: Module spreadsheet_account loaded in 0.15s, 61 queries (+61 other) 
2025-10-26 05:53:53,381 37520 INFO scholarixglobal odoo.modules.loading: Loading module spreadsheet_dashboard_account (50/57) 
2025-10-26 05:53:53,400 37520 INFO scholarixglobal odoo.modules.loading: loading spreadsheet_dashboard_account/data/dashboards.xml 
2025-10-26 05:53:53,459 37520 INFO scholarixglobal odoo.addons.base.models.ir_module: module spreadsheet_dashboard_account: loading translation file d:\odoo19\addons\spreadsheet_dashboard_account\i18n\ar.po for language ar_001 
2025-10-26 05:53:53,494 37520 INFO scholarixglobal odoo.addons.base.models.ir_module: module spreadsheet_dashboard_account: no translation for language en_GB 
2025-10-26 05:53:53,502 37520 INFO scholarixglobal odoo.modules.loading: Module spreadsheet_dashboard_account loaded in 0.12s, 31 queries (+31 other) 
2025-10-26 05:53:53,502 37520 INFO scholarixglobal odoo.modules.loading: Loading module l10n_ae (51/57) 
2025-10-26 05:53:53,600 37520 INFO scholarixglobal odoo.registry: module l10n_ae: creating or updating database tables 
2025-10-26 05:53:53,654 37520 INFO scholarixglobal odoo.modules.loading: loading l10n_ae/data/l10n_ae_data.xml 
2025-10-26 05:53:53,702 37520 INFO scholarixglobal odoo.modules.loading: loading l10n_ae/data/account_tax_report_data.xml 
2025-10-26 05:53:53,930 37520 INFO scholarixglobal odoo.modules.loading: loading l10n_ae/data/res.bank.csv 
2025-10-26 05:53:54,115 37520 INFO scholarixglobal odoo.modules.loading: loading l10n_ae/views/report_invoice_templates.xml 
2025-10-26 05:53:54,147 37520 INFO scholarixglobal odoo.modules.loading: loading l10n_ae/views/account_move.xml 
2025-10-26 05:53:54,180 37520 INFO scholarixglobal odoo.addons.base.models.ir_module: module l10n_ae: loading translation file d:\odoo19\addons\l10n_ae\i18n\ar.po for language ar_001 
2025-10-26 05:53:54,240 37520 INFO scholarixglobal odoo.addons.base.models.ir_module: module l10n_ae: no translation for language en_GB 
2025-10-26 05:53:54,275 37520 INFO scholarixglobal odoo.modules.loading: Module l10n_ae loaded in 0.77s, 697 queries (+697 other) 
2025-10-26 05:53:54,275 37520 INFO scholarixglobal odoo.modules.loading: Loading module sale (52/57) 
2025-10-26 05:53:55,307 37520 INFO scholarixglobal odoo.registry: module sale: creating or updating database tables 
2025-10-26 05:53:56,302 37520 INFO scholarixglobal odoo.modules.loading: loading sale/security/ir.model.access.csv 
2025-10-26 05:53:56,834 37520 INFO scholarixglobal odoo.modules.loading: loading sale/security/res_groups.xml 
2025-10-26 05:53:56,854 37520 INFO scholarixglobal odoo.modules.loading: loading sale/security/ir_rules.xml 
2025-10-26 05:53:57,059 37520 INFO scholarixglobal odoo.modules.loading: loading sale/report/account_invoice_report_views.xml 
2025-10-26 05:53:57,109 37520 INFO scholarixglobal odoo.modules.loading: loading sale/report/ir_actions_report_templates.xml 
2025-10-26 05:53:57,151 37520 INFO scholarixglobal odoo.modules.loading: loading sale/report/ir_actions_report.xml 
2025-10-26 05:53:57,175 37520 INFO scholarixglobal odoo.modules.loading: loading sale/report/sale_report_views.xml 
2025-10-26 05:53:57,252 37520 INFO scholarixglobal odoo.modules.loading: loading sale/data/ir_cron.xml 
2025-10-26 05:53:57,343 37520 INFO scholarixglobal odoo.modules.loading: loading sale/data/ir_sequence_data.xml 
2025-10-26 05:53:57,368 37520 INFO scholarixglobal odoo.modules.loading: loading sale/data/mail_message_subtype_data.xml 
2025-10-26 05:53:57,412 37520 INFO scholarixglobal odoo.modules.loading: loading sale/data/mail_template_data.xml 
2025-10-26 05:53:57,472 37520 INFO scholarixglobal odoo.modules.loading: loading sale/data/sale_tour.xml 
2025-10-26 05:53:57,488 37520 INFO scholarixglobal odoo.modules.loading: loading sale/data/ir_config_parameter.xml 
2025-10-26 05:53:57,513 37520 INFO scholarixglobal odoo.modules.loading: loading sale/wizard/account_accrued_orders_wizard_views.xml 
2025-10-26 05:53:57,529 37520 INFO scholarixglobal odoo.modules.loading: loading sale/wizard/mass_cancel_orders_views.xml 
2025-10-26 05:53:57,553 37520 INFO scholarixglobal odoo.modules.loading: loading sale/wizard/payment_link_wizard_views.xml 
2025-10-26 05:53:57,586 37520 INFO scholarixglobal odoo.modules.loading: loading sale/wizard/res_config_settings_views.xml 
2025-10-26 05:53:57,644 37520 INFO scholarixglobal odoo.modules.loading: loading sale/wizard/sale_make_invoice_advance_views.xml 
2025-10-26 05:53:57,677 37520 INFO scholarixglobal odoo.modules.loading: loading sale/wizard/sale_order_discount_views.xml 
2025-10-26 05:53:57,693 37520 INFO scholarixglobal odoo.modules.loading: loading sale/views/sale_order_views.xml 
2025-10-26 05:53:57,970 37520 INFO scholarixglobal odoo.modules.loading: loading sale/views/account_views.xml 
2025-10-26 05:53:58,045 37520 INFO scholarixglobal odoo.modules.loading: loading sale/views/crm_team_views.xml 
2025-10-26 05:53:58,092 37520 INFO scholarixglobal odoo.modules.loading: loading sale/views/mail_activity_views.xml 
2025-10-26 05:53:58,098 37520 INFO scholarixglobal odoo.modules.loading: loading sale/views/mail_activity_plan_views.xml 
2025-10-26 05:53:58,111 37520 INFO scholarixglobal odoo.modules.loading: loading sale/views/payment_views.xml 
2025-10-26 05:53:58,164 37520 INFO scholarixglobal odoo.modules.loading: loading sale/views/product_document_views.xml 
2025-10-26 05:53:58,212 37520 INFO scholarixglobal odoo.modules.loading: loading sale/views/product_pricelist_item_views.xml 
2025-10-26 05:53:58,239 37520 INFO scholarixglobal odoo.modules.loading: loading sale/views/product_template_views.xml 
2025-10-26 05:53:58,263 37520 INFO scholarixglobal odoo.modules.loading: loading sale/views/product_views.xml 
2025-10-26 05:53:58,344 37520 INFO scholarixglobal odoo.modules.loading: loading sale/views/res_partner_views.xml 
2025-10-26 05:53:58,413 37520 INFO scholarixglobal odoo.modules.loading: loading sale/views/sale_order_line_views.xml 
2025-10-26 05:53:58,450 37520 INFO scholarixglobal odoo.modules.loading: loading sale/views/sale_portal_templates.xml 
2025-10-26 05:53:58,538 37520 INFO scholarixglobal odoo.modules.loading: loading sale/views/utm_campaign_views.xml 
2025-10-26 05:53:58,564 37520 INFO scholarixglobal odoo.modules.loading: loading sale/views/sale_menus.xml 
2025-10-26 05:53:58,792 37520 INFO scholarixglobal odoo.addons.base.models.ir_module: module sale: loading translation file d:\odoo19\addons\sale\i18n\ar.po for language ar_001 
2025-10-26 05:53:58,935 37520 INFO scholarixglobal odoo.addons.base.models.ir_module: module sale: no translation for language en_GB 
2025-10-26 05:53:59,118 37520 INFO scholarixglobal odoo.modules.loading: Module sale loaded in 4.84s, 2522 queries (+2522 other) 
2025-10-26 05:53:59,118 37520 INFO scholarixglobal odoo.modules.loading: Loading module sale_edi_ubl (53/57) 
2025-10-26 05:53:59,235 37520 INFO scholarixglobal odoo.registry: module sale_edi_ubl: creating or updating database tables 
2025-10-26 05:53:59,322 37520 INFO scholarixglobal odoo.addons.base.models.ir_module: module sale_edi_ubl: loading translation file d:\odoo19\addons\sale_edi_ubl\i18n\ar.po for language ar_001 
2025-10-26 05:53:59,340 37520 INFO scholarixglobal odoo.addons.base.models.ir_module: module sale_edi_ubl: no translation for language en_GB 
2025-10-26 05:53:59,351 37520 INFO scholarixglobal odoo.modules.loading: Module sale_edi_ubl loaded in 0.23s, 87 queries (+87 other) 
2025-10-26 05:53:59,351 37520 INFO scholarixglobal odoo.modules.loading: Loading module sale_management (54/57) 
2025-10-26 05:53:59,606 37520 INFO scholarixglobal odoo.registry: module sale_management: creating or updating database tables 
2025-10-26 05:53:59,829 37520 INFO scholarixglobal odoo.modules.loading: loading sale_management/data/digest_data.xml 
2025-10-26 05:53:59,869 37520 INFO scholarixglobal odoo.modules.loading: loading sale_management/security/ir.model.access.csv 
2025-10-26 05:53:59,888 37520 INFO scholarixglobal odoo.modules.loading: loading sale_management/security/sale_management_security.xml 
2025-10-26 05:53:59,907 37520 INFO scholarixglobal odoo.modules.loading: loading sale_management/views/sale_order_template_views.xml 
2025-10-26 05:53:59,947 37520 INFO scholarixglobal odoo.modules.loading: loading sale_management/views/digest_views.xml 
2025-10-26 05:53:59,975 37520 INFO scholarixglobal odoo.modules.loading: loading sale_management/views/res_config_settings_views.xml 
2025-10-26 05:54:00,004 37520 INFO scholarixglobal odoo.modules.loading: loading sale_management/views/sale_order_views.xml 
2025-10-26 05:54:00,034 37520 INFO scholarixglobal odoo.modules.loading: loading sale_management/views/sale_portal_templates.xml 
2025-10-26 05:54:00,058 37520 INFO scholarixglobal odoo.modules.loading: loading sale_management/views/sale_management_menus.xml 
2025-10-26 05:54:00,084 37520 INFO scholarixglobal odoo.addons.base.models.ir_module: module sale_management: loading translation file d:\odoo19\addons\sale_management\i18n\ar.po for language ar_001 
2025-10-26 05:54:00,127 37520 INFO scholarixglobal odoo.addons.base.models.ir_module: module sale_management: no translation for language en_GB 
2025-10-26 05:54:00,159 37520 INFO scholarixglobal odoo.modules.loading: Module sale_management loaded in 0.81s, 388 queries (+388 other) 
2025-10-26 05:54:00,159 37520 INFO scholarixglobal odoo.modules.loading: Loading module sale_sms (55/57) 
2025-10-26 05:54:00,187 37520 INFO scholarixglobal odoo.modules.loading: loading sale_sms/security/ir.model.access.csv 
2025-10-26 05:54:00,239 37520 INFO scholarixglobal odoo.modules.loading: loading sale_sms/security/security.xml 
2025-10-26 05:54:00,262 37520 INFO scholarixglobal odoo.addons.base.models.ir_module: module sale_sms: no translation for language ar_001 
2025-10-26 05:54:00,263 37520 INFO scholarixglobal odoo.addons.base.models.ir_module: module sale_sms: no translation for language en_GB 
2025-10-26 05:54:00,267 37520 INFO scholarixglobal odoo.modules.loading: Module sale_sms loaded in 0.11s, 38 queries (+38 other) 
2025-10-26 05:54:00,267 37520 INFO scholarixglobal odoo.modules.loading: Loading module spreadsheet_dashboard_sale (56/57) 
2025-10-26 05:54:00,283 37520 INFO scholarixglobal odoo.modules.loading: loading spreadsheet_dashboard_sale/data/dashboards.xml 
2025-10-26 05:54:00,355 37520 INFO scholarixglobal odoo.addons.base.models.ir_module: module spreadsheet_dashboard_sale: loading translation file d:\odoo19\addons\spreadsheet_dashboard_sale\i18n\ar.po for language ar_001 
2025-10-26 05:54:00,386 37520 INFO scholarixglobal odoo.addons.base.models.ir_module: module spreadsheet_dashboard_sale: no translation for language en_GB 
2025-10-26 05:54:00,395 37520 INFO scholarixglobal odoo.modules.loading: Module spreadsheet_dashboard_sale loaded in 0.13s, 36 queries (+36 other) 
2025-10-26 05:54:00,395 37520 INFO scholarixglobal odoo.modules.loading: Loading module sale_pdf_quote_builder (57/57) 
2025-10-26 05:54:00,700 37520 INFO scholarixglobal odoo.registry: module sale_pdf_quote_builder: creating or updating database tables 
2025-10-26 05:54:00,901 37520 INFO scholarixglobal odoo.modules.loading: loading sale_pdf_quote_builder/data/ir_cron.xml 
2025-10-26 05:54:00,931 37520 INFO scholarixglobal odoo.modules.loading: loading sale_pdf_quote_builder/data/sale_pdf_form_field.xml 
2025-10-26 05:54:00,955 37520 INFO scholarixglobal odoo.modules.loading: loading sale_pdf_quote_builder/report/ir_actions_report.xml 
2025-10-26 05:54:00,984 37520 INFO scholarixglobal odoo.modules.loading: loading sale_pdf_quote_builder/security/ir.model.access.csv 
2025-10-26 05:54:01,014 37520 INFO scholarixglobal odoo.modules.loading: loading sale_pdf_quote_builder/security/ir_rules.xml 
2025-10-26 05:54:01,031 37520 INFO scholarixglobal odoo.modules.loading: loading sale_pdf_quote_builder/views/product_document_views.xml 
2025-10-26 05:54:01,069 37520 INFO scholarixglobal odoo.modules.loading: loading sale_pdf_quote_builder/views/quotation_document_views.xml 
2025-10-26 05:54:01,103 37520 INFO scholarixglobal odoo.modules.loading: loading sale_pdf_quote_builder/views/sale_order_template_views.xml 
2025-10-26 05:54:01,136 37520 INFO scholarixglobal odoo.modules.loading: loading sale_pdf_quote_builder/views/sale_order_views.xml 
2025-10-26 05:54:01,164 37520 INFO scholarixglobal odoo.modules.loading: loading sale_pdf_quote_builder/views/sale_pdf_form_field_views.xml 
2025-10-26 05:54:01,182 37520 INFO scholarixglobal odoo.modules.loading: loading sale_pdf_quote_builder/views/sale_pdf_quote_builder_menus.xml 
2025-10-26 05:54:01,186 37520 INFO scholarixglobal odoo.modules.loading: loading sale_pdf_quote_builder/wizards/res_config_settings_views.xml 
2025-10-26 05:54:01,211 37520 INFO scholarixglobal odoo.addons.base.models.ir_module: module sale_pdf_quote_builder: loading translation file d:\odoo19\addons\sale_pdf_quote_builder\i18n\ar.po for language ar_001 
2025-10-26 05:54:01,276 37520 INFO scholarixglobal odoo.addons.base.models.ir_module: module sale_pdf_quote_builder: no translation for language en_GB 
2025-10-26 05:54:01,302 37520 INFO scholarixglobal odoo.modules.loading: Module sale_pdf_quote_builder loaded in 0.91s, 424 queries (+424 other) 
2025-10-26 05:54:01,303 37520 INFO scholarixglobal odoo.modules.loading: 57 modules loaded in 50.41s, 30361 queries (+30366 extra) 
2025-10-26 05:54:01,978 37520 INFO scholarixglobal odoo.modules.loading: Modules loaded. 
2025-10-26 05:54:15,564 37520 INFO scholarixglobal odoo.registry: Registry changed, signaling through the database 
2025-10-26 05:54:15,566 37520 INFO scholarixglobal odoo.registry: Registry loaded in 65.812s 
2025-10-26 05:54:15,566 37520 INFO scholarixglobal odoo.addons.base.models.ir_module: getting next ir.actions.todo() 
2025-10-26 05:54:15,626 37520 INFO scholarixglobal werkzeug: 127.0.0.1 - - [26/Oct/2025 05:54:15] "POST /web/dataset/call_button/ir.module.module/button_immediate_install#ir.module.module.button_immediate_install HTTP/1.1" 200 - 35086 19.735 46.285
2025-10-26 05:54:15,628 37520 INFO scholarixglobal odoo.addons.base.models.ir_cron: Job 'Mail: Post scheduled messages' (7) starting 
2025-10-26 05:54:15,632 37520 INFO scholarixglobal odoo.addons.base.models.ir_cron: Job 'Notification: Delete Notifications older than 6 Months' (5) starting 
2025-10-26 05:54:15,650 37520 INFO scholarixglobal odoo.addons.mail.models.mail_scheduled_message: Posting 0 scheduled messages 
2025-10-26 05:54:15,653 37520 INFO scholarixglobal odoo.addons.base.models.ir_cron: Job 'Mail: Post scheduled messages' (7) fully done (#loop 1; done 0; remaining 0; duration 0.03s) 
2025-10-26 05:54:15,655 37520 INFO scholarixglobal odoo.addons.base.models.ir_cron: Job 'Notification: Delete Notifications older than 6 Months' (5) fully done (#loop 1; done 0; remaining 0; duration 0.02s) 
2025-10-26 05:54:15,675 37520 INFO scholarixglobal odoo.addons.base.models.ir_cron: Job 'Notification: Notify scheduled messages' (8) starting 
2025-10-26 05:54:15,680 37520 INFO scholarixglobal odoo.addons.base.models.ir_cron: Job 'Mail: send web push notification' (9) starting 
2025-10-26 05:54:15,687 37520 INFO scholarixglobal odoo.addons.base.models.ir_cron: Job 'Notification: Notify scheduled messages' (8) fully done (#loop 1; done 0; remaining 0; duration 0.01s) 
2025-10-26 05:54:15,692 37520 INFO scholarixglobal odoo.addons.base.models.ir_cron: Job 'Mail: send web push notification' (9) fully done (#loop 1; done 0; remaining 0; duration 0.01s) 
2025-10-26 05:54:15,692 37520 INFO scholarixglobal odoo.addons.base.models.ir_cron: Job 'Discuss: channel member unmute' (10) starting 
2025-10-26 05:54:15,697 37520 INFO scholarixglobal odoo.addons.base.models.ir_cron: Job 'SMS: SMS Queue Manager' (12) starting 
2025-10-26 05:54:15,705 37520 INFO scholarixglobal odoo.addons.base.models.ir_cron: Job 'Discuss: channel member unmute' (10) fully done (#loop 1; done 0; remaining 0; duration 0.01s) 
2025-10-26 05:54:15,709 37520 INFO scholarixglobal odoo.addons.base.models.ir_cron: Job 'SMS: SMS Queue Manager' (12) fully done (#loop 1; done 0; remaining 0; duration 0.01s) 
2025-10-26 05:54:15,710 37520 INFO scholarixglobal odoo.addons.base.models.ir_cron: Job 'Snailmail: process letters queue' (13) starting 
2025-10-26 05:54:15,714 37520 INFO scholarixglobal odoo.addons.base.models.ir_cron: Job 'Send invoices automatically' (17) starting 
2025-10-26 05:54:15,722 37520 INFO scholarixglobal odoo.addons.base.models.ir_cron: Job 'Snailmail: process letters queue' (13) fully done (#loop 1; done 0; remaining 0; duration 0.01s) 
2025-10-26 05:54:15,723 37520 INFO scholarixglobal odoo.addons.base.models.ir_cron: Job 'Send invoices automatically' (17) fully done (#loop 1; done 0; remaining 0; duration 0.01s) 
2025-10-26 05:54:15,725 37520 INFO scholarixglobal odoo.addons.base.models.ir_cron: Job 'Sale Pdf Quote Builder: assign form fields to documents post upgrade' (20) starting 
2025-10-26 05:54:15,728 37520 INFO scholarixglobal odoo.addons.base.models.ir_cron: Job 'Mail: Email Queue Manager' (3) starting 
2025-10-26 05:54:15,740 37520 INFO scholarixglobal odoo.addons.base.models.ir_cron: Job 'Sale Pdf Quote Builder: assign form fields to documents post upgrade' (20) fully done (#loop 1; done 0; remaining 0; duration 0.01s) 
2025-10-26 05:54:15,741 37520 INFO scholarixglobal odoo.addons.base.models.ir_cron: Job 'Mail: Email Queue Manager' (3) fully done (#loop 1; done 0; remaining 0; duration 0.01s) 
2025-10-26 05:54:15,744 37520 INFO scholarixglobal odoo.addons.base.models.ir_cron: Job 'Users: Notify About Unregistered Users' (11) starting 
2025-10-26 05:54:15,764 37520 INFO scholarixglobal odoo.addons.base.models.ir_cron: Job 'Users: Notify About Unregistered Users' (11) fully done (#loop 1; done 0; remaining 0; duration 0.02s) 
2025-10-26 05:54:15,964 37520 INFO scholarixglobal odoo.addons.base.models.ir_http: Generating routing map for key None 
2025-10-26 05:54:16,692 37520 INFO scholarixglobal werkzeug: 127.0.0.1 - - [26/Oct/2025 05:54:16] "GET /odoo HTTP/1.1" 200 - 116 0.086 0.644
2025-10-26 05:54:17,085 37520 INFO scholarixglobal werkzeug: 127.0.0.1 - - [26/Oct/2025 05:54:17] "GET /web/webclient/load_menus HTTP/1.1" 200 - 13 0.026 0.035
2025-10-26 05:54:23,428 37520 INFO scholarixglobal odoo.addons.base.models.assetsbundle: Generating a new asset bundle attachment /web/assets/99e277e/web.assets_web.min.css (id:483) 
2025-10-26 05:54:23,429 37520 INFO scholarixglobal odoo.addons.base.models.assetsbundle: Deleting attachments [14] (matching /web/assets/_______/web.assets_web.min.css) because it was replaced with /web/assets/99e277e/web.assets_web.min.css 
2025-10-26 05:54:23,494 37520 INFO scholarixglobal werkzeug: 127.0.0.1 - - [26/Oct/2025 05:54:23] "GET /web/assets/99e277e/web.assets_web.min.css HTTP/1.1" 200 - 16 0.057 6.715
2025-10-26 05:54:27,974 37520 INFO scholarixglobal odoo.addons.base.models.assetsbundle: Generating a new asset bundle attachment /web/assets/56e4f42/web.assets_web_print.min.css (id:484) 
2025-10-26 05:54:27,975 37520 INFO scholarixglobal odoo.addons.base.models.assetsbundle: Deleting attachments [15] (matching /web/assets/_______/web.assets_web_print.min.css) because it was replaced with /web/assets/56e4f42/web.assets_web_print.min.css 
2025-10-26 05:54:27,990 37520 INFO scholarixglobal werkzeug: 127.0.0.1 - - [26/Oct/2025 05:54:27] "GET /web/assets/56e4f42/web.assets_web_print.min.css HTTP/1.1" 200 - 10 0.039 4.141
2025-10-26 05:54:48,448 37520 INFO scholarixglobal odoo.addons.base.models.assetsbundle: Generating a new asset bundle attachment /web/assets/be9077f/web.assets_web.min.js (id:485) 
2025-10-26 05:54:48,449 37520 INFO scholarixglobal odoo.addons.base.models.assetsbundle: Deleting attachments [16] (matching /web/assets/_______/web.assets_web.min.js) because it was replaced with /web/assets/be9077f/web.assets_web.min.js 
2025-10-26 05:54:50,470 37520 INFO scholarixglobal werkzeug: 127.0.0.1 - - [26/Oct/2025 05:54:50] "GET /web/assets/be9077f/web.assets_web.min.js HTTP/1.1" 200 - 13 0.026 33.733
2025-10-26 05:54:51,078 37520 INFO scholarixglobal werkzeug: 127.0.0.1 - - [26/Oct/2025 05:54:51] "GET /web/webclient/translations?hash=&lang=en_GB HTTP/1.1" 200 - 2 0.004 0.012
2025-10-26 05:54:51,080 37520 INFO scholarixglobal werkzeug: 127.0.0.1 - - [26/Oct/2025 05:54:51] "GET /web/manifest.webmanifest HTTP/1.1" 200 - 8 0.011 0.007
2025-10-26 05:54:51,325 37520 INFO scholarixglobal odoo.addons.partner_autocomplete.models.res_company: Starting enrich of company My Company (1) 
2025-10-26 05:54:51,366 37520 INFO scholarixglobal odoo.addons.iap.tools.iap_tools: iap jsonrpc https://partner-autocomplete.odoo.com/api/dnb/1/enrich_by_domain 
2025-10-26 05:54:51,427 37520 INFO scholarixglobal werkzeug: 127.0.0.1 - - [26/Oct/2025 05:54:51] "GET /web/bundle/web_tour.interactive?lang=en_GB&debug=1 HTTP/1.1" 200 - 3 0.004 0.018
2025-10-26 05:54:51,427 37520 INFO scholarixglobal werkzeug: 127.0.0.1 - - [26/Oct/2025 05:54:51] "GET /bus/websocket_worker_bundle?v=saas-18.5-1 HTTP/1.1" 304 - 4 0.005 0.015
2025-10-26 05:54:51,752 37520 INFO scholarixglobal werkzeug: 127.0.0.1 - - [26/Oct/2025 05:54:51] "GET /websocket?version=saas-18.5-1 HTTP/1.1" 101 - 1 0.001 0.003
2025-10-26 05:54:51,808 37520 INFO scholarixglobal odoo.addons.base.models.assetsbundle: Generating a new asset bundle attachment /web/assets/2fe46d9/web_tour.interactive.min.js (id:486) 
2025-10-26 05:54:51,834 37520 INFO scholarixglobal werkzeug: 127.0.0.1 - - [26/Oct/2025 05:54:51] "GET /web/assets/2fe46d9/web_tour.interactive.min.js HTTP/1.1" 200 - 8 0.003 0.399
2025-10-26 05:54:52,371 37520 INFO scholarixglobal werkzeug: 127.0.0.1 - - [26/Oct/2025 05:54:52] "POST /mail/data HTTP/1.1" 200 - 57 0.041 0.037
2025-10-26 05:54:52,556 37520 INFO scholarixglobal odoo.addons.iap.tools.iap_tools: iap jsonrpc https://partner-autocomplete.odoo.com/api/dnb/1/enrich_by_domain responded in 1.181 seconds 
2025-10-26 05:54:52,580 37520 INFO scholarixglobal werkzeug: 127.0.0.1 - - [26/Oct/2025 05:54:52] "POST /web/dataset/call_kw/res.company/iap_enrich_auto#res.company.iap_enrich_auto HTTP/1.1" 200 - 58 0.042 1.223
2025-10-26 05:54:52,779 37520 INFO scholarixglobal werkzeug: 127.0.0.1 - - [26/Oct/2025 05:54:52] "POST /web/dataset/call_kw/discuss.channel/channel_fetched#discuss.channel.channel_fetched HTTP/1.1" 200 - 12 0.014 0.035
2025-10-26 05:54:53,299 37520 INFO scholarixglobal werkzeug: 127.0.0.1 - - [26/Oct/2025 05:54:53] "GET /web/service-worker.js HTTP/1.1" 200 - 1 0.001 0.023
2025-10-26 05:54:53,588 37520 INFO scholarixglobal werkzeug: 127.0.0.1 - - [26/Oct/2025 05:54:53] "GET /odoo HTTP/1.1" 200 - 24 0.014 0.033
2025-10-26 05:54:53,711 37520 INFO scholarixglobal werkzeug: 127.0.0.1 - - [26/Oct/2025 05:54:53] "GET /odoo/offline HTTP/1.1" 200 - 6 0.010 0.020
2025-10-26 05:55:15,785 37520 INFO scholarixglobal odoo.addons.base.models.ir_cron: Job 'Base: Auto-vacuum internal data' (1) starting 
2025-10-26 05:55:16,008 37520 INFO scholarixglobal odoo.addons.base.models.res_users: GC 'auth_totp.device' delete 0 entries 
2025-10-26 05:55:16,015 37520 INFO scholarixglobal odoo.addons.sms.models.sms_sms: GC'd 0 sms marked for deletion 
2025-10-26 05:55:16,041 37520 INFO scholarixglobal odoo.addons.base.models.res_device: GC device logs delete 1 entries 
2025-10-26 05:55:16,080 37520 INFO scholarixglobal odoo.addons.base.models.res_device: GC device logs delete 0 entries 
2025-10-26 05:55:16,112 37520 INFO scholarixglobal odoo.addons.api_doc.models.ir_attachment: GC'd 0 /doc cached index 
2025-10-26 05:55:16,124 37520 INFO scholarixglobal odoo.addons.base.models.res_users: GC'd 0 user log entries 
2025-10-26 05:55:16,230 37520 INFO scholarixglobal odoo.addons.base.models.ir_attachment: filestore gc 400 checked, 3 removed 
2025-10-26 05:55:16,274 37520 INFO scholarixglobal odoo.addons.base.models.res_users: GC 'res.users.apikeys' delete 0 entries 
2025-10-26 05:55:16,311 37520 INFO scholarixglobal odoo.addons.base.models.ir_cron: Job 'Base: Auto-vacuum internal data' (1) fully done (#loop 1; done 95; remaining 0; duration 0.53s) 
2025-10-26 05:59:56,741 37520 INFO scholarixglobal werkzeug: 127.0.0.1 - - [26/Oct/2025 05:59:56] "POST /web/action/load HTTP/1.1" 200 - 6 0.025 0.022
2025-10-26 05:59:56,752 37520 INFO scholarixglobal werkzeug: 127.0.0.1 - - [26/Oct/2025 05:59:56] "GET /web/image/res.partner/3/avatar_128?unique=1761443629000 HTTP/1.1" 200 - 11 0.031 0.026
2025-10-26 05:59:56,758 37520 INFO scholarixglobal werkzeug: 127.0.0.1 - - [26/Oct/2025 05:59:56] "GET /web/image?model=res.users&field=avatar_128&id=2 HTTP/1.1" 304 - 15 0.032 0.028
2025-10-26 05:59:56,993 37520 INFO scholarixglobal werkzeug: 127.0.0.1 - - [26/Oct/2025 05:59:56] "POST /discuss/channel/messages HTTP/1.1" 200 - 22 0.030 0.025
2025-10-26 05:59:57,169 37520 INFO scholarixglobal werkzeug: 127.0.0.1 - - [26/Oct/2025 05:59:57] "GET /web/image/discuss.channel/2/avatar_128?unique=65522bcfb0800821d8312706ae7561a3bc81dc88fed473f8b41f9e87df71f664fc4505e9227bbd7aab74bb8e7d2416dd65543dc4bdeb1a40e9768a66fb50b497 HTTP/1.1" 200 - 4 0.003 0.010
2025-10-26 05:59:57,175 37520 INFO scholarixglobal werkzeug: 127.0.0.1 - - [26/Oct/2025 05:59:57] "GET /web/image/discuss.channel/1/avatar_128?unique=a9de839513e309eb41c7a51897f082e76ae444b3b9860c932b00b632884cec0c395c8da4df3c8e04513d05cc4c5f738b14a25b276be21d2736525da4b7499199 HTTP/1.1" 200 - 4 0.009 0.010
2025-10-26 05:59:57,181 37520 INFO scholarixglobal werkzeug: 127.0.0.1 - - [26/Oct/2025 05:59:57] "GET /web/bundle/web.assets_emoji?lang=en_GB&debug=1 HTTP/1.1" 200 - 2 0.005 0.017
2025-10-26 05:59:57,202 37520 INFO scholarixglobal werkzeug: 127.0.0.1 - - [26/Oct/2025 05:59:57] "GET /web/image/res.partner/3/avatar_128?unique=1761458029000 HTTP/1.1" 200 - 7 0.024 0.020
2025-10-26 05:59:57,202 37520 INFO scholarixglobal werkzeug: 127.0.0.1 - - [26/Oct/2025 05:59:57] "GET /web/image/res.partner/2/avatar_128?unique=1761458029000 HTTP/1.1" 200 - 6 0.010 0.036
2025-10-26 05:59:57,397 37520 INFO scholarixglobal werkzeug: 127.0.0.1 - - [26/Oct/2025 05:59:57] "POST /discuss/channel/mark_as_read HTTP/1.1" 200 - 25 0.016 0.062
2025-10-26 05:59:57,716 37520 INFO scholarixglobal odoo.addons.base.models.assetsbundle: Generating a new asset bundle attachment /web/assets/b7225b3/web.assets_emoji.min.js (id:487) 
2025-10-26 05:59:57,764 37520 INFO scholarixglobal werkzeug: 127.0.0.1 - - [26/Oct/2025 05:59:57] "GET /web/assets/b7225b3/web.assets_emoji.min.js HTTP/1.1" 200 - 8 0.005 0.261
2025-10-26 06:00:01,177 37520 INFO scholarixglobal werkzeug: 127.0.0.1 - - [26/Oct/2025 06:00:01] "POST /web/action/load HTTP/1.1" 200 - 10 0.007 0.006
2025-10-26 06:00:01,490 37520 INFO scholarixglobal werkzeug: 127.0.0.1 - - [26/Oct/2025 06:00:01] "POST /web/dataset/call_kw/ir.module.module/get_views#ir.module.module.get_views HTTP/1.1" 200 - 42 0.022 0.037
2025-10-26 06:00:01,500 37520 INFO scholarixglobal werkzeug: 127.0.0.1 - - [26/Oct/2025 06:00:01] "POST /web/dataset/call_kw/ir.module.module/search_panel_select_range#ir.module.module.search_panel_select_range HTTP/1.1" 200 - 1 0.000 0.002
2025-10-26 06:00:01,827 37520 INFO scholarixglobal werkzeug: 127.0.0.1 - - [26/Oct/2025 06:00:01] "POST /web/dataset/call_kw/ir.module.module/check_module_update#ir.module.module.check_module_update HTTP/1.1" 200 - 2 0.002 0.003
2025-10-26 06:00:01,831 37520 INFO scholarixglobal werkzeug: 127.0.0.1 - - [26/Oct/2025 06:00:01] "POST /web/dataset/call_kw/ir.module.module/search_panel_select_range#ir.module.module.search_panel_select_range HTTP/1.1" 200 - 43 0.014 0.010
2025-10-26 06:00:01,850 37520 INFO scholarixglobal werkzeug: 127.0.0.1 - - [26/Oct/2025 06:00:01] "POST /web/dataset/call_kw/ir.module.module/web_search_read#ir.module.module.web_search_read HTTP/1.1" 200 - 4 0.004 0.039
2025-10-26 06:00:02,229 37520 INFO scholarixglobal werkzeug: 127.0.0.1 - - [26/Oct/2025 06:00:02] "POST /web/dataset/call_kw/ir.module.module/check_module_update#ir.module.module.check_module_update HTTP/1.1" 200 - 2 0.001 0.002
2025-10-26 06:10:27,355 29404 WARNING ? odoo.tools.config: missing --http-interface/http_interface, using 0.0.0.0 by default, will change to 127.0.0.1 in 20.0 
2025-10-26 06:10:27,357 29404 INFO ? odoo: Odoo version 19.0 
2025-10-26 06:10:27,357 29404 INFO ? odoo: Using configuration file at d:\odoo19\odoo.conf 
2025-10-26 06:10:27,357 29404 INFO ? odoo: addons paths: _NamespacePath(['D:\\odoo19\\odoo\\addons', 'C:\\Users\\branm\\AppData\\Local\\OpenERP S.A.\\Odoo\\addons\\19.0', 'd:\\odoo19\\addons', 'd:\\odoolocal\\odoo19\\odoo_19']) 
2025-10-26 06:10:27,357 29404 INFO ? odoo: database: odoo@localhost:5432 
2025-10-26 06:10:27,695 29404 WARNING ? py.warnings: C:\Users\branm\AppData\Roaming\Python\Python313\site-packages\PyPDF2\__init__.py:21: DeprecationWarning: PyPDF2 is deprecated. Please move to the pypdf library instead.
  File "D:\odoo19\odoo-bin", line 6, in <module>
    odoo.cli.main()
  File "D:\odoo19\odoo\cli\command.py", line 133, in main
    command().run(args)
  File "D:\odoo19\odoo\cli\server.py", line 127, in run
    main(args)
  File "D:\odoo19\odoo\cli\server.py", line 118, in main
    rc = server.start(preload=config['db_name'], stop=stop)
  File "D:\odoo19\odoo\service\server.py", line 1545, in start
    load_server_wide_modules()
  File "D:\odoo19\odoo\service\server.py", line 1461, in load_server_wide_modules
    load_openerp_module(m)
  File "D:\odoo19\odoo\modules\module.py", line 505, in load_openerp_module
    __import__(qualname)
  File "D:\odoo19\odoo\addons\base\__init__.py", line 4, in <module>
    from . import models
  File "D:\odoo19\odoo\addons\base\models\__init__.py", line 12, in <module>
    from . import ir_actions_report
  File "D:\odoo19\odoo\addons\base\models\ir_actions_report.py", line 32, in <module>
    from odoo.tools.pdf import PdfFileReader, PdfFileWriter, PdfReadError
  File "D:\odoo19\odoo\tools\pdf\__init__.py", line 33, in <module>
    import PyPDF2.filters  # needed after PyPDF2 2.0.0 and before 2.11.0
  File "C:\Users\branm\AppData\Roaming\Python\Python313\site-packages\PyPDF2\__init__.py", line 21, in <module>
    warnings.warn(
 
2025-10-26 06:10:28,268 29404 INFO ? odoo.service.server: HTTP service (werkzeug) running on Renbran:8069 
2025-10-26 06:10:28,795 29404 INFO ? odoo.modules.loading: loading 1 modules... 
2025-10-26 06:10:28,802 29404 INFO ? odoo.modules.loading: 1 modules loaded in 0.01s, 0 queries (+0 extra) 
2025-10-26 06:10:28,856 29404 INFO ? odoo.modules.loading: loading 57 modules... 
2025-10-26 06:10:30,004 29404 INFO ? odoo.modules.loading: 57 modules loaded in 1.15s, 0 queries (+0 extra) 
2025-10-26 06:10:30,164 29404 INFO ? odoo.modules.loading: Modules loaded. 
2025-10-26 06:10:30,253 29404 INFO ? odoo.registry: Registry loaded in 1.526s 
2025-10-26 06:10:30,255 29404 INFO scholarixglobal odoo.addons.base.models.ir_http: Generating routing map for key None 
2025-10-26 06:10:30,312 29404 INFO scholarixglobal werkzeug: 127.0.0.1 - - [26/Oct/2025 06:10:30] "GET /websocket?version=saas-18.5-1 HTTP/1.1" 101 - 21 0.116 1.473
2025-10-26 06:10:30,693 29404 INFO ? odoo.addons.bus.models.bus: Bus.loop listen imbus on db postgres 
2025-10-26 06:10:30,800 29404 INFO scholarixglobal werkzeug: 127.0.0.1 - - [26/Oct/2025 06:10:30] "POST /bus/has_missed_notifications HTTP/1.1" 200 - 2 0.006 0.156
2025-10-26 06:11:41,859 27988 WARNING ? odoo.tools.config: missing --http-interface/http_interface, using 0.0.0.0 by default, will change to 127.0.0.1 in 20.0 
2025-10-26 06:11:41,859 27988 INFO ? odoo: Odoo version 19.0 
2025-10-26 06:11:41,859 27988 INFO ? odoo: Using configuration file at d:\odoo19\odoo.conf 
2025-10-26 06:11:41,859 27988 INFO ? odoo: addons paths: _NamespacePath(['D:\\odoo19\\odoo\\addons', 'C:\\Users\\branm\\AppData\\Local\\OpenERP S.A.\\Odoo\\addons\\19.0', 'd:\\odoo19\\addons', 'd:\\odoolocal\\odoo19\\odoo_19']) 
2025-10-26 06:11:41,860 27988 INFO ? odoo: database: odoo@localhost:5432 
2025-10-26 06:11:42,054 27988 WARNING ? py.warnings: C:\Users\branm\AppData\Roaming\Python\Python313\site-packages\PyPDF2\__init__.py:21: DeprecationWarning: PyPDF2 is deprecated. Please move to the pypdf library instead.
  File "D:\odoo19\odoo-bin", line 6, in <module>
    odoo.cli.main()
  File "D:\odoo19\odoo\cli\command.py", line 133, in main
    command().run(args)
  File "D:\odoo19\odoo\cli\server.py", line 127, in run
    main(args)
  File "D:\odoo19\odoo\cli\server.py", line 118, in main
    rc = server.start(preload=config['db_name'], stop=stop)
  File "D:\odoo19\odoo\service\server.py", line 1545, in start
    load_server_wide_modules()
  File "D:\odoo19\odoo\service\server.py", line 1461, in load_server_wide_modules
    load_openerp_module(m)
  File "D:\odoo19\odoo\modules\module.py", line 505, in load_openerp_module
    __import__(qualname)
  File "D:\odoo19\odoo\addons\base\__init__.py", line 4, in <module>
    from . import models
  File "D:\odoo19\odoo\addons\base\models\__init__.py", line 12, in <module>
    from . import ir_actions_report
  File "D:\odoo19\odoo\addons\base\models\ir_actions_report.py", line 32, in <module>
    from odoo.tools.pdf import PdfFileReader, PdfFileWriter, PdfReadError
  File "D:\odoo19\odoo\tools\pdf\__init__.py", line 33, in <module>
    import PyPDF2.filters  # needed after PyPDF2 2.0.0 and before 2.11.0
  File "C:\Users\branm\AppData\Roaming\Python\Python313\site-packages\PyPDF2\__init__.py", line 21, in <module>
    warnings.warn(
 
2025-10-26 06:11:42,410 27988 INFO scholarixglobal odoo.modules.loading: loading 1 modules... 
2025-10-26 06:11:42,412 27988 INFO scholarixglobal odoo.modules.loading: 1 modules loaded in 0.00s, 0 queries (+0 extra) 
2025-10-26 06:11:42,428 27988 INFO scholarixglobal odoo.modules.loading: updating modules list 
2025-10-26 06:11:42,432 27988 INFO scholarixglobal odoo.addons.base.models.ir_module: ALLOW access to module.update_list on [] to user __system__ #1 via n/a 
2025-10-26 06:11:43,429 27988 INFO scholarixglobal odoo.addons.base.models.ir_module: ALLOW access to module.button_install on ['Advanced Property Sale & Rental Management | Real Estate | Property Sales | Property Rental | Property Management'] to user __system__ #1 via n/a 
2025-10-26 06:11:43,523 27988 INFO scholarixglobal odoo.modules.loading: loading 86 modules... 
2025-10-26 06:11:44,160 27988 INFO scholarixglobal odoo.modules.loading: Loading module social_media (58/86) 
2025-10-26 06:11:44,262 27988 INFO scholarixglobal odoo.registry: module social_media: creating or updating database tables 
2025-10-26 06:11:44,353 27988 INFO scholarixglobal odoo.modules.loading: loading social_media/views/res_company_views.xml 
2025-10-26 06:11:44,385 27988 INFO scholarixglobal odoo.addons.base.models.ir_module: module social_media: loading translation file d:\odoo19\addons\social_media\i18n\ar.po for language ar_001 
2025-10-26 06:11:44,421 27988 INFO scholarixglobal odoo.addons.base.models.ir_module: module social_media: no translation for language en_GB 
2025-10-26 06:11:44,433 27988 INFO scholarixglobal odoo.modules.loading: Module social_media loaded in 0.27s, 86 queries (+86 other) 
2025-10-26 06:11:44,433 27988 INFO scholarixglobal odoo.modules.loading: Loading module web_hierarchy (59/86) 
2025-10-26 06:11:44,571 27988 INFO scholarixglobal odoo.registry: module web_hierarchy: creating or updating database tables 
2025-10-26 06:11:45,531 27988 INFO scholarixglobal odoo.addons.base.models.ir_module: module web_hierarchy: loading translation file d:\odoo19\addons\web_hierarchy\i18n\ar.po for language ar_001 
2025-10-26 06:11:45,548 27988 INFO scholarixglobal odoo.addons.base.models.ir_module: module web_hierarchy: no translation for language en_GB 
2025-10-26 06:11:45,555 27988 INFO scholarixglobal odoo.modules.loading: Module web_hierarchy loaded in 1.12s, 2722 queries (+2722 other) 
2025-10-26 06:11:45,555 27988 INFO scholarixglobal odoo.modules.loading: Loading module google_recaptcha (60/86) 
2025-10-26 06:11:45,594 27988 INFO scholarixglobal odoo.registry: module google_recaptcha: creating or updating database tables 
2025-10-26 06:11:45,629 27988 INFO scholarixglobal odoo.modules.loading: loading google_recaptcha/views/res_config_settings_view.xml 
2025-10-26 06:11:45,690 27988 INFO scholarixglobal odoo.addons.base.models.ir_module: module google_recaptcha: loading translation file d:\odoo19\addons\google_recaptcha\i18n\ar.po for language ar_001 
2025-10-26 06:11:45,711 27988 INFO scholarixglobal odoo.addons.base.models.ir_module: module google_recaptcha: no translation for language en_GB 
2025-10-26 06:11:45,718 27988 INFO scholarixglobal odoo.modules.loading: Module google_recaptcha loaded in 0.16s, 94 queries (+94 other) 
2025-10-26 06:11:45,718 27988 INFO scholarixglobal odoo.modules.loading: Loading module calendar (61/86) 
2025-10-26 06:11:46,063 27988 INFO scholarixglobal odoo.registry: module calendar: creating or updating database tables 
2025-10-26 06:11:46,406 27988 INFO scholarixglobal odoo.modules.loading: loading calendar/security/ir.model.access.csv 
2025-10-26 06:11:46,632 27988 INFO scholarixglobal odoo.modules.loading: loading calendar/security/calendar_security.xml 
2025-10-26 06:11:46,655 27988 INFO scholarixglobal odoo.modules.loading: loading calendar/data/calendar_cron.xml 
2025-10-26 06:11:46,686 27988 INFO scholarixglobal odoo.modules.loading: loading calendar/data/mail_template_data.xml 
2025-10-26 06:11:46,716 27988 INFO scholarixglobal odoo.modules.loading: loading calendar/data/calendar_data.xml 
2025-10-26 06:11:46,734 27988 INFO scholarixglobal odoo.modules.loading: loading calendar/data/mail_activity_type_data.xml 
2025-10-26 06:11:46,743 27988 INFO scholarixglobal odoo.modules.loading: loading calendar/data/mail_message_subtype_data.xml 
2025-10-26 06:11:46,753 27988 INFO scholarixglobal odoo.modules.loading: loading calendar/views/mail_activity_views.xml 
2025-10-26 06:11:46,776 27988 INFO scholarixglobal odoo.modules.loading: loading calendar/views/calendar_templates.xml 
2025-10-26 06:11:46,790 27988 INFO scholarixglobal odoo.modules.loading: loading calendar/views/calendar_views.xml 
2025-10-26 06:11:46,888 27988 INFO scholarixglobal odoo.modules.loading: loading calendar/views/res_config_settings_views.xml 
2025-10-26 06:11:46,912 27988 INFO scholarixglobal odoo.modules.loading: loading calendar/views/res_partner_views.xml 
2025-10-26 06:11:46,930 27988 INFO scholarixglobal odoo.modules.loading: loading calendar/views/res_users_views.xml 
2025-10-26 06:11:46,950 27988 INFO scholarixglobal odoo.modules.loading: loading calendar/wizard/calendar_provider_config.xml 
2025-10-26 06:11:46,964 27988 INFO scholarixglobal odoo.modules.loading: loading calendar/wizard/calendar_popover_delete_wizard.xml 
2025-10-26 06:11:46,980 27988 INFO scholarixglobal odoo.modules.loading: loading calendar/wizard/mail_activity_schedule_views.xml 
2025-10-26 06:11:46,999 27988 INFO scholarixglobal odoo.addons.base.models.ir_module: module calendar: loading translation file d:\odoo19\addons\calendar\i18n\ar.po for language ar_001 
2025-10-26 06:11:47,070 27988 INFO scholarixglobal odoo.addons.base.models.ir_module: module calendar: no translation for language en_GB 
2025-10-26 06:11:47,124 27988 INFO scholarixglobal odoo.modules.loading: Module calendar loaded in 1.41s, 1103 queries (+1103 other) 
2025-10-26 06:11:47,124 27988 INFO scholarixglobal odoo.modules.loading: Loading module contacts (62/86) 
2025-10-26 06:11:47,164 27988 INFO scholarixglobal odoo.registry: module contacts: creating or updating database tables 
2025-10-26 06:11:47,203 27988 INFO scholarixglobal odoo.modules.loading: loading contacts/views/contact_views.xml 
2025-10-26 06:11:47,270 27988 INFO scholarixglobal odoo.addons.base.models.ir_module: module contacts: loading translation file d:\odoo19\addons\contacts\i18n\ar.po for language ar_001 
2025-10-26 06:11:47,294 27988 INFO scholarixglobal odoo.addons.base.models.ir_module: module contacts: no translation for language en_GB 
2025-10-26 06:11:47,302 27988 INFO scholarixglobal odoo.modules.loading: Module contacts loaded in 0.18s, 222 queries (+222 other) 
2025-10-26 06:11:47,302 27988 INFO scholarixglobal odoo.modules.loading: Loading module html_builder (63/86) 
2025-10-26 06:11:47,319 27988 INFO scholarixglobal odoo.addons.base.models.ir_module: module html_builder: loading translation file d:\odoo19\addons\html_builder\i18n\ar.po for language ar_001 
2025-10-26 06:11:47,345 27988 INFO scholarixglobal odoo.addons.base.models.ir_module: module html_builder: no translation for language ar_001 
2025-10-26 06:11:47,345 27988 INFO scholarixglobal odoo.addons.base.models.ir_module: module html_builder: no translation for language en_GB 
2025-10-26 06:11:47,361 27988 INFO scholarixglobal odoo.modules.loading: Module html_builder loaded in 0.06s, 12 queries (+12 other) 
2025-10-26 06:11:47,361 27988 INFO scholarixglobal odoo.modules.loading: Loading module maintenance (64/86) 
2025-10-26 06:11:47,402 27988 INFO scholarixglobal odoo.registry: module maintenance: creating or updating database tables 
2025-10-26 06:11:47,582 27988 INFO scholarixglobal odoo.modules.loading: loading maintenance/security/maintenance.xml 
2025-10-26 06:11:47,634 27988 INFO scholarixglobal odoo.modules.loading: loading maintenance/security/ir.model.access.csv 
2025-10-26 06:11:47,649 27988 INFO scholarixglobal odoo.modules.loading: loading maintenance/data/maintenance_data.xml 
2025-10-26 06:11:47,663 27988 INFO scholarixglobal odoo.modules.loading: loading maintenance/data/mail_activity_type_data.xml 
2025-10-26 06:11:47,675 27988 INFO scholarixglobal odoo.modules.loading: loading maintenance/data/mail_message_subtype_data.xml 
2025-10-26 06:11:47,704 27988 INFO scholarixglobal odoo.modules.loading: loading maintenance/views/maintenance_views.xml 
2025-10-26 06:11:47,846 27988 INFO scholarixglobal odoo.modules.loading: loading maintenance/views/mail_activity_views.xml 
2025-10-26 06:11:47,858 27988 INFO scholarixglobal odoo.modules.loading: loading maintenance/views/res_config_settings_views.xml 
2025-10-26 06:11:47,887 27988 INFO scholarixglobal odoo.addons.base.models.ir_module: module maintenance: loading translation file d:\odoo19\addons\maintenance\i18n\ar.po for language ar_001 
2025-10-26 06:11:47,925 27988 INFO scholarixglobal odoo.addons.base.models.ir_module: module maintenance: no translation for language en_GB 
2025-10-26 06:11:47,959 27988 INFO scholarixglobal odoo.modules.loading: Module maintenance loaded in 0.60s, 787 queries (+787 other) 
2025-10-26 06:11:47,959 27988 INFO scholarixglobal odoo.modules.loading: Loading module calendar_sms (65/86) 
2025-10-26 06:11:48,001 27988 INFO scholarixglobal odoo.registry: module calendar_sms: creating or updating database tables 
2025-10-26 06:11:48,004 27988 INFO scholarixglobal odoo.models: Prepare computation of calendar.alarm.sms_template_id 
2025-10-26 06:11:48,048 27988 INFO scholarixglobal odoo.modules.loading: loading calendar_sms/data/sms_data.xml 
2025-10-26 06:11:48,060 27988 INFO scholarixglobal odoo.modules.loading: loading calendar_sms/views/calendar_views.xml 
2025-10-26 06:11:48,092 27988 INFO scholarixglobal odoo.addons.base.models.ir_module: module calendar_sms: loading translation file d:\odoo19\addons\calendar_sms\i18n\ar.po for language ar_001 
2025-10-26 06:11:48,114 27988 INFO scholarixglobal odoo.addons.base.models.ir_module: module calendar_sms: no translation for language en_GB 
2025-10-26 06:11:48,125 27988 INFO scholarixglobal odoo.modules.loading: Module calendar_sms loaded in 0.17s, 118 queries (+118 other) 
2025-10-26 06:11:48,126 27988 INFO scholarixglobal odoo.modules.loading: Loading module crm (66/86) 
2025-10-26 06:11:48,676 27988 INFO scholarixglobal odoo.registry: module crm: creating or updating database tables 
2025-10-26 06:11:48,892 27988 INFO scholarixglobal odoo.addons.mail.models.mail_alias_mixin: Mail alias created for crm.team Sales (id 1) 
2025-10-26 06:11:48,893 27988 INFO scholarixglobal odoo.addons.mail.models.mail_alias_mixin: Mail alias created for crm.team Point of Sale (id 3) 
2025-10-26 06:11:48,894 27988 INFO scholarixglobal odoo.addons.mail.models.mail_alias_mixin: Mail alias created for crm.team Website (id 2) 
2025-10-26 06:11:49,106 27988 INFO scholarixglobal odoo.modules.loading: loading crm/security/crm_security.xml 
2025-10-26 06:11:49,151 27988 INFO scholarixglobal odoo.modules.loading: loading crm/security/ir.model.access.csv 
2025-10-26 06:11:49,174 27988 INFO scholarixglobal odoo.modules.loading: loading crm/data/crm_lead_merge_template.xml 
2025-10-26 06:11:49,191 27988 INFO scholarixglobal odoo.modules.loading: loading crm/data/crm_lead_prediction_data.xml 
2025-10-26 06:11:49,258 27988 INFO scholarixglobal odoo.modules.loading: loading crm/data/crm_lost_reason_data.xml 
2025-10-26 06:11:49,272 27988 INFO scholarixglobal odoo.modules.loading: loading crm/data/crm_stage_data.xml 
2025-10-26 06:11:49,284 27988 INFO scholarixglobal odoo.modules.loading: loading crm/data/crm_team_data.xml 
2025-10-26 06:11:49,304 27988 INFO scholarixglobal odoo.modules.loading: loading crm/data/digest_data.xml 
2025-10-26 06:11:49,328 27988 INFO scholarixglobal odoo.modules.loading: loading crm/data/ir_action_data.xml 
2025-10-26 06:11:49,349 27988 INFO scholarixglobal odoo.modules.loading: loading crm/data/ir_cron_data.xml 
2025-10-26 06:11:49,367 27988 INFO scholarixglobal odoo.modules.loading: loading crm/data/mail_message_subtype_data.xml 
2025-10-26 06:11:49,387 27988 INFO scholarixglobal odoo.modules.loading: loading crm/data/crm_recurring_plan_data.xml 
2025-10-26 06:11:49,400 27988 INFO scholarixglobal odoo.modules.loading: loading crm/data/crm_tour.xml 
2025-10-26 06:11:49,411 27988 INFO scholarixglobal odoo.modules.loading: loading crm/wizard/crm_lead_lost_views.xml 
2025-10-26 06:11:49,427 27988 INFO scholarixglobal odoo.modules.loading: loading crm/wizard/crm_lead_to_opportunity_views.xml 
2025-10-26 06:11:49,444 27988 INFO scholarixglobal odoo.modules.loading: loading crm/wizard/crm_lead_to_opportunity_mass_views.xml 
2025-10-26 06:11:49,461 27988 INFO scholarixglobal odoo.modules.loading: loading crm/wizard/crm_merge_opportunities_views.xml 
2025-10-26 06:11:49,477 27988 INFO scholarixglobal odoo.modules.loading: loading crm/wizard/crm_lead_pls_update_views.xml 
2025-10-26 06:11:49,492 27988 INFO scholarixglobal odoo.modules.loading: loading crm/views/calendar_views.xml 
2025-10-26 06:11:49,505 27988 INFO scholarixglobal odoo.modules.loading: loading crm/views/crm_recurring_plan_views.xml 
2025-10-26 06:11:49,522 27988 INFO scholarixglobal odoo.modules.loading: loading crm/views/crm_lost_reason_views.xml 
2025-10-26 06:11:49,542 27988 INFO scholarixglobal odoo.modules.loading: loading crm/views/crm_stage_views.xml 
2025-10-26 06:11:49,564 27988 INFO scholarixglobal odoo.modules.loading: loading crm/views/crm_lead_views.xml 
2025-10-26 06:11:49,684 27988 INFO scholarixglobal odoo.modules.loading: loading crm/views/crm_team_member_views.xml 
2025-10-26 06:11:49,720 27988 INFO scholarixglobal odoo.modules.loading: loading crm/views/digest_views.xml 
2025-10-26 06:11:49,741 27988 INFO scholarixglobal odoo.modules.loading: loading crm/views/mail_activity_plan_views.xml 
2025-10-26 06:11:49,751 27988 INFO scholarixglobal odoo.modules.loading: loading crm/views/mail_activity_views.xml 
2025-10-26 06:11:49,759 27988 INFO scholarixglobal odoo.modules.loading: loading crm/views/res_config_settings_views.xml 
2025-10-26 06:11:49,786 27988 INFO scholarixglobal odoo.modules.loading: loading crm/views/res_partner_views.xml 
2025-10-26 06:11:49,807 27988 INFO scholarixglobal odoo.modules.loading: loading crm/views/utm_campaign_views.xml 
2025-10-26 06:11:49,830 27988 INFO scholarixglobal odoo.modules.loading: loading crm/report/crm_activity_report_views.xml 
2025-10-26 06:11:49,858 27988 INFO scholarixglobal odoo.modules.loading: loading crm/report/crm_opportunity_report_views.xml 
2025-10-26 06:11:49,903 27988 INFO scholarixglobal odoo.modules.loading: loading crm/views/crm_team_views.xml 
2025-10-26 06:11:49,949 27988 INFO scholarixglobal odoo.modules.loading: loading crm/views/crm_menu_views.xml 
2025-10-26 06:11:50,027 27988 INFO scholarixglobal odoo.modules.loading: loading crm/views/crm_helper_templates.xml 
2025-10-26 06:11:50,040 27988 INFO scholarixglobal odoo.addons.base.models.ir_module: module crm: loading translation file d:\odoo19\addons\crm\i18n\ar.po for language ar_001 
2025-10-26 06:11:50,136 27988 INFO scholarixglobal odoo.addons.base.models.ir_module: module crm: no translation for language en_GB 
2025-10-26 06:11:50,218 27988 INFO scholarixglobal odoo.modules.loading: Module crm loaded in 2.09s, 2054 queries (+2054 other) 
2025-10-26 06:11:50,218 27988 INFO scholarixglobal odoo.modules.loading: Loading module hr (67/86) 
2025-10-26 06:11:51,098 27988 INFO scholarixglobal odoo.registry: module hr: creating or updating database tables 
2025-10-26 06:11:52,497 27988 INFO scholarixglobal odoo.modules.loading: loading hr/security/hr_security.xml 
2025-10-26 06:11:52,578 27988 INFO scholarixglobal odoo.modules.loading: loading hr/security/ir.model.access.csv 
2025-10-26 06:11:52,601 27988 INFO scholarixglobal odoo.modules.loading: loading hr/data/digest_data.xml 
2025-10-26 06:11:52,612 27988 INFO scholarixglobal odoo.modules.loading: loading hr/data/report_paperformat.xml 
2025-10-26 06:11:52,623 27988 INFO scholarixglobal odoo.modules.loading: loading hr/wizard/hr_departure_wizard_views.xml 
2025-10-26 06:11:52,638 27988 INFO scholarixglobal odoo.modules.loading: loading hr/wizard/hr_contract_template_wizard.views.xml 
2025-10-26 06:11:52,654 27988 INFO scholarixglobal odoo.modules.loading: loading hr/wizard/mail_activity_schedule_views.xml 
2025-10-26 06:11:52,670 27988 INFO scholarixglobal odoo.modules.loading: loading hr/wizard/hr_bank_account_allocation_wizard.xml 
2025-10-26 06:11:52,685 27988 INFO scholarixglobal odoo.modules.loading: loading hr/wizard/hr_bank_account_allocation_wizard_line.xml 
2025-10-26 06:11:52,698 27988 INFO scholarixglobal odoo.modules.loading: loading hr/views/mail_activity_plan_views.xml 
2025-10-26 06:11:52,736 27988 INFO scholarixglobal odoo.modules.loading: loading hr/views/hr_version_views.xml 
2025-10-26 06:11:52,765 27988 INFO scholarixglobal odoo.modules.loading: loading hr/views/hr_contract_template_views.xml 
2025-10-26 06:11:52,784 27988 INFO scholarixglobal odoo.modules.loading: loading hr/views/hr_departure_reason_views.xml 
2025-10-26 06:11:52,802 27988 INFO scholarixglobal odoo.modules.loading: loading hr/views/hr_contract_type_views.xml 
2025-10-26 06:11:52,824 27988 INFO scholarixglobal odoo.modules.loading: loading hr/views/hr_job_views.xml 
2025-10-26 06:11:52,850 27988 INFO scholarixglobal odoo.modules.loading: loading hr/views/hr_employee_category_views.xml 
2025-10-26 06:11:52,867 27988 INFO scholarixglobal odoo.modules.loading: loading hr/views/hr_employee_public_views.xml 
2025-10-26 06:11:52,899 27988 INFO scholarixglobal odoo.modules.loading: loading hr/report/hr_employee_badge.xml 
2025-10-26 06:11:52,916 27988 INFO scholarixglobal odoo.modules.loading: loading hr/views/hr_employee_views.xml 
2025-10-26 06:11:53,012 27988 INFO scholarixglobal odoo.modules.loading: loading hr/views/hr_department_views.xml 
2025-10-26 06:11:53,046 27988 INFO scholarixglobal odoo.modules.loading: loading hr/views/hr_work_location_views.xml 
2025-10-26 06:11:53,063 27988 INFO scholarixglobal odoo.modules.loading: loading hr/views/hr_views.xml 
2025-10-26 06:11:53,113 27988 INFO scholarixglobal odoo.modules.loading: loading hr/views/res_config_settings_views.xml 
2025-10-26 06:11:53,144 27988 INFO scholarixglobal odoo.modules.loading: loading hr/views/res_partner_views.xml 
2025-10-26 06:11:53,170 27988 INFO scholarixglobal odoo.modules.loading: loading hr/views/res_partner_bank_views.xml 
2025-10-26 06:11:53,188 27988 INFO scholarixglobal odoo.modules.loading: loading hr/views/discuss_channel_views.xml 
2025-10-26 06:11:53,204 27988 INFO scholarixglobal odoo.modules.loading: loading hr/views/res_users.xml 
2025-10-26 06:11:53,261 27988 INFO scholarixglobal odoo.modules.loading: loading hr/views/hr_templates.xml 
2025-10-26 06:11:53,273 27988 INFO scholarixglobal odoo.modules.loading: loading hr/data/hr_data.xml 
2025-10-26 06:11:53,412 27988 INFO scholarixglobal odoo.addons.base.models.ir_module: module hr: loading translation file d:\odoo19\addons\hr\i18n\ar.po for language ar_001 
2025-10-26 06:11:53,545 27988 INFO scholarixglobal odoo.addons.base.models.ir_module: module hr: no translation for language en_GB 
2025-10-26 06:11:53,643 27988 INFO scholarixglobal odoo.modules.loading: Module hr loaded in 3.42s, 4688 queries (+4688 other) 
2025-10-26 06:11:53,643 27988 INFO scholarixglobal odoo.modules.loading: Loading module website (68/86) 
2025-10-26 06:11:54,970 27988 INFO scholarixglobal odoo.registry: module website: creating or updating database tables 
2025-10-26 06:11:55,040 27988 INFO scholarixglobal odoo.models: Prepare computation of ir.ui.view.is_seo_optimized 
2025-10-26 06:11:55,047 27988 INFO scholarixglobal odoo.models: Prepare computation of res.company.website_id 
2025-10-26 06:11:56,613 27988 INFO scholarixglobal odoo.modules.loading: loading website/security/website_security.xml 
2025-10-26 06:11:56,709 27988 INFO scholarixglobal odoo.modules.loading: loading website/security/ir.model.access.csv 
2025-10-26 06:11:56,732 27988 INFO scholarixglobal odoo.modules.loading: loading website/data/image_library.xml 
2025-10-26 06:11:56,977 27988 INFO scholarixglobal odoo.modules.loading: loading website/data/ir_asset.xml 
2025-10-26 06:11:56,993 27988 INFO scholarixglobal odoo.modules.loading: loading website/data/ir_cron_data.xml 
2025-10-26 06:11:57,016 27988 INFO scholarixglobal odoo.modules.loading: loading website/data/mail_mail_data.xml 
2025-10-26 06:11:57,029 27988 INFO scholarixglobal odoo.modules.loading: loading website/data/website_data.xml 
2025-10-26 06:11:57,146 27988 INFO scholarixglobal odoo.modules.loading: loading website/data/website_visitor_cron.xml 
2025-10-26 06:11:57,168 27988 INFO scholarixglobal odoo.modules.loading: loading website/data/digest_data.xml 
2025-10-26 06:11:57,187 27988 INFO scholarixglobal odoo.modules.loading: loading website/views/website_technical_views.xml 
2025-10-26 06:11:57,196 27988 INFO scholarixglobal odoo.modules.loading: loading website/views/website_templates.xml 
2025-10-26 06:11:57,931 27988 INFO scholarixglobal odoo.modules.loading: loading website/views/snippets/snippets.xml 
2025-10-26 06:11:57,961 27988 INFO scholarixglobal odoo.modules.loading: loading website/views/snippets/s_announcement_scroll.xml 
2025-10-26 06:11:57,975 27988 INFO scholarixglobal odoo.modules.loading: loading website/views/snippets/s_framed_intro.xml 
2025-10-26 06:11:57,988 27988 INFO scholarixglobal odoo.modules.loading: loading website/views/snippets/s_title.xml 
2025-10-26 06:11:58,001 27988 INFO scholarixglobal odoo.modules.loading: loading website/views/snippets/s_cover.xml 
2025-10-26 06:11:58,015 27988 INFO scholarixglobal odoo.modules.loading: loading website/views/snippets/s_text_cover.xml 
2025-10-26 06:11:58,029 27988 INFO scholarixglobal odoo.modules.loading: loading website/views/snippets/s_image_text_box.xml 
2025-10-26 06:11:58,044 27988 INFO scholarixglobal odoo.modules.loading: loading website/views/snippets/s_striped_top.xml 
2025-10-26 06:11:58,059 27988 INFO scholarixglobal odoo.modules.loading: loading website/views/snippets/s_text_image.xml 
2025-10-26 06:11:58,072 27988 INFO scholarixglobal odoo.modules.loading: loading website/views/snippets/s_image_text.xml 
2025-10-26 06:11:58,085 27988 INFO scholarixglobal odoo.modules.loading: loading website/views/snippets/s_mockup_image.xml 
2025-10-26 06:11:58,098 27988 INFO scholarixglobal odoo.modules.loading: loading website/views/snippets/s_instagram_page.xml 
2025-10-26 06:11:58,111 27988 INFO scholarixglobal odoo.modules.loading: loading website/views/snippets/s_image_text_overlap.xml 
2025-10-26 06:11:58,124 27988 INFO scholarixglobal odoo.modules.loading: loading website/views/snippets/s_banner.xml 
2025-10-26 06:11:58,137 27988 INFO scholarixglobal odoo.modules.loading: loading website/views/snippets/s_bento_block.xml 
2025-10-26 06:11:58,143 27988 INFO scholarixglobal odoo.modules.loading: loading website/views/snippets/s_snippet_group.xml 
2025-10-26 06:11:58,155 27988 INFO scholarixglobal odoo.modules.loading: loading website/views/snippets/s_text_block.xml 
2025-10-26 06:11:58,167 27988 INFO scholarixglobal odoo.modules.loading: loading website/views/snippets/s_features.xml 
2025-10-26 06:11:58,182 27988 INFO scholarixglobal odoo.modules.loading: loading website/views/snippets/s_features_wall.xml 
2025-10-26 06:11:58,196 27988 INFO scholarixglobal odoo.modules.loading: loading website/views/snippets/s_three_columns.xml 
2025-10-26 06:11:58,212 27988 INFO scholarixglobal odoo.modules.loading: loading website/views/snippets/s_key_benefits.xml 
2025-10-26 06:11:58,226 27988 INFO scholarixglobal odoo.modules.loading: loading website/views/snippets/s_picture.xml 
2025-10-26 06:11:58,239 27988 INFO scholarixglobal odoo.modules.loading: loading website/views/snippets/s_image_punchy.xml 
2025-10-26 06:11:58,253 27988 INFO scholarixglobal odoo.modules.loading: loading website/views/snippets/s_bento_grid.xml 
2025-10-26 06:11:58,260 27988 INFO scholarixglobal odoo.modules.loading: loading website/views/snippets/s_carousel.xml 
2025-10-26 06:11:58,277 27988 INFO scholarixglobal odoo.modules.loading: loading website/views/snippets/s_carousel_intro.xml 
2025-10-26 06:11:58,293 27988 INFO scholarixglobal odoo.modules.loading: loading website/views/snippets/s_carousel_cards.xml 
2025-10-26 06:11:58,311 27988 INFO scholarixglobal odoo.modules.loading: loading website/views/snippets/s_alert.xml 
2025-10-26 06:11:58,327 27988 INFO scholarixglobal odoo.modules.loading: loading website/views/snippets/s_motto.xml 
2025-10-26 06:11:58,339 27988 INFO scholarixglobal odoo.modules.loading: loading website/views/snippets/s_card.xml 
2025-10-26 06:11:58,352 27988 INFO scholarixglobal odoo.modules.loading: loading website/views/snippets/s_cards_grid.xml 
2025-10-26 06:11:58,365 27988 INFO scholarixglobal odoo.modules.loading: loading website/views/snippets/s_cards_soft.xml 
2025-10-26 06:11:58,377 27988 INFO scholarixglobal odoo.modules.loading: loading website/views/snippets/s_share.xml 
2025-10-26 06:11:58,392 27988 INFO scholarixglobal odoo.modules.loading: loading website/views/snippets/s_social_media.xml 
2025-10-26 06:11:58,408 27988 INFO scholarixglobal odoo.modules.loading: loading website/views/snippets/s_rating.xml 
2025-10-26 06:11:58,422 27988 INFO scholarixglobal odoo.modules.loading: loading website/views/snippets/s_hr.xml 
2025-10-26 06:11:58,435 27988 INFO scholarixglobal odoo.modules.loading: loading website/views/snippets/s_closer_look.xml 
2025-10-26 06:11:58,447 27988 INFO scholarixglobal odoo.modules.loading: loading website/views/snippets/s_facebook_page.xml 
2025-10-26 06:11:58,460 27988 INFO scholarixglobal odoo.modules.loading: loading website/views/snippets/s_image_gallery.xml 
2025-10-26 06:11:58,481 27988 INFO scholarixglobal odoo.modules.loading: loading website/views/snippets/s_countdown.xml 
2025-10-26 06:11:58,498 27988 INFO scholarixglobal odoo.modules.loading: loading website/views/snippets/s_product_catalog.xml 
2025-10-26 06:11:58,515 27988 INFO scholarixglobal odoo.modules.loading: loading website/views/snippets/s_comparisons.xml 
2025-10-26 06:11:58,530 27988 INFO scholarixglobal odoo.modules.loading: loading website/views/snippets/s_comparisons_horizontal.xml 
2025-10-26 06:11:58,543 27988 INFO scholarixglobal odoo.modules.loading: loading website/views/snippets/s_company_team.xml 
2025-10-26 06:11:58,556 27988 INFO scholarixglobal odoo.modules.loading: loading website/views/snippets/s_company_team_basic.xml 
2025-10-26 06:11:58,568 27988 INFO scholarixglobal odoo.modules.loading: loading website/views/snippets/s_company_team_shapes.xml 
2025-10-26 06:11:58,579 27988 INFO scholarixglobal odoo.modules.loading: loading website/views/snippets/s_company_team_detail.xml 
2025-10-26 06:11:58,593 27988 INFO scholarixglobal odoo.modules.loading: loading website/views/snippets/s_company_team_spotlight.xml 
2025-10-26 06:11:58,605 27988 INFO scholarixglobal odoo.modules.loading: loading website/views/snippets/s_company_team_grid.xml 
2025-10-26 06:11:58,611 27988 INFO scholarixglobal odoo.modules.loading: loading website/views/snippets/s_company_team_card.xml 
2025-10-26 06:11:58,623 27988 INFO scholarixglobal odoo.modules.loading: loading website/views/snippets/s_call_to_action.xml 
2025-10-26 06:11:58,634 27988 INFO scholarixglobal odoo.modules.loading: loading website/views/snippets/s_references.xml 
2025-10-26 06:11:58,647 27988 INFO scholarixglobal odoo.modules.loading: loading website/views/snippets/s_references_social.xml 
2025-10-26 06:11:58,661 27988 INFO scholarixglobal odoo.modules.loading: loading website/views/snippets/s_references_grid.xml 
2025-10-26 06:11:58,685 27988 INFO scholarixglobal odoo.modules.loading: loading website/views/snippets/s_popup.xml 
2025-10-26 06:11:58,702 27988 INFO scholarixglobal odoo.modules.loading: loading website/views/snippets/s_faq_list.xml 
2025-10-26 06:11:58,715 27988 INFO scholarixglobal odoo.modules.loading: loading website/views/snippets/s_faq_collapse.xml 
2025-10-26 06:11:58,729 27988 INFO scholarixglobal odoo.modules.loading: loading website/views/snippets/s_features_grid.xml 
2025-10-26 06:11:58,743 27988 INFO scholarixglobal odoo.modules.loading: loading website/views/snippets/s_features_wave.xml 
2025-10-26 06:11:58,755 27988 INFO scholarixglobal odoo.modules.loading: loading website/views/snippets/s_tabs.xml 
2025-10-26 06:11:58,769 27988 INFO scholarixglobal odoo.modules.loading: loading website/views/snippets/s_tabs_images.xml 
2025-10-26 06:11:58,782 27988 INFO scholarixglobal odoo.modules.loading: loading website/views/snippets/s_table_of_content.xml 
2025-10-26 06:11:58,795 27988 INFO scholarixglobal odoo.modules.loading: loading website/views/snippets/s_images_constellation.xml 
2025-10-26 06:11:58,807 27988 INFO scholarixglobal odoo.modules.loading: loading website/views/snippets/s_chart.xml 
2025-10-26 06:11:58,818 27988 INFO scholarixglobal odoo.modules.loading: loading website/views/snippets/s_parallax.xml 
2025-10-26 06:11:58,830 27988 INFO scholarixglobal odoo.modules.loading: loading website/views/snippets/s_quotes_carousel.xml 
2025-10-26 06:11:58,845 27988 INFO scholarixglobal odoo.modules.loading: loading website/views/snippets/s_numbers_grid.xml 
2025-10-26 06:11:58,857 27988 INFO scholarixglobal odoo.modules.loading: loading website/views/snippets/s_quotes_carousel_minimal.xml 
2025-10-26 06:11:58,869 27988 INFO scholarixglobal odoo.modules.loading: loading website/views/snippets/s_quotes_carousel_compact.xml 
2025-10-26 06:11:58,882 27988 INFO scholarixglobal odoo.modules.loading: loading website/views/snippets/s_numbers.xml 
2025-10-26 06:11:58,894 27988 INFO scholarixglobal odoo.modules.loading: loading website/views/snippets/s_contact_info.xml 
2025-10-26 06:11:58,906 27988 INFO scholarixglobal odoo.modules.loading: loading website/views/snippets/s_numbers_boxed.xml 
2025-10-26 06:11:58,918 27988 INFO scholarixglobal odoo.modules.loading: loading website/views/snippets/s_cta_box.xml 
2025-10-26 06:11:58,929 27988 INFO scholarixglobal odoo.modules.loading: loading website/views/snippets/s_numbers_framed.xml 
2025-10-26 06:11:58,940 27988 INFO scholarixglobal odoo.modules.loading: loading website/views/snippets/s_masonry_block.xml 
2025-10-26 06:11:58,971 27988 INFO scholarixglobal odoo.modules.loading: loading website/views/snippets/s_sidegrid.xml 
2025-10-26 06:11:58,984 27988 INFO scholarixglobal odoo.modules.loading: loading website/views/snippets/s_media_list.xml 
2025-10-26 06:11:58,998 27988 INFO scholarixglobal odoo.modules.loading: loading website/views/snippets/s_showcase.xml 
2025-10-26 06:11:59,015 27988 INFO scholarixglobal odoo.modules.loading: loading website/views/snippets/s_faq_horizontal.xml 
2025-10-26 06:11:59,028 27988 INFO scholarixglobal odoo.modules.loading: loading website/views/snippets/s_floating_blocks.xml 
2025-10-26 06:11:59,042 27988 INFO scholarixglobal odoo.modules.loading: loading website/views/snippets/s_opening_hours.xml 
2025-10-26 06:11:59,054 27988 INFO scholarixglobal odoo.modules.loading: loading website/views/snippets/s_timeline.xml 
2025-10-26 06:11:59,070 27988 INFO scholarixglobal odoo.modules.loading: loading website/views/snippets/s_timeline_images.xml 
2025-10-26 06:11:59,083 27988 INFO scholarixglobal odoo.modules.loading: loading website/views/snippets/s_timeline_list.xml 
2025-10-26 06:11:59,097 27988 INFO scholarixglobal odoo.modules.loading: loading website/views/snippets/s_process_steps.xml 
2025-10-26 06:11:59,112 27988 INFO scholarixglobal odoo.modules.loading: loading website/views/snippets/s_accordion.xml 
2025-10-26 06:11:59,127 27988 INFO scholarixglobal odoo.modules.loading: loading website/views/snippets/s_website_form_info.xml 
2025-10-26 06:11:59,141 27988 INFO scholarixglobal odoo.modules.loading: loading website/views/snippets/s_numbers_showcase.xml 
2025-10-26 06:11:59,152 27988 INFO scholarixglobal odoo.modules.loading: loading website/views/snippets/s_numbers_charts.xml 
2025-10-26 06:11:59,166 27988 INFO scholarixglobal odoo.modules.loading: loading website/views/snippets/s_accordion_image.xml 
2025-10-26 06:11:59,178 27988 INFO scholarixglobal odoo.modules.loading: loading website/views/snippets/s_pricelist_boxed.xml 
2025-10-26 06:11:59,193 27988 INFO scholarixglobal odoo.modules.loading: loading website/views/snippets/s_adventure.xml 
2025-10-26 06:11:59,205 27988 INFO scholarixglobal odoo.modules.loading: loading website/views/snippets/s_image_title.xml 
2025-10-26 06:11:59,217 27988 INFO scholarixglobal odoo.modules.loading: loading website/views/snippets/s_key_images.xml 
2025-10-26 06:11:59,231 27988 INFO scholarixglobal odoo.modules.loading: loading website/views/snippets/s_kickoff.xml 
2025-10-26 06:11:59,243 27988 INFO scholarixglobal odoo.modules.loading: loading website/views/snippets/s_discovery.xml 
2025-10-26 06:11:59,255 27988 INFO scholarixglobal odoo.modules.loading: loading website/views/snippets/s_bento_banner.xml 
2025-10-26 06:11:59,266 27988 INFO scholarixglobal odoo.modules.loading: loading website/views/snippets/s_striped.xml 
2025-10-26 06:11:59,277 27988 INFO scholarixglobal odoo.modules.loading: loading website/views/snippets/s_intro_pill.xml 
2025-10-26 06:11:59,288 27988 INFO scholarixglobal odoo.modules.loading: loading website/views/snippets/s_big_number.xml 
2025-10-26 06:11:59,299 27988 INFO scholarixglobal odoo.modules.loading: loading website/views/snippets/s_wavy_grid.xml 
2025-10-26 06:11:59,304 27988 INFO scholarixglobal odoo.modules.loading: loading website/views/snippets/s_images_mosaic.xml 
2025-10-26 06:11:59,319 27988 INFO scholarixglobal odoo.modules.loading: loading website/views/snippets/s_shape_image.xml 
2025-10-26 06:11:59,333 27988 INFO scholarixglobal odoo.modules.loading: loading website/views/snippets/s_empowerment.xml 
2025-10-26 06:11:59,348 27988 INFO scholarixglobal odoo.modules.loading: loading website/views/snippets/s_split_intro.xml 
2025-10-26 06:11:59,353 27988 INFO scholarixglobal odoo.modules.loading: loading website/views/snippets/s_text_highlight.xml 
2025-10-26 06:11:59,365 27988 INFO scholarixglobal odoo.modules.loading: loading website/views/snippets/s_pricelist_cafe.xml 
2025-10-26 06:11:59,380 27988 INFO scholarixglobal odoo.modules.loading: loading website/views/snippets/s_progress_bar.xml 
2025-10-26 06:11:59,391 27988 INFO scholarixglobal odoo.modules.loading: loading website/views/snippets/s_blockquote.xml 
2025-10-26 06:11:59,403 27988 INFO scholarixglobal odoo.modules.loading: loading website/views/snippets/s_badge.xml 
2025-10-26 06:11:59,415 27988 INFO scholarixglobal odoo.modules.loading: loading website/views/snippets/s_color_blocks_2.xml 
2025-10-26 06:11:59,428 27988 INFO scholarixglobal odoo.modules.loading: loading website/views/snippets/s_attributes_horizontal.xml 
2025-10-26 06:11:59,442 27988 INFO scholarixglobal odoo.modules.loading: loading website/views/snippets/s_attributes_vertical.xml 
2025-10-26 06:11:59,456 27988 INFO scholarixglobal odoo.modules.loading: loading website/views/snippets/s_product_list.xml 
2025-10-26 06:11:59,469 27988 INFO scholarixglobal odoo.modules.loading: loading website/views/snippets/s_mega_menu_multi_menus.xml 
2025-10-26 06:11:59,481 27988 INFO scholarixglobal odoo.modules.loading: loading website/views/snippets/s_mega_menu_menu_image_menu.xml 
2025-10-26 06:11:59,494 27988 INFO scholarixglobal odoo.modules.loading: loading website/views/snippets/s_mega_menu_thumbnails.xml 
2025-10-26 06:11:59,509 27988 INFO scholarixglobal odoo.modules.loading: loading website/views/snippets/s_mega_menu_little_icons.xml 
2025-10-26 06:11:59,524 27988 INFO scholarixglobal odoo.modules.loading: loading website/views/snippets/s_mega_menu_images_subtitles.xml 
2025-10-26 06:11:59,541 27988 INFO scholarixglobal odoo.modules.loading: loading website/views/snippets/s_mega_menu_menus_logos.xml 
2025-10-26 06:11:59,556 27988 INFO scholarixglobal odoo.modules.loading: loading website/views/snippets/s_mega_menu_odoo_menu.xml 
2025-10-26 06:11:59,574 27988 INFO scholarixglobal odoo.modules.loading: loading website/views/snippets/s_mega_menu_big_icons_subtitles.xml 
2025-10-26 06:11:59,592 27988 INFO scholarixglobal odoo.modules.loading: loading website/views/snippets/s_mega_menu_cards.xml 
2025-10-26 06:11:59,608 27988 INFO scholarixglobal odoo.modules.loading: loading website/views/snippets/s_google_map.xml 
2025-10-26 06:11:59,618 27988 INFO scholarixglobal odoo.modules.loading: loading website/views/snippets/s_cta_mockups.xml 
2025-10-26 06:11:59,630 27988 INFO scholarixglobal odoo.modules.loading: loading website/views/snippets/s_map.xml 
2025-10-26 06:11:59,644 27988 INFO scholarixglobal odoo.modules.loading: loading website/views/snippets/s_dynamic_snippet.xml 
2025-10-26 06:11:59,660 27988 INFO scholarixglobal odoo.modules.loading: loading website/views/snippets/s_dynamic_snippet_carousel.xml 
2025-10-26 06:11:59,674 27988 INFO scholarixglobal odoo.modules.loading: loading website/views/snippets/s_banner_product.xml 
2025-10-26 06:11:59,685 27988 INFO scholarixglobal odoo.modules.loading: loading website/views/snippets/s_embed_code.xml 
2025-10-26 06:11:59,699 27988 INFO scholarixglobal odoo.modules.loading: loading website/views/snippets/s_website_form.xml 
2025-10-26 06:11:59,714 27988 INFO scholarixglobal odoo.modules.loading: loading website/views/snippets/s_website_form_overlay.xml 
2025-10-26 06:11:59,725 27988 INFO scholarixglobal odoo.modules.loading: loading website/views/snippets/s_title_form.xml 
2025-10-26 06:11:59,735 27988 INFO scholarixglobal odoo.modules.loading: loading website/views/snippets/s_searchbar.xml 
2025-10-26 06:11:59,752 27988 INFO scholarixglobal odoo.modules.loading: loading website/views/snippets/s_inline_text.xml 
2025-10-26 06:11:59,770 27988 INFO scholarixglobal odoo.modules.loading: loading website/views/snippets/s_button.xml 
2025-10-26 06:11:59,781 27988 INFO scholarixglobal odoo.modules.loading: loading website/views/snippets/s_freegrid.xml 
2025-10-26 06:11:59,793 27988 INFO scholarixglobal odoo.modules.loading: loading website/views/snippets/s_card_offset.xml 
2025-10-26 06:11:59,805 27988 INFO scholarixglobal odoo.modules.loading: loading website/views/snippets/s_image.xml 
2025-10-26 06:11:59,817 27988 INFO scholarixglobal odoo.modules.loading: loading website/views/snippets/s_video.xml 
2025-10-26 06:11:59,830 27988 INFO scholarixglobal odoo.modules.loading: loading website/views/snippets/s_cta_badge.xml 
2025-10-26 06:11:59,835 27988 INFO scholarixglobal odoo.modules.loading: loading website/views/snippets/s_unveil.xml 
2025-10-26 06:11:59,848 27988 INFO scholarixglobal odoo.modules.loading: loading website/views/snippets/s_image_hexagonal.xml 
2025-10-26 06:11:59,862 27988 INFO scholarixglobal odoo.modules.loading: loading website/views/snippets/s_striped_center_top.xml 
2025-10-26 06:11:59,875 27988 INFO scholarixglobal odoo.modules.loading: loading website/views/snippets/s_numbers_list.xml 
2025-10-26 06:11:59,889 27988 INFO scholarixglobal odoo.modules.loading: loading website/views/snippets/s_quadrant.xml 
2025-10-26 06:11:59,902 27988 INFO scholarixglobal odoo.modules.loading: loading website/views/snippets/s_cta_card.xml 
2025-10-26 06:11:59,914 27988 INFO scholarixglobal odoo.modules.loading: loading website/views/snippets/s_image_frame.xml 
2025-10-26 06:11:59,926 27988 INFO scholarixglobal odoo.modules.loading: loading website/views/snippets/s_cta_mobile.xml 
2025-10-26 06:11:59,940 27988 INFO scholarixglobal odoo.modules.loading: loading website/views/snippets/s_reviews_wall.xml 
2025-10-26 06:11:59,956 27988 INFO scholarixglobal odoo.modules.loading: loading website/views/snippets/s_website_form_cover.xml 
2025-10-26 06:11:59,970 27988 INFO scholarixglobal odoo.modules.loading: loading website/views/snippets/s_form_aside.xml 
2025-10-26 06:11:59,982 27988 INFO scholarixglobal odoo.modules.loading: loading website/views/snippets/s_banner_connected.xml 
2025-10-26 06:11:59,995 27988 INFO scholarixglobal odoo.modules.loading: loading website/views/snippets/s_ecomm_categories_showcase.xml 
2025-10-26 06:12:00,009 27988 INFO scholarixglobal odoo.modules.loading: loading website/views/snippets/s_banner_categories.xml 
2025-10-26 06:12:00,016 27988 INFO scholarixglobal odoo.modules.loading: loading website/views/new_page_template_templates.xml 
2025-10-26 06:12:00,777 27988 INFO scholarixglobal odoo.addons.website.models.ir_module_module: Generated 227 primary snippet templates for 'website' 
2025-10-26 06:12:00,816 27988 INFO scholarixglobal odoo.addons.website.models.ir_module_module: Generated 39 primary page templates for 'website' 
2025-10-26 06:12:00,816 27988 INFO scholarixglobal odoo.modules.loading: loading website/views/website_views.xml 
2025-10-26 06:12:00,933 27988 INFO scholarixglobal odoo.modules.loading: loading website/views/website_pages_views.xml 
2025-10-26 06:12:00,985 27988 INFO scholarixglobal odoo.modules.loading: loading website/views/website_controller_pages_views.xml 
2025-10-26 06:12:01,014 27988 INFO scholarixglobal odoo.modules.loading: loading website/views/website_visitor_views.xml 
2025-10-26 06:12:01,075 27988 INFO scholarixglobal odoo.modules.loading: loading website/views/res_config_settings_views.xml 
2025-10-26 06:12:01,145 27988 INFO scholarixglobal odoo.modules.loading: loading website/views/website_rewrite.xml 
2025-10-26 06:12:01,171 27988 INFO scholarixglobal odoo.modules.loading: loading website/views/ir_actions_server_views.xml 
2025-10-26 06:12:01,198 27988 INFO scholarixglobal odoo.modules.loading: loading website/views/ir_asset_views.xml 
2025-10-26 06:12:01,219 27988 INFO scholarixglobal odoo.modules.loading: loading website/views/ir_attachment_views.xml 
2025-10-26 06:12:01,240 27988 INFO scholarixglobal odoo.modules.loading: loading website/views/ir_model_views.xml 
2025-10-26 06:12:01,269 27988 INFO scholarixglobal odoo.modules.loading: loading website/views/res_partner_views.xml 
2025-10-26 06:12:01,287 27988 INFO scholarixglobal odoo.modules.loading: loading website/views/neutralize_views.xml 
2025-10-26 06:12:01,303 27988 INFO scholarixglobal odoo.modules.loading: loading website/wizard/base_language_install_views.xml 
2025-10-26 06:12:01,317 27988 INFO scholarixglobal odoo.modules.loading: loading website/wizard/blocked_third_party_domains.xml 
2025-10-26 06:12:01,331 27988 INFO scholarixglobal odoo.modules.loading: loading website/wizard/website_robots.xml 
2025-10-26 06:12:01,345 27988 INFO scholarixglobal odoo.modules.loading: loading website/data/update_theme_images.xml 
2025-10-26 06:12:01,357 27988 INFO scholarixglobal odoo.modules.loading: loading website/views/website_templates_svg.xml 
2025-10-26 06:12:01,373 27988 INFO scholarixglobal odoo.addons.base.models.ir_module: module website: loading translation file d:\odoo19\addons\website\i18n\ar.po for language ar_001 
2025-10-26 06:12:01,604 27988 INFO scholarixglobal odoo.addons.base.models.ir_module: module website: no translation for language en_GB 
2025-10-26 06:12:01,872 27988 INFO scholarixglobal odoo.modules.loading: Module website loaded in 8.23s, 8968 queries (+8968 other) 
2025-10-26 06:12:01,872 27988 INFO scholarixglobal odoo.modules.loading: Loading module crm_sms (69/86) 
2025-10-26 06:12:01,896 27988 INFO scholarixglobal odoo.modules.loading: loading crm_sms/views/crm_lead_views.xml 
2025-10-26 06:12:01,967 27988 INFO scholarixglobal odoo.modules.loading: loading crm_sms/security/ir.model.access.csv 
2025-10-26 06:12:01,977 27988 INFO scholarixglobal odoo.modules.loading: loading crm_sms/security/sms_security.xml 
2025-10-26 06:12:01,997 27988 INFO scholarixglobal odoo.addons.base.models.ir_module: module crm_sms: loading translation file d:\odoo19\addons\crm_sms\i18n\ar.po for language ar_001 
2025-10-26 06:12:02,013 27988 INFO scholarixglobal odoo.addons.base.models.ir_module: module crm_sms: no translation for language en_GB 
2025-10-26 06:12:02,026 27988 INFO scholarixglobal odoo.modules.loading: Module crm_sms loaded in 0.15s, 97 queries (+97 other) 
2025-10-26 06:12:02,026 27988 INFO scholarixglobal odoo.modules.loading: Loading module hr_calendar (70/86) 
2025-10-26 06:12:02,072 27988 INFO scholarixglobal odoo.registry: module hr_calendar: creating or updating database tables 
2025-10-26 06:12:02,134 27988 INFO scholarixglobal odoo.modules.loading: loading hr_calendar/views/calendar_views_calendarApp.xml 
2025-10-26 06:12:02,195 27988 INFO scholarixglobal odoo.modules.loading: loading hr_calendar/views/res_partner_views.xml 
2025-10-26 06:12:02,214 27988 INFO scholarixglobal odoo.addons.base.models.ir_module: module hr_calendar: loading translation file d:\odoo19\addons\hr_calendar\i18n\ar.po for language ar_001 
2025-10-26 06:12:02,232 27988 INFO scholarixglobal odoo.addons.base.models.ir_module: module hr_calendar: no translation for language en_GB 
2025-10-26 06:12:02,242 27988 INFO scholarixglobal odoo.modules.loading: Module hr_calendar loaded in 0.22s, 134 queries (+134 other) 
2025-10-26 06:12:02,242 27988 INFO scholarixglobal odoo.modules.loading: Loading module hr_homeworking (71/86) 
2025-10-26 06:12:02,318 27988 INFO scholarixglobal odoo.registry: module hr_homeworking: creating or updating database tables 
2025-10-26 06:12:02,444 27988 INFO scholarixglobal odoo.modules.loading: loading hr_homeworking/security/security.xml 
2025-10-26 06:12:02,462 27988 INFO scholarixglobal odoo.modules.loading: loading hr_homeworking/security/ir.model.access.csv 
2025-10-26 06:12:02,474 27988 INFO scholarixglobal odoo.modules.loading: loading hr_homeworking/views/hr_employee_views.xml 
2025-10-26 06:12:02,508 27988 INFO scholarixglobal odoo.modules.loading: loading hr_homeworking/views/res_users.xml 
2025-10-26 06:12:02,540 27988 INFO scholarixglobal odoo.addons.base.models.ir_module: module hr_homeworking: loading translation file d:\odoo19\addons\hr_homeworking\i18n\ar.po for language ar_001 
2025-10-26 06:12:02,558 27988 INFO scholarixglobal odoo.addons.base.models.ir_module: module hr_homeworking: no translation for language en_GB 
2025-10-26 06:12:02,573 27988 INFO scholarixglobal odoo.modules.loading: Module hr_homeworking loaded in 0.33s, 300 queries (+300 other) 
2025-10-26 06:12:02,573 27988 INFO scholarixglobal odoo.modules.loading: Loading module hr_maintenance (72/86) 
2025-10-26 06:12:02,652 27988 INFO scholarixglobal odoo.registry: module hr_maintenance: creating or updating database tables 
2025-10-26 06:12:02,730 27988 INFO scholarixglobal odoo.modules.loading: loading hr_maintenance/security/equipment.xml 
2025-10-26 06:12:02,753 27988 INFO scholarixglobal odoo.modules.loading: loading hr_maintenance/views/maintenance_views.xml 
2025-10-26 06:12:02,799 27988 INFO scholarixglobal odoo.modules.loading: loading hr_maintenance/views/hr_views.xml 
2025-10-26 06:12:02,827 27988 INFO scholarixglobal odoo.modules.loading: loading hr_maintenance/wizard/hr_departure_wizard_views.xml 
2025-10-26 06:12:02,845 27988 INFO scholarixglobal odoo.addons.base.models.ir_module: module hr_maintenance: loading translation file d:\odoo19\addons\hr_maintenance\i18n\ar.po for language ar_001 
2025-10-26 06:12:02,863 27988 INFO scholarixglobal odoo.addons.base.models.ir_module: module hr_maintenance: no translation for language en_GB 
2025-10-26 06:12:02,877 27988 INFO scholarixglobal odoo.modules.loading: Module hr_maintenance loaded in 0.30s, 268 queries (+268 other) 
2025-10-26 06:12:02,877 27988 INFO scholarixglobal odoo.modules.loading: Loading module hr_org_chart (73/86) 
2025-10-26 06:12:02,955 27988 INFO scholarixglobal odoo.registry: module hr_org_chart: creating or updating database tables 
2025-10-26 06:12:03,006 27988 INFO scholarixglobal odoo.modules.loading: loading hr_org_chart/views/hr_department_views.xml 
2025-10-26 06:12:03,030 27988 INFO scholarixglobal odoo.modules.loading: loading hr_org_chart/views/hr_employee_public_views.xml 
2025-10-26 06:12:03,053 27988 INFO scholarixglobal odoo.modules.loading: loading hr_org_chart/views/hr_views.xml 
2025-10-26 06:12:03,092 27988 INFO scholarixglobal odoo.addons.base.models.ir_module: module hr_org_chart: loading translation file d:\odoo19\addons\hr_org_chart\i18n\ar.po for language ar_001 
2025-10-26 06:12:03,112 27988 INFO scholarixglobal odoo.addons.base.models.ir_module: module hr_org_chart: no translation for language en_GB 
2025-10-26 06:12:03,126 27988 INFO scholarixglobal odoo.modules.loading: Module hr_org_chart loaded in 0.25s, 178 queries (+178 other) 
2025-10-26 06:12:03,126 27988 INFO scholarixglobal odoo.modules.loading: Loading module hr_skills (74/86) 
2025-10-26 06:12:03,325 27988 INFO scholarixglobal odoo.registry: module hr_skills: creating or updating database tables 
2025-10-26 06:12:03,332 27988 INFO scholarixglobal odoo.models: Prepare computation of hr.employee.skill_ids 
2025-10-26 06:12:03,551 27988 INFO scholarixglobal odoo.modules.loading: loading hr_skills/security/ir.model.access.csv 
2025-10-26 06:12:03,569 27988 INFO scholarixglobal odoo.modules.loading: loading hr_skills/security/hr_skills_security.xml 
2025-10-26 06:12:03,611 27988 INFO scholarixglobal odoo.modules.loading: loading hr_skills/views/hr_views.xml 
2025-10-26 06:12:03,755 27988 INFO scholarixglobal odoo.modules.loading: loading hr_skills/views/hr_job_views.xml 
2025-10-26 06:12:03,773 27988 INFO scholarixglobal odoo.modules.loading: loading hr_skills/views/hr_job_skill_views.xml 
2025-10-26 06:12:03,786 27988 INFO scholarixglobal odoo.modules.loading: loading hr_skills/data/hr_resume_data.xml 
2025-10-26 06:12:03,798 27988 INFO scholarixglobal odoo.modules.loading: loading hr_skills/data/hr_skill_data.xml 
2025-10-26 06:12:03,853 27988 INFO scholarixglobal odoo.modules.loading: loading hr_skills/data/ir_actions_server_data.xml 
2025-10-26 06:12:03,883 27988 INFO scholarixglobal odoo.modules.loading: loading hr_skills/data/ir_cron_data.xml 
2025-10-26 06:12:03,902 27988 INFO scholarixglobal odoo.modules.loading: loading hr_skills/data/mail_activity_type_data.xml 
2025-10-26 06:12:03,914 27988 INFO scholarixglobal odoo.modules.loading: loading hr_skills/data/report_paperformat.xml 
2025-10-26 06:12:03,923 27988 INFO scholarixglobal odoo.modules.loading: loading hr_skills/report/hr_employee_certification_report_views.xml 
2025-10-26 06:12:03,947 27988 INFO scholarixglobal odoo.modules.loading: loading hr_skills/report/hr_employee_skill_history_report_views.xml 
2025-10-26 06:12:03,964 27988 INFO scholarixglobal odoo.modules.loading: loading hr_skills/report/hr_employee_skill_report_views.xml 
2025-10-26 06:12:03,992 27988 INFO scholarixglobal odoo.modules.loading: loading hr_skills/report/hr_employee_cv_report.xml 
2025-10-26 06:12:04,004 27988 INFO scholarixglobal odoo.modules.loading: loading hr_skills/views/hr_department_views.xml 
2025-10-26 06:12:04,018 27988 INFO scholarixglobal odoo.modules.loading: loading hr_skills/views/hr_employee_cv_templates.xml 
2025-10-26 06:12:04,040 27988 INFO scholarixglobal odoo.modules.loading: loading hr_skills/wizard/hr_employee_cv_wizard_views.xml 
2025-10-26 06:12:04,057 27988 INFO scholarixglobal odoo.addons.base.models.ir_module: module hr_skills: loading translation file d:\odoo19\addons\hr_skills\i18n\ar.po for language ar_001 
2025-10-26 06:12:04,209 27988 INFO scholarixglobal odoo.addons.base.models.ir_module: module hr_skills: no translation for language en_GB 
2025-10-26 06:12:04,259 27988 INFO scholarixglobal odoo.modules.loading: Module hr_skills loaded in 1.13s, 1132 queries (+1132 other) 
2025-10-26 06:12:04,259 27988 INFO scholarixglobal odoo.modules.loading: Loading module iap_crm (75/86) 
2025-10-26 06:12:04,285 27988 INFO scholarixglobal odoo.registry: module iap_crm: creating or updating database tables 
2025-10-26 06:12:04,344 27988 INFO scholarixglobal odoo.addons.base.models.ir_module: module iap_crm: loading translation file d:\odoo19\addons\iap_crm\i18n\ar.po for language ar_001 
2025-10-26 06:12:04,358 27988 INFO scholarixglobal odoo.addons.base.models.ir_module: module iap_crm: no translation for language en_GB 
2025-10-26 06:12:04,368 27988 INFO scholarixglobal odoo.modules.loading: Module iap_crm loaded in 0.11s, 78 queries (+78 other) 
2025-10-26 06:12:04,368 27988 INFO scholarixglobal odoo.modules.loading: Loading module mail_bot_hr (76/86) 
2025-10-26 06:12:04,382 27988 INFO scholarixglobal odoo.modules.loading: loading mail_bot_hr/views/res_users_views.xml 
2025-10-26 06:12:04,445 27988 INFO scholarixglobal odoo.addons.base.models.ir_module: module mail_bot_hr: no translation for language ar_001 
2025-10-26 06:12:04,445 27988 INFO scholarixglobal odoo.addons.base.models.ir_module: module mail_bot_hr: no translation for language en_GB 
2025-10-26 06:12:04,454 27988 INFO scholarixglobal odoo.modules.loading: Module mail_bot_hr loaded in 0.09s, 51 queries (+51 other) 
2025-10-26 06:12:04,454 27988 INFO scholarixglobal odoo.modules.loading: Loading module rental_management (77/86) 
2025-10-26 06:12:04,465 27988 CRITICAL scholarixglobal odoo.modules.module: Couldn't load module rental_management 
2025-10-26 06:12:04,467 27988 WARNING scholarixglobal odoo.modules.loading: Transient module states were reset 
2025-10-26 06:12:04,468 27988 ERROR scholarixglobal odoo.registry: Failed to load registry 
2025-10-26 06:12:04,468 27988 CRITICAL scholarixglobal odoo.service.server: Failed to initialize database `scholarixglobal`. 
Traceback (most recent call last):
  File "D:\odoo19\odoo\service\server.py", line 1509, in preload_registries
    registry = Registry.new(dbname, update_module=update_module, install_modules=config['init'], upgrade_modules=config['update'], reinit_modules=config['reinit'])
  File "D:\odoo19\odoo\tools\func.py", line 88, in locked
    return func(inst, *args, **kwargs)
  File "D:\odoo19\odoo\orm\registry.py", line 185, in new
    load_modules(
    ~~~~~~~~~~~~^
        registry,
        ^^^^^^^^^
    ...<4 lines>...
        new_db_demo=new_db_demo,
        ^^^^^^^^^^^^^^^^^^^^^^^^
    )
    ^
  File "D:\odoo19\odoo\modules\loading.py", line 449, in load_modules
    load_module_graph(
    ~~~~~~~~~~~~~~~~~^
        env, graph, update_module=update_module,
        ^^^^^^^^^^^^^^^^^^^^^^^^^^^^^^^^^^^^^^^^
        report=report, models_to_check=models_to_check)
        ^^^^^^^^^^^^^^^^^^^^^^^^^^^^^^^^^^^^^^^^^^^^^^^
  File "D:\odoo19\odoo\modules\loading.py", line 169, in load_module_graph
    load_openerp_module(package.name)
    ~~~~~~~~~~~~~~~~~~~^^^^^^^^^^^^^^
  File "D:\odoo19\odoo\modules\module.py", line 505, in load_openerp_module
    __import__(qualname)
    ~~~~~~~~~~^^^^^^^^^^
  File "d:\odoolocal\odoo19\odoo_19\rental_management\__init__.py", line 4, in <module>
    from . import models
  File "d:\odoolocal\odoo19\odoo_19\rental_management\models\__init__.py", line 4, in <module>
    from . import property_details
  File "d:\odoolocal\odoo19\odoo_19\rental_management\models\property_details.py", line 7, in <module>
    from odoo.addons.web_editor.tools import get_video_embed_code, get_video_thumbnail
ModuleNotFoundError: No module named 'odoo.addons.web_editor'
2025-10-26 06:12:04,490 27988 INFO scholarixglobal odoo.service.server: Initiating shutdown 
2025-10-26 06:12:04,490 27988 INFO scholarixglobal odoo.service.server: Hit CTRL-C again or send a second signal to force the shutdown. 
2025-10-26 06:12:04,491 27988 INFO scholarixglobal odoo.sql_db: ConnectionPool(read/write;used=0/count=0/max=64): Closed 1 connections  
2025-10-26 06:12:22,175 13528 WARNING ? odoo.tools.config: missing --http-interface/http_interface, using 0.0.0.0 by default, will change to 127.0.0.1 in 20.0 
2025-10-26 06:12:22,176 13528 INFO ? odoo: Odoo version 19.0 
2025-10-26 06:12:22,176 13528 INFO ? odoo: Using configuration file at d:\odoo19\odoo.conf 
2025-10-26 06:12:22,176 13528 INFO ? odoo: addons paths: _NamespacePath(['D:\\odoo19\\odoo\\addons', 'C:\\Users\\branm\\AppData\\Local\\OpenERP S.A.\\Odoo\\addons\\19.0', 'd:\\odoo19\\addons', 'd:\\odoolocal\\odoo19\\odoo_19']) 
2025-10-26 06:12:22,176 13528 INFO ? odoo: database: odoo@localhost:5432 
2025-10-26 06:12:22,338 13528 WARNING ? py.warnings: C:\Users\branm\AppData\Roaming\Python\Python313\site-packages\PyPDF2\__init__.py:21: DeprecationWarning: PyPDF2 is deprecated. Please move to the pypdf library instead.
  File "D:\odoo19\odoo-bin", line 6, in <module>
    odoo.cli.main()
  File "D:\odoo19\odoo\cli\command.py", line 133, in main
    command().run(args)
  File "D:\odoo19\odoo\cli\server.py", line 127, in run
    main(args)
  File "D:\odoo19\odoo\cli\server.py", line 118, in main
    rc = server.start(preload=config['db_name'], stop=stop)
  File "D:\odoo19\odoo\service\server.py", line 1545, in start
    load_server_wide_modules()
  File "D:\odoo19\odoo\service\server.py", line 1461, in load_server_wide_modules
    load_openerp_module(m)
  File "D:\odoo19\odoo\modules\module.py", line 505, in load_openerp_module
    __import__(qualname)
  File "D:\odoo19\odoo\addons\base\__init__.py", line 4, in <module>
    from . import models
  File "D:\odoo19\odoo\addons\base\models\__init__.py", line 12, in <module>
    from . import ir_actions_report
  File "D:\odoo19\odoo\addons\base\models\ir_actions_report.py", line 32, in <module>
    from odoo.tools.pdf import PdfFileReader, PdfFileWriter, PdfReadError
  File "D:\odoo19\odoo\tools\pdf\__init__.py", line 33, in <module>
    import PyPDF2.filters  # needed after PyPDF2 2.0.0 and before 2.11.0
  File "C:\Users\branm\AppData\Roaming\Python\Python313\site-packages\PyPDF2\__init__.py", line 21, in <module>
    warnings.warn(
 
2025-10-26 06:12:22,620 13528 INFO scholarixglobal odoo.modules.loading: loading 1 modules... 
2025-10-26 06:12:22,622 13528 INFO scholarixglobal odoo.modules.loading: 1 modules loaded in 0.00s, 0 queries (+0 extra) 
2025-10-26 06:12:22,639 13528 INFO scholarixglobal odoo.modules.loading: updating modules list 
2025-10-26 06:12:22,644 13528 INFO scholarixglobal odoo.addons.base.models.ir_module: ALLOW access to module.update_list on [] to user __system__ #1 via n/a 
2025-10-26 06:12:23,400 13528 WARNING scholarixglobal odoo.modules.loading: invalid module names, ignored: web_editor 
2025-10-26 06:12:23,409 13528 INFO scholarixglobal odoo.modules.loading: loading 76 modules... 
2025-10-26 06:12:24,099 13528 INFO scholarixglobal odoo.modules.loading: 76 modules loaded in 0.69s, 0 queries (+0 extra) 
2025-10-26 06:12:24,660 13528 INFO scholarixglobal odoo.modules.loading: Modules loaded. 
2025-10-26 06:12:24,675 13528 INFO scholarixglobal odoo.registry: Registry changed, signaling through the database 
2025-10-26 06:12:24,676 13528 INFO scholarixglobal odoo.registry: Registry loaded in 2.109s 
2025-10-26 06:12:24,676 13528 INFO scholarixglobal odoo.service.server: Initiating shutdown 
2025-10-26 06:12:24,676 13528 INFO scholarixglobal odoo.service.server: Hit CTRL-C again or send a second signal to force the shutdown. 
2025-10-26 06:12:24,676 13528 INFO scholarixglobal odoo.sql_db: ConnectionPool(read/write;used=0/count=0/max=64): Closed 1 connections  
2025-10-26 06:13:55,948 34700 WARNING ? odoo.tools.config: missing --http-interface/http_interface, using 0.0.0.0 by default, will change to 127.0.0.1 in 20.0 
2025-10-26 06:13:55,948 34700 INFO ? odoo: Odoo version 19.0 
2025-10-26 06:13:55,948 34700 INFO ? odoo: Using configuration file at d:\odoo19\odoo.conf 
2025-10-26 06:13:55,948 34700 INFO ? odoo: addons paths: _NamespacePath(['D:\\odoo19\\odoo\\addons', 'C:\\Users\\branm\\AppData\\Local\\OpenERP S.A.\\Odoo\\addons\\19.0', 'd:\\odoo19\\addons', 'd:\\odoolocal\\odoo19\\odoo_19']) 
2025-10-26 06:13:55,948 34700 INFO ? odoo: database: odoo@localhost:5432 
2025-10-26 06:13:56,300 34700 WARNING ? py.warnings: C:\Users\branm\AppData\Roaming\Python\Python313\site-packages\PyPDF2\__init__.py:21: DeprecationWarning: PyPDF2 is deprecated. Please move to the pypdf library instead.
  File "D:\odoo19\odoo-bin", line 6, in <module>
    odoo.cli.main()
  File "D:\odoo19\odoo\cli\command.py", line 133, in main
    command().run(args)
  File "D:\odoo19\odoo\cli\server.py", line 127, in run
    main(args)
  File "D:\odoo19\odoo\cli\server.py", line 118, in main
    rc = server.start(preload=config['db_name'], stop=stop)
  File "D:\odoo19\odoo\service\server.py", line 1545, in start
    load_server_wide_modules()
  File "D:\odoo19\odoo\service\server.py", line 1461, in load_server_wide_modules
    load_openerp_module(m)
  File "D:\odoo19\odoo\modules\module.py", line 505, in load_openerp_module
    __import__(qualname)
  File "D:\odoo19\odoo\addons\base\__init__.py", line 4, in <module>
    from . import models
  File "D:\odoo19\odoo\addons\base\models\__init__.py", line 12, in <module>
    from . import ir_actions_report
  File "D:\odoo19\odoo\addons\base\models\ir_actions_report.py", line 32, in <module>
    from odoo.tools.pdf import PdfFileReader, PdfFileWriter, PdfReadError
  File "D:\odoo19\odoo\tools\pdf\__init__.py", line 33, in <module>
    import PyPDF2.filters  # needed after PyPDF2 2.0.0 and before 2.11.0
  File "C:\Users\branm\AppData\Roaming\Python\Python313\site-packages\PyPDF2\__init__.py", line 21, in <module>
    warnings.warn(
 
2025-10-26 06:13:56,667 34700 INFO scholarixglobal odoo.modules.loading: loading 1 modules... 
2025-10-26 06:13:56,669 34700 INFO scholarixglobal odoo.modules.loading: 1 modules loaded in 0.00s, 0 queries (+0 extra) 
2025-10-26 06:13:56,689 34700 INFO scholarixglobal odoo.modules.loading: updating modules list 
2025-10-26 06:13:56,695 34700 INFO scholarixglobal odoo.addons.base.models.ir_module: ALLOW access to module.update_list on [] to user __system__ #1 via n/a 
2025-10-26 06:13:57,470 34700 INFO scholarixglobal odoo.addons.base.models.ir_module: ALLOW access to module.button_install on ['Advanced Property Sale & Rental Management | Real Estate | Property Sales | Property Rental | Property Management'] to user __system__ #1 via n/a 
2025-10-26 06:13:57,507 34700 INFO scholarixglobal odoo.modules.loading: loading 77 modules... 
2025-10-26 06:13:58,282 34700 INFO scholarixglobal odoo.modules.loading: Loading module rental_management (77/77) 
2025-10-26 06:13:58,305 34700 CRITICAL scholarixglobal odoo.modules.module: Couldn't load module rental_management 
2025-10-26 06:13:58,317 34700 WARNING scholarixglobal odoo.modules.loading: Transient module states were reset 
2025-10-26 06:13:58,317 34700 ERROR scholarixglobal odoo.registry: Failed to load registry 
2025-10-26 06:13:58,317 34700 CRITICAL scholarixglobal odoo.service.server: Failed to initialize database `scholarixglobal`. 
Traceback (most recent call last):
  File "D:\odoo19\odoo\service\server.py", line 1509, in preload_registries
    registry = Registry.new(dbname, update_module=update_module, install_modules=config['init'], upgrade_modules=config['update'], reinit_modules=config['reinit'])
  File "D:\odoo19\odoo\tools\func.py", line 88, in locked
    return func(inst, *args, **kwargs)
  File "D:\odoo19\odoo\orm\registry.py", line 185, in new
    load_modules(
    ~~~~~~~~~~~~^
        registry,
        ^^^^^^^^^
    ...<4 lines>...
        new_db_demo=new_db_demo,
        ^^^^^^^^^^^^^^^^^^^^^^^^
    )
    ^
  File "D:\odoo19\odoo\modules\loading.py", line 449, in load_modules
    load_module_graph(
    ~~~~~~~~~~~~~~~~~^
        env, graph, update_module=update_module,
        ^^^^^^^^^^^^^^^^^^^^^^^^^^^^^^^^^^^^^^^^
        report=report, models_to_check=models_to_check)
        ^^^^^^^^^^^^^^^^^^^^^^^^^^^^^^^^^^^^^^^^^^^^^^^
  File "D:\odoo19\odoo\modules\loading.py", line 169, in load_module_graph
    load_openerp_module(package.name)
    ~~~~~~~~~~~~~~~~~~~^^^^^^^^^^^^^^
  File "D:\odoo19\odoo\modules\module.py", line 505, in load_openerp_module
    __import__(qualname)
    ~~~~~~~~~~^^^^^^^^^^
  File "d:\odoolocal\odoo19\odoo_19\rental_management\__init__.py", line 4, in <module>
    from . import models
  File "d:\odoolocal\odoo19\odoo_19\rental_management\models\__init__.py", line 7, in <module>
    from . import rent_contract
  File "d:\odoolocal\odoo19\odoo_19\rental_management\models\rent_contract.py", line 12, in <module>
    class TenancyDetails(models.Model):
    ...<1143 lines>...
                rec.agreement = agreement_data
  File "d:\odoolocal\odoo19\odoo_19\rental_management\models\rent_contract.py", line 106, in TenancyDetails
    start_date = fields.Date(string='Start Date', default=fields.date.today())
                                                          ^^^^^^^^^^^
AttributeError: module 'odoo.fields' has no attribute 'date'. Did you mean: 'Date'?
2025-10-26 06:13:58,326 34700 INFO scholarixglobal odoo.service.server: Initiating shutdown 
2025-10-26 06:13:58,326 34700 INFO scholarixglobal odoo.service.server: Hit CTRL-C again or send a second signal to force the shutdown. 
2025-10-26 06:13:58,327 34700 INFO scholarixglobal odoo.sql_db: ConnectionPool(read/write;used=0/count=0/max=64): Closed 1 connections  
2025-10-26 06:14:50,253 18100 WARNING ? odoo.tools.config: missing --http-interface/http_interface, using 0.0.0.0 by default, will change to 127.0.0.1 in 20.0 
2025-10-26 06:14:50,254 18100 INFO ? odoo: Odoo version 19.0 
2025-10-26 06:14:50,254 18100 INFO ? odoo: Using configuration file at d:\odoo19\odoo.conf 
2025-10-26 06:14:50,254 18100 INFO ? odoo: addons paths: _NamespacePath(['D:\\odoo19\\odoo\\addons', 'C:\\Users\\branm\\AppData\\Local\\OpenERP S.A.\\Odoo\\addons\\19.0', 'd:\\odoo19\\addons', 'd:\\odoolocal\\odoo19\\odoo_19']) 
2025-10-26 06:14:50,254 18100 INFO ? odoo: database: odoo@localhost:5432 
2025-10-26 06:14:50,448 18100 WARNING ? py.warnings: C:\Users\branm\AppData\Roaming\Python\Python313\site-packages\PyPDF2\__init__.py:21: DeprecationWarning: PyPDF2 is deprecated. Please move to the pypdf library instead.
  File "D:\odoo19\odoo-bin", line 6, in <module>
    odoo.cli.main()
  File "D:\odoo19\odoo\cli\command.py", line 133, in main
    command().run(args)
  File "D:\odoo19\odoo\cli\server.py", line 127, in run
    main(args)
  File "D:\odoo19\odoo\cli\server.py", line 118, in main
    rc = server.start(preload=config['db_name'], stop=stop)
  File "D:\odoo19\odoo\service\server.py", line 1545, in start
    load_server_wide_modules()
  File "D:\odoo19\odoo\service\server.py", line 1461, in load_server_wide_modules
    load_openerp_module(m)
  File "D:\odoo19\odoo\modules\module.py", line 505, in load_openerp_module
    __import__(qualname)
  File "D:\odoo19\odoo\addons\base\__init__.py", line 4, in <module>
    from . import models
  File "D:\odoo19\odoo\addons\base\models\__init__.py", line 12, in <module>
    from . import ir_actions_report
  File "D:\odoo19\odoo\addons\base\models\ir_actions_report.py", line 32, in <module>
    from odoo.tools.pdf import PdfFileReader, PdfFileWriter, PdfReadError
  File "D:\odoo19\odoo\tools\pdf\__init__.py", line 33, in <module>
    import PyPDF2.filters  # needed after PyPDF2 2.0.0 and before 2.11.0
  File "C:\Users\branm\AppData\Roaming\Python\Python313\site-packages\PyPDF2\__init__.py", line 21, in <module>
    warnings.warn(
 
2025-10-26 06:14:50,751 18100 INFO scholarixglobal odoo.modules.loading: loading 1 modules... 
2025-10-26 06:14:50,754 18100 INFO scholarixglobal odoo.modules.loading: 1 modules loaded in 0.00s, 0 queries (+0 extra) 
2025-10-26 06:14:50,769 18100 INFO scholarixglobal odoo.modules.loading: updating modules list 
2025-10-26 06:14:50,773 18100 INFO scholarixglobal odoo.addons.base.models.ir_module: ALLOW access to module.update_list on [] to user __system__ #1 via n/a 
2025-10-26 06:14:51,503 18100 INFO scholarixglobal odoo.addons.base.models.ir_module: ALLOW access to module.button_install on ['Advanced Property Sale & Rental Management | Real Estate | Property Sales | Property Rental | Property Management'] to user __system__ #1 via n/a 
2025-10-26 06:14:51,539 18100 INFO scholarixglobal odoo.modules.loading: loading 77 modules... 
2025-10-26 06:14:52,160 18100 INFO scholarixglobal odoo.modules.loading: Loading module rental_management (77/77) 
2025-10-26 06:14:52,270 18100 WARNING scholarixglobal py.warnings: d:\odoolocal\odoo19\odoo_19\rental_management\controllers\main.py:121: DeprecationWarning: Since 19.0, @route(type='json') is a deprecated alias to @route(type='jsonrpc')
  File "D:\odoo19\odoo-bin", line 6, in <module>
    odoo.cli.main()
  File "D:\odoo19\odoo\cli\command.py", line 133, in main
    command().run(args)
  File "D:\odoo19\odoo\cli\server.py", line 127, in run
    main(args)
  File "D:\odoo19\odoo\cli\server.py", line 118, in main
    rc = server.start(preload=config['db_name'], stop=stop)
  File "D:\odoo19\odoo\service\server.py", line 1595, in start
    rc = server.run(preload, stop)
  File "D:\odoo19\odoo\service\server.py", line 663, in run
    rc = preload_registries(preload)
  File "D:\odoo19\odoo\service\server.py", line 1509, in preload_registries
    registry = Registry.new(dbname, update_module=update_module, install_modules=config['init'], upgrade_modules=config['update'], reinit_modules=config['reinit'])
  File "D:\odoo19\odoo\tools\func.py", line 88, in locked
    return func(inst, *args, **kwargs)
  File "D:\odoo19\odoo\orm\registry.py", line 185, in new
    load_modules(
  File "D:\odoo19\odoo\modules\loading.py", line 449, in load_modules
    load_module_graph(
  File "D:\odoo19\odoo\modules\loading.py", line 169, in load_module_graph
    load_openerp_module(package.name)
  File "D:\odoo19\odoo\modules\module.py", line 505, in load_openerp_module
    __import__(qualname)
  File "d:\odoolocal\odoo19\odoo_19\rental_management\__init__.py", line 6, in <module>
    from . import controllers
  File "d:\odoolocal\odoo19\odoo_19\rental_management\controllers\__init__.py", line 1, in <module>
    from . import main
  File "d:\odoolocal\odoo19\odoo_19\rental_management\controllers\main.py", line 121, in <module>
    class PropertyImageController(http.Controller):
 
2025-10-26 06:14:52,395 18100 INFO scholarixglobal odoo.registry: module rental_management: creating or updating database tables 
2025-10-26 06:14:52,825 18100 WARNING scholarixglobal odoo.addons.base.models.ir_model: Two fields (properties_ids, properties) of res.partner() have the same label: Properties. [Modules: rental_management and base] 
2025-10-26 06:14:52,826 18100 WARNING scholarixglobal odoo.addons.base.models.ir_model: Two fields (properties_ids, properties) of res.users() have the same label: Properties. [Modules: None and None] 
2025-10-26 06:14:53,922 18100 INFO scholarixglobal odoo.modules.loading: loading rental_management/security/groups.xml 
2025-10-26 06:14:53,993 18100 WARNING scholarixglobal odoo.modules.loading: Transient module states were reset 
2025-10-26 06:14:53,993 18100 ERROR scholarixglobal odoo.registry: Failed to load registry 
2025-10-26 06:14:53,993 18100 CRITICAL scholarixglobal odoo.service.server: Failed to initialize database `scholarixglobal`. 
Traceback (most recent call last):
  File "D:\odoo19\odoo\tools\convert.py", line 559, in _tag_root
    f(rec)
    ~^^^^^
  File "D:\odoo19\odoo\tools\convert.py", line 460, in _tag_record
    record = model._load_records([data], self.mode == 'update')
  File "D:\odoo19\odoo\orm\models.py", line 5191, in _load_records
    records = self._load_records_create([data['values'] for data in to_create])
  File "D:\odoo19\odoo\orm\models.py", line 5098, in _load_records_create
    records = self.create(vals_list)
  File "D:\odoo19\odoo\orm\decorators.py", line 365, in create
    return method(self, vals_list)
  File "D:\odoo19\odoo\addons\base\models\res_groups.py", line 295, in create
    groups = super().create(vals_list)
  File "D:\odoo19\odoo\orm\decorators.py", line 365, in create
    return method(self, vals_list)
  File "D:\odoo19\odoo\orm\models.py", line 4651, in create
    raise ValueError(f"Invalid field {field_name!r} in {self._name!r}")
ValueError: Invalid field 'category_id' in 'res.groups'

The above exception was the direct cause of the following exception:

Traceback (most recent call last):
  File "D:\odoo19\odoo\service\server.py", line 1509, in preload_registries
    registry = Registry.new(dbname, update_module=update_module, install_modules=config['init'], upgrade_modules=config['update'], reinit_modules=config['reinit'])
  File "D:\odoo19\odoo\tools\func.py", line 88, in locked
    return func(inst, *args, **kwargs)
  File "D:\odoo19\odoo\orm\registry.py", line 185, in new
    load_modules(
    ~~~~~~~~~~~~^
        registry,
        ^^^^^^^^^
    ...<4 lines>...
        new_db_demo=new_db_demo,
        ^^^^^^^^^^^^^^^^^^^^^^^^
    )
    ^
  File "D:\odoo19\odoo\modules\loading.py", line 449, in load_modules
    load_module_graph(
    ~~~~~~~~~~~~~~~~~^
        env, graph, update_module=update_module,
        ^^^^^^^^^^^^^^^^^^^^^^^^^^^^^^^^^^^^^^^^
        report=report, models_to_check=models_to_check)
        ^^^^^^^^^^^^^^^^^^^^^^^^^^^^^^^^^^^^^^^^^^^^^^^
  File "D:\odoo19\odoo\modules\loading.py", line 204, in load_module_graph
    load_data(env, idref, 'init', kind='data', package=package)
    ~~~~~~~~~^^^^^^^^^^^^^^^^^^^^^^^^^^^^^^^^^^^^^^^^^^^^^^^^^^
  File "D:\odoo19\odoo\modules\loading.py", line 58, in load_data
    convert_file(env, package.name, filename, idref, mode, noupdate=kind == 'demo')
    ~~~~~~~~~~~~^^^^^^^^^^^^^^^^^^^^^^^^^^^^^^^^^^^^^^^^^^^^^^^^^^^^^^^^^^^^^^^^^^^
  File "D:\odoo19\odoo\tools\convert.py", line 646, in convert_file
    convert_xml_import(env, module, fp, idref, mode, noupdate)
    ~~~~~~~~~~~~~~~~~~^^^^^^^^^^^^^^^^^^^^^^^^^^^^^^^^^^^^^^^^
  File "D:\odoo19\odoo\tools\convert.py", line 745, in convert_xml_import
    obj.parse(doc.getroot())
    ~~~~~~~~~^^^^^^^^^^^^^^^
  File "D:\odoo19\odoo\tools\convert.py", line 616, in parse
    self._tag_root(de)
    ~~~~~~~~~~~~~~^^^^
  File "D:\odoo19\odoo\tools\convert.py", line 559, in _tag_root
    f(rec)
    ~^^^^^
  File "D:\odoo19\odoo\tools\convert.py", line 559, in _tag_root
    f(rec)
    ~^^^^^
  File "D:\odoo19\odoo\tools\convert.py", line 572, in _tag_root
    raise ParseError('while parsing %s:%s, somewhere inside\n%s' % (
    ...<3 lines>...
    )) from e
odoo.tools.convert.ParseError: while parsing file:/d:/odoolocal/odoo19/odoo_19/rental_management/security/groups.xml:9, somewhere inside
<record id="property_rental_officer" model="res.groups">
                <field name="name">Officer</field>
                <field name="implied_ids" eval="[(4, ref('base.group_user'))]"/>
                <field name="category_id" ref="module_rental_management"/>
            </record>
2025-10-26 06:14:54,045 18100 INFO scholarixglobal odoo.service.server: Initiating shutdown 
2025-10-26 06:14:54,045 18100 INFO scholarixglobal odoo.service.server: Hit CTRL-C again or send a second signal to force the shutdown. 
2025-10-26 06:14:54,045 18100 INFO scholarixglobal odoo.sql_db: ConnectionPool(read/write;used=0/count=0/max=64): Closed 1 connections  
2025-10-26 06:17:11,383 22476 WARNING ? odoo.tools.config: missing --http-interface/http_interface, using 0.0.0.0 by default, will change to 127.0.0.1 in 20.0 
2025-10-26 06:17:11,383 22476 INFO ? odoo: Odoo version 19.0 
2025-10-26 06:17:11,383 22476 INFO ? odoo: Using configuration file at d:\odoo19\odoo.conf 
2025-10-26 06:17:11,383 22476 INFO ? odoo: addons paths: _NamespacePath(['D:\\odoo19\\odoo\\addons', 'C:\\Users\\branm\\AppData\\Local\\OpenERP S.A.\\Odoo\\addons\\19.0', 'd:\\odoo19\\addons', 'd:\\odoolocal\\odoo19\\odoo_19']) 
2025-10-26 06:17:11,383 22476 INFO ? odoo: database: odoo@localhost:5432 
2025-10-26 06:17:11,641 22476 WARNING ? py.warnings: C:\Users\branm\AppData\Roaming\Python\Python313\site-packages\PyPDF2\__init__.py:21: DeprecationWarning: PyPDF2 is deprecated. Please move to the pypdf library instead.
  File "D:\odoo19\odoo-bin", line 6, in <module>
    odoo.cli.main()
  File "D:\odoo19\odoo\cli\command.py", line 133, in main
    command().run(args)
  File "D:\odoo19\odoo\cli\server.py", line 127, in run
    main(args)
  File "D:\odoo19\odoo\cli\server.py", line 118, in main
    rc = server.start(preload=config['db_name'], stop=stop)
  File "D:\odoo19\odoo\service\server.py", line 1545, in start
    load_server_wide_modules()
  File "D:\odoo19\odoo\service\server.py", line 1461, in load_server_wide_modules
    load_openerp_module(m)
  File "D:\odoo19\odoo\modules\module.py", line 505, in load_openerp_module
    __import__(qualname)
  File "D:\odoo19\odoo\addons\base\__init__.py", line 4, in <module>
    from . import models
  File "D:\odoo19\odoo\addons\base\models\__init__.py", line 12, in <module>
    from . import ir_actions_report
  File "D:\odoo19\odoo\addons\base\models\ir_actions_report.py", line 32, in <module>
    from odoo.tools.pdf import PdfFileReader, PdfFileWriter, PdfReadError
  File "D:\odoo19\odoo\tools\pdf\__init__.py", line 33, in <module>
    import PyPDF2.filters  # needed after PyPDF2 2.0.0 and before 2.11.0
  File "C:\Users\branm\AppData\Roaming\Python\Python313\site-packages\PyPDF2\__init__.py", line 21, in <module>
    warnings.warn(
 
2025-10-26 06:17:11,928 22476 INFO scholarixglobal odoo.modules.loading: loading 1 modules... 
2025-10-26 06:17:11,931 22476 INFO scholarixglobal odoo.modules.loading: 1 modules loaded in 0.00s, 0 queries (+0 extra) 
2025-10-26 06:17:11,946 22476 INFO scholarixglobal odoo.modules.loading: updating modules list 
2025-10-26 06:17:11,950 22476 INFO scholarixglobal odoo.addons.base.models.ir_module: ALLOW access to module.update_list on [] to user __system__ #1 via n/a 
2025-10-26 06:17:12,690 22476 INFO scholarixglobal odoo.addons.base.models.ir_module: ALLOW access to module.button_install on ['Advanced Property Sale & Rental Management | Real Estate | Property Sales | Property Rental | Property Management'] to user __system__ #1 via n/a 
2025-10-26 06:17:12,727 22476 INFO scholarixglobal odoo.modules.loading: loading 77 modules... 
2025-10-26 06:17:13,392 22476 INFO scholarixglobal odoo.modules.loading: Loading module rental_management (77/77) 
2025-10-26 06:17:13,427 22476 WARNING scholarixglobal py.warnings: d:\odoolocal\odoo19\odoo_19\rental_management\controllers\main.py:121: DeprecationWarning: Since 19.0, @route(type='json') is a deprecated alias to @route(type='jsonrpc')
  File "D:\odoo19\odoo-bin", line 6, in <module>
    odoo.cli.main()
  File "D:\odoo19\odoo\cli\command.py", line 133, in main
    command().run(args)
  File "D:\odoo19\odoo\cli\server.py", line 127, in run
    main(args)
  File "D:\odoo19\odoo\cli\server.py", line 118, in main
    rc = server.start(preload=config['db_name'], stop=stop)
  File "D:\odoo19\odoo\service\server.py", line 1595, in start
    rc = server.run(preload, stop)
  File "D:\odoo19\odoo\service\server.py", line 663, in run
    rc = preload_registries(preload)
  File "D:\odoo19\odoo\service\server.py", line 1509, in preload_registries
    registry = Registry.new(dbname, update_module=update_module, install_modules=config['init'], upgrade_modules=config['update'], reinit_modules=config['reinit'])
  File "D:\odoo19\odoo\tools\func.py", line 88, in locked
    return func(inst, *args, **kwargs)
  File "D:\odoo19\odoo\orm\registry.py", line 185, in new
    load_modules(
  File "D:\odoo19\odoo\modules\loading.py", line 449, in load_modules
    load_module_graph(
  File "D:\odoo19\odoo\modules\loading.py", line 169, in load_module_graph
    load_openerp_module(package.name)
  File "D:\odoo19\odoo\modules\module.py", line 505, in load_openerp_module
    __import__(qualname)
  File "d:\odoolocal\odoo19\odoo_19\rental_management\__init__.py", line 6, in <module>
    from . import controllers
  File "d:\odoolocal\odoo19\odoo_19\rental_management\controllers\__init__.py", line 1, in <module>
    from . import main
  File "d:\odoolocal\odoo19\odoo_19\rental_management\controllers\main.py", line 121, in <module>
    class PropertyImageController(http.Controller):
 
2025-10-26 06:17:13,548 22476 INFO scholarixglobal odoo.registry: module rental_management: creating or updating database tables 
2025-10-26 06:17:13,952 22476 WARNING scholarixglobal odoo.addons.base.models.ir_model: Two fields (properties_ids, properties) of res.partner() have the same label: Properties. [Modules: rental_management and base] 
2025-10-26 06:17:13,952 22476 WARNING scholarixglobal odoo.addons.base.models.ir_model: Two fields (properties_ids, properties) of res.users() have the same label: Properties. [Modules: None and None] 
2025-10-26 06:17:15,011 22476 INFO scholarixglobal odoo.modules.loading: loading rental_management/security/groups.xml 
2025-10-26 06:17:15,083 22476 WARNING scholarixglobal odoo.modules.loading: Transient module states were reset 
2025-10-26 06:17:15,084 22476 ERROR scholarixglobal odoo.registry: Failed to load registry 
2025-10-26 06:17:15,084 22476 CRITICAL scholarixglobal odoo.service.server: Failed to initialize database `scholarixglobal`. 
Traceback (most recent call last):
  File "D:\odoo19\odoo\tools\convert.py", line 559, in _tag_root
    f(rec)
    ~^^^^^
  File "D:\odoo19\odoo\tools\convert.py", line 387, in _tag_record
    raise Exception("Cannot update missing record %r" % xid)
Exception: Cannot update missing record 'base.default_user'

The above exception was the direct cause of the following exception:

Traceback (most recent call last):
  File "D:\odoo19\odoo\service\server.py", line 1509, in preload_registries
    registry = Registry.new(dbname, update_module=update_module, install_modules=config['init'], upgrade_modules=config['update'], reinit_modules=config['reinit'])
  File "D:\odoo19\odoo\tools\func.py", line 88, in locked
    return func(inst, *args, **kwargs)
  File "D:\odoo19\odoo\orm\registry.py", line 185, in new
    load_modules(
    ~~~~~~~~~~~~^
        registry,
        ^^^^^^^^^
    ...<4 lines>...
        new_db_demo=new_db_demo,
        ^^^^^^^^^^^^^^^^^^^^^^^^
    )
    ^
  File "D:\odoo19\odoo\modules\loading.py", line 449, in load_modules
    load_module_graph(
    ~~~~~~~~~~~~~~~~~^
        env, graph, update_module=update_module,
        ^^^^^^^^^^^^^^^^^^^^^^^^^^^^^^^^^^^^^^^^
        report=report, models_to_check=models_to_check)
        ^^^^^^^^^^^^^^^^^^^^^^^^^^^^^^^^^^^^^^^^^^^^^^^
  File "D:\odoo19\odoo\modules\loading.py", line 204, in load_module_graph
    load_data(env, idref, 'init', kind='data', package=package)
    ~~~~~~~~~^^^^^^^^^^^^^^^^^^^^^^^^^^^^^^^^^^^^^^^^^^^^^^^^^^
  File "D:\odoo19\odoo\modules\loading.py", line 58, in load_data
    convert_file(env, package.name, filename, idref, mode, noupdate=kind == 'demo')
    ~~~~~~~~~~~~^^^^^^^^^^^^^^^^^^^^^^^^^^^^^^^^^^^^^^^^^^^^^^^^^^^^^^^^^^^^^^^^^^^
  File "D:\odoo19\odoo\tools\convert.py", line 646, in convert_file
    convert_xml_import(env, module, fp, idref, mode, noupdate)
    ~~~~~~~~~~~~~~~~~~^^^^^^^^^^^^^^^^^^^^^^^^^^^^^^^^^^^^^^^^
  File "D:\odoo19\odoo\tools\convert.py", line 745, in convert_xml_import
    obj.parse(doc.getroot())
    ~~~~~~~~~^^^^^^^^^^^^^^^
  File "D:\odoo19\odoo\tools\convert.py", line 616, in parse
    self._tag_root(de)
    ~~~~~~~~~~~~~~^^^^
  File "D:\odoo19\odoo\tools\convert.py", line 559, in _tag_root
    f(rec)
    ~^^^^^
  File "D:\odoo19\odoo\tools\convert.py", line 559, in _tag_root
    f(rec)
    ~^^^^^
  File "D:\odoo19\odoo\tools\convert.py", line 572, in _tag_root
    raise ParseError('while parsing %s:%s, somewhere inside\n%s' % (
    ...<3 lines>...
    )) from e
odoo.tools.convert.ParseError: while parsing file:/d:/odoolocal/odoo19/odoo_19/rental_management/security/groups.xml:14, somewhere inside
<record id="base.default_user" model="res.users">
                <field name="groups_id" eval="[Command.link(ref('property_rental_manager'))]"/>
            </record>
2025-10-26 06:17:15,085 22476 INFO scholarixglobal odoo.service.server: Initiating shutdown 
2025-10-26 06:17:15,085 22476 INFO scholarixglobal odoo.service.server: Hit CTRL-C again or send a second signal to force the shutdown. 
2025-10-26 06:17:15,086 22476 INFO scholarixglobal odoo.sql_db: ConnectionPool(read/write;used=0/count=0/max=64): Closed 1 connections  
2025-10-26 06:18:22,562 38624 WARNING ? odoo.tools.config: missing --http-interface/http_interface, using 0.0.0.0 by default, will change to 127.0.0.1 in 20.0 
2025-10-26 06:18:22,562 38624 INFO ? odoo: Odoo version 19.0 
2025-10-26 06:18:22,562 38624 INFO ? odoo: Using configuration file at d:\odoo19\odoo.conf 
2025-10-26 06:18:22,562 38624 INFO ? odoo: addons paths: _NamespacePath(['D:\\odoo19\\odoo\\addons', 'C:\\Users\\branm\\AppData\\Local\\OpenERP S.A.\\Odoo\\addons\\19.0', 'd:\\odoo19\\addons', 'd:\\odoolocal\\odoo19\\odoo_19']) 
2025-10-26 06:18:22,562 38624 INFO ? odoo: database: odoo@localhost:5432 
2025-10-26 06:18:22,711 38624 WARNING ? py.warnings: C:\Users\branm\AppData\Roaming\Python\Python313\site-packages\PyPDF2\__init__.py:21: DeprecationWarning: PyPDF2 is deprecated. Please move to the pypdf library instead.
  File "D:\odoo19\odoo-bin", line 6, in <module>
    odoo.cli.main()
  File "D:\odoo19\odoo\cli\command.py", line 133, in main
    command().run(args)
  File "D:\odoo19\odoo\cli\server.py", line 127, in run
    main(args)
  File "D:\odoo19\odoo\cli\server.py", line 118, in main
    rc = server.start(preload=config['db_name'], stop=stop)
  File "D:\odoo19\odoo\service\server.py", line 1545, in start
    load_server_wide_modules()
  File "D:\odoo19\odoo\service\server.py", line 1461, in load_server_wide_modules
    load_openerp_module(m)
  File "D:\odoo19\odoo\modules\module.py", line 505, in load_openerp_module
    __import__(qualname)
  File "D:\odoo19\odoo\addons\base\__init__.py", line 4, in <module>
    from . import models
  File "D:\odoo19\odoo\addons\base\models\__init__.py", line 12, in <module>
    from . import ir_actions_report
  File "D:\odoo19\odoo\addons\base\models\ir_actions_report.py", line 32, in <module>
    from odoo.tools.pdf import PdfFileReader, PdfFileWriter, PdfReadError
  File "D:\odoo19\odoo\tools\pdf\__init__.py", line 33, in <module>
    import PyPDF2.filters  # needed after PyPDF2 2.0.0 and before 2.11.0
  File "C:\Users\branm\AppData\Roaming\Python\Python313\site-packages\PyPDF2\__init__.py", line 21, in <module>
    warnings.warn(
 
2025-10-26 06:18:22,998 38624 INFO scholarixglobal odoo.modules.loading: loading 1 modules... 
2025-10-26 06:18:23,001 38624 INFO scholarixglobal odoo.modules.loading: 1 modules loaded in 0.00s, 0 queries (+0 extra) 
2025-10-26 06:18:23,017 38624 INFO scholarixglobal odoo.modules.loading: updating modules list 
2025-10-26 06:18:23,019 38624 INFO scholarixglobal odoo.addons.base.models.ir_module: ALLOW access to module.update_list on [] to user __system__ #1 via n/a 
2025-10-26 06:18:23,738 38624 INFO scholarixglobal odoo.addons.base.models.ir_module: ALLOW access to module.button_install on ['Advanced Property Sale & Rental Management | Real Estate | Property Sales | Property Rental | Property Management'] to user __system__ #1 via n/a 
2025-10-26 06:18:23,769 38624 INFO scholarixglobal odoo.modules.loading: loading 77 modules... 
2025-10-26 06:18:24,399 38624 INFO scholarixglobal odoo.modules.loading: Loading module rental_management (77/77) 
2025-10-26 06:18:24,433 38624 WARNING scholarixglobal py.warnings: d:\odoolocal\odoo19\odoo_19\rental_management\controllers\main.py:121: DeprecationWarning: Since 19.0, @route(type='json') is a deprecated alias to @route(type='jsonrpc')
  File "D:\odoo19\odoo-bin", line 6, in <module>
    odoo.cli.main()
  File "D:\odoo19\odoo\cli\command.py", line 133, in main
    command().run(args)
  File "D:\odoo19\odoo\cli\server.py", line 127, in run
    main(args)
  File "D:\odoo19\odoo\cli\server.py", line 118, in main
    rc = server.start(preload=config['db_name'], stop=stop)
  File "D:\odoo19\odoo\service\server.py", line 1595, in start
    rc = server.run(preload, stop)
  File "D:\odoo19\odoo\service\server.py", line 663, in run
    rc = preload_registries(preload)
  File "D:\odoo19\odoo\service\server.py", line 1509, in preload_registries
    registry = Registry.new(dbname, update_module=update_module, install_modules=config['init'], upgrade_modules=config['update'], reinit_modules=config['reinit'])
  File "D:\odoo19\odoo\tools\func.py", line 88, in locked
    return func(inst, *args, **kwargs)
  File "D:\odoo19\odoo\orm\registry.py", line 185, in new
    load_modules(
  File "D:\odoo19\odoo\modules\loading.py", line 449, in load_modules
    load_module_graph(
  File "D:\odoo19\odoo\modules\loading.py", line 169, in load_module_graph
    load_openerp_module(package.name)
  File "D:\odoo19\odoo\modules\module.py", line 505, in load_openerp_module
    __import__(qualname)
  File "d:\odoolocal\odoo19\odoo_19\rental_management\__init__.py", line 6, in <module>
    from . import controllers
  File "d:\odoolocal\odoo19\odoo_19\rental_management\controllers\__init__.py", line 1, in <module>
    from . import main
  File "d:\odoolocal\odoo19\odoo_19\rental_management\controllers\main.py", line 121, in <module>
    class PropertyImageController(http.Controller):
 
2025-10-26 06:18:24,553 38624 INFO scholarixglobal odoo.registry: module rental_management: creating or updating database tables 
2025-10-26 06:18:24,945 38624 WARNING scholarixglobal odoo.addons.base.models.ir_model: Two fields (properties_ids, properties) of res.partner() have the same label: Properties. [Modules: rental_management and base] 
2025-10-26 06:18:24,946 38624 WARNING scholarixglobal odoo.addons.base.models.ir_model: Two fields (properties_ids, properties) of res.users() have the same label: Properties. [Modules: None and None] 
2025-10-26 06:18:26,002 38624 INFO scholarixglobal odoo.modules.loading: loading rental_management/security/groups.xml 
2025-10-26 06:18:26,046 38624 INFO scholarixglobal odoo.modules.loading: loading rental_management/security/ir.model.access.csv 
2025-10-26 06:18:26,287 38624 WARNING scholarixglobal odoo.models: Creating record maintenance.access_maintenance_request_portal in module rental_management. 
2025-10-26 06:18:26,304 38624 INFO scholarixglobal odoo.modules.loading: loading rental_management/security/security.xml 
2025-10-26 06:18:26,330 38624 INFO scholarixglobal odoo.modules.loading: loading rental_management/data/ir_cron.xml 
2025-10-26 06:18:26,383 38624 WARNING scholarixglobal odoo.modules.loading: Transient module states were reset 
2025-10-26 06:18:26,383 38624 ERROR scholarixglobal odoo.registry: Failed to load registry 
2025-10-26 06:18:26,384 38624 CRITICAL scholarixglobal odoo.service.server: Failed to initialize database `scholarixglobal`. 
Traceback (most recent call last):
  File "D:\odoo19\odoo\tools\convert.py", line 559, in _tag_root
    f(rec)
    ~^^^^^
  File "D:\odoo19\odoo\tools\convert.py", line 460, in _tag_record
    record = model._load_records([data], self.mode == 'update')
  File "D:\odoo19\odoo\orm\models.py", line 5191, in _load_records
    records = self._load_records_create([data['values'] for data in to_create])
  File "D:\odoo19\odoo\orm\models.py", line 5098, in _load_records_create
    records = self.create(vals_list)
  File "D:\odoo19\odoo\orm\decorators.py", line 365, in create
    return method(self, vals_list)
  File "D:\odoo19\odoo\addons\base\models\ir_cron.py", line 111, in create
    return super().create(vals_list)
           ~~~~~~~~~~~~~~^^^^^^^^^^^
  File "D:\odoo19\odoo\orm\decorators.py", line 365, in create
    return method(self, vals_list)
  File "d:\odoo19\addons\mail\models\mail_thread.py", line 320, in create
    threads = super(MailThread, self).create(vals_list)
  File "D:\odoo19\odoo\orm\decorators.py", line 365, in create
    return method(self, vals_list)
  File "D:\odoo19\odoo\orm\models.py", line 4651, in create
    raise ValueError(f"Invalid field {field_name!r} in {self._name!r}")
ValueError: Invalid field 'numbercall' in 'ir.cron'

The above exception was the direct cause of the following exception:

Traceback (most recent call last):
  File "D:\odoo19\odoo\service\server.py", line 1509, in preload_registries
    registry = Registry.new(dbname, update_module=update_module, install_modules=config['init'], upgrade_modules=config['update'], reinit_modules=config['reinit'])
  File "D:\odoo19\odoo\tools\func.py", line 88, in locked
    return func(inst, *args, **kwargs)
  File "D:\odoo19\odoo\orm\registry.py", line 185, in new
    load_modules(
    ~~~~~~~~~~~~^
        registry,
        ^^^^^^^^^
    ...<4 lines>...
        new_db_demo=new_db_demo,
        ^^^^^^^^^^^^^^^^^^^^^^^^
    )
    ^
  File "D:\odoo19\odoo\modules\loading.py", line 449, in load_modules
    load_module_graph(
    ~~~~~~~~~~~~~~~~~^
        env, graph, update_module=update_module,
        ^^^^^^^^^^^^^^^^^^^^^^^^^^^^^^^^^^^^^^^^
        report=report, models_to_check=models_to_check)
        ^^^^^^^^^^^^^^^^^^^^^^^^^^^^^^^^^^^^^^^^^^^^^^^
  File "D:\odoo19\odoo\modules\loading.py", line 204, in load_module_graph
    load_data(env, idref, 'init', kind='data', package=package)
    ~~~~~~~~~^^^^^^^^^^^^^^^^^^^^^^^^^^^^^^^^^^^^^^^^^^^^^^^^^^
  File "D:\odoo19\odoo\modules\loading.py", line 58, in load_data
    convert_file(env, package.name, filename, idref, mode, noupdate=kind == 'demo')
    ~~~~~~~~~~~~^^^^^^^^^^^^^^^^^^^^^^^^^^^^^^^^^^^^^^^^^^^^^^^^^^^^^^^^^^^^^^^^^^^
  File "D:\odoo19\odoo\tools\convert.py", line 646, in convert_file
    convert_xml_import(env, module, fp, idref, mode, noupdate)
    ~~~~~~~~~~~~~~~~~~^^^^^^^^^^^^^^^^^^^^^^^^^^^^^^^^^^^^^^^^
  File "D:\odoo19\odoo\tools\convert.py", line 745, in convert_xml_import
    obj.parse(doc.getroot())
    ~~~~~~~~~^^^^^^^^^^^^^^^
  File "D:\odoo19\odoo\tools\convert.py", line 616, in parse
    self._tag_root(de)
    ~~~~~~~~~~~~~~^^^^
  File "D:\odoo19\odoo\tools\convert.py", line 559, in _tag_root
    f(rec)
    ~^^^^^
  File "D:\odoo19\odoo\tools\convert.py", line 572, in _tag_root
    raise ParseError('while parsing %s:%s, somewhere inside\n%s' % (
    ...<3 lines>...
    )) from e
odoo.tools.convert.ParseError: while parsing file:/d:/odoolocal/odoo19/odoo_19/rental_management/data/ir_cron.xml:4, somewhere inside
<record id="rent_recurring_invoice" model="ir.cron">
            <field name="name">Rental Management: Rent Recurring Invoice</field>
            <field name="model_id" ref="rental_management.model_tenancy_details"/>
            <field name="state" eval="'code'"/>
            <field name="code" eval="'model.tenancy_recurring_invoice()'"/>
            <field name="interval_number">1</field>
            <field name="interval_type">days</field>
            <field name="numbercall">1</field>
            <field name="active" eval="True"/>
            <field name="doall" eval="True"/>
        </record>
2025-10-26 06:18:26,401 38624 INFO scholarixglobal odoo.service.server: Initiating shutdown 
2025-10-26 06:18:26,401 38624 INFO scholarixglobal odoo.service.server: Hit CTRL-C again or send a second signal to force the shutdown. 
2025-10-26 06:18:26,401 38624 INFO scholarixglobal odoo.sql_db: ConnectionPool(read/write;used=0/count=0/max=64): Closed 1 connections  
2025-10-26 06:30:12,152 25400 WARNING ? odoo.tools.config: missing --http-interface/http_interface, using 0.0.0.0 by default, will change to 127.0.0.1 in 20.0 
2025-10-26 06:30:12,153 25400 INFO ? odoo: Odoo version 19.0 
2025-10-26 06:30:12,153 25400 INFO ? odoo: Using configuration file at d:\odoo19\odoo.conf 
2025-10-26 06:30:12,153 25400 INFO ? odoo: addons paths: _NamespacePath(['D:\\odoo19\\odoo\\addons', 'C:\\Users\\branm\\AppData\\Local\\OpenERP S.A.\\Odoo\\addons\\19.0', 'd:\\odoo19\\addons', 'd:\\odoolocal\\odoo19\\odoo_19']) 
2025-10-26 06:30:12,153 25400 INFO ? odoo: database: odoo@localhost:5432 
2025-10-26 06:30:12,557 25400 WARNING ? py.warnings: C:\Users\branm\AppData\Roaming\Python\Python313\site-packages\PyPDF2\__init__.py:21: DeprecationWarning: PyPDF2 is deprecated. Please move to the pypdf library instead.
  File "D:\odoo19\odoo-bin", line 6, in <module>
    odoo.cli.main()
  File "D:\odoo19\odoo\cli\command.py", line 133, in main
    command().run(args)
  File "D:\odoo19\odoo\cli\server.py", line 127, in run
    main(args)
  File "D:\odoo19\odoo\cli\server.py", line 118, in main
    rc = server.start(preload=config['db_name'], stop=stop)
  File "D:\odoo19\odoo\service\server.py", line 1545, in start
    load_server_wide_modules()
  File "D:\odoo19\odoo\service\server.py", line 1461, in load_server_wide_modules
    load_openerp_module(m)
  File "D:\odoo19\odoo\modules\module.py", line 505, in load_openerp_module
    __import__(qualname)
  File "D:\odoo19\odoo\addons\base\__init__.py", line 4, in <module>
    from . import models
  File "D:\odoo19\odoo\addons\base\models\__init__.py", line 12, in <module>
    from . import ir_actions_report
  File "D:\odoo19\odoo\addons\base\models\ir_actions_report.py", line 32, in <module>
    from odoo.tools.pdf import PdfFileReader, PdfFileWriter, PdfReadError
  File "D:\odoo19\odoo\tools\pdf\__init__.py", line 33, in <module>
    import PyPDF2.filters  # needed after PyPDF2 2.0.0 and before 2.11.0
  File "C:\Users\branm\AppData\Roaming\Python\Python313\site-packages\PyPDF2\__init__.py", line 21, in <module>
    warnings.warn(
 
2025-10-26 06:30:13,282 25400 INFO scholarixglobal odoo.modules.loading: loading 1 modules... 
2025-10-26 06:30:13,287 25400 INFO scholarixglobal odoo.modules.loading: 1 modules loaded in 0.00s, 0 queries (+0 extra) 
2025-10-26 06:30:13,324 25400 INFO scholarixglobal odoo.modules.loading: updating modules list 
2025-10-26 06:30:13,340 25400 INFO scholarixglobal odoo.addons.base.models.ir_module: ALLOW access to module.update_list on [] to user __system__ #1 via n/a 
2025-10-26 06:30:15,263 25400 INFO scholarixglobal odoo.addons.base.models.ir_module: ALLOW access to module.button_install on ['Advanced Property Sale & Rental Management | Real Estate | Property Sales | Property Rental | Property Management'] to user __system__ #1 via n/a 
2025-10-26 06:30:15,338 25400 INFO scholarixglobal odoo.modules.loading: loading 77 modules... 
2025-10-26 06:30:17,089 25400 INFO scholarixglobal odoo.modules.loading: Loading module rental_management (77/77) 
2025-10-26 06:30:17,170 25400 WARNING scholarixglobal py.warnings: d:\odoolocal\odoo19\odoo_19\rental_management\controllers\main.py:121: DeprecationWarning: Since 19.0, @route(type='json') is a deprecated alias to @route(type='jsonrpc')
  File "D:\odoo19\odoo-bin", line 6, in <module>
    odoo.cli.main()
  File "D:\odoo19\odoo\cli\command.py", line 133, in main
    command().run(args)
  File "D:\odoo19\odoo\cli\server.py", line 127, in run
    main(args)
  File "D:\odoo19\odoo\cli\server.py", line 118, in main
    rc = server.start(preload=config['db_name'], stop=stop)
  File "D:\odoo19\odoo\service\server.py", line 1595, in start
    rc = server.run(preload, stop)
  File "D:\odoo19\odoo\service\server.py", line 663, in run
    rc = preload_registries(preload)
  File "D:\odoo19\odoo\service\server.py", line 1509, in preload_registries
    registry = Registry.new(dbname, update_module=update_module, install_modules=config['init'], upgrade_modules=config['update'], reinit_modules=config['reinit'])
  File "D:\odoo19\odoo\tools\func.py", line 88, in locked
    return func(inst, *args, **kwargs)
  File "D:\odoo19\odoo\orm\registry.py", line 185, in new
    load_modules(
  File "D:\odoo19\odoo\modules\loading.py", line 449, in load_modules
    load_module_graph(
  File "D:\odoo19\odoo\modules\loading.py", line 169, in load_module_graph
    load_openerp_module(package.name)
  File "D:\odoo19\odoo\modules\module.py", line 505, in load_openerp_module
    __import__(qualname)
  File "d:\odoolocal\odoo19\odoo_19\rental_management\__init__.py", line 6, in <module>
    from . import controllers
  File "d:\odoolocal\odoo19\odoo_19\rental_management\controllers\__init__.py", line 1, in <module>
    from . import main
  File "d:\odoolocal\odoo19\odoo_19\rental_management\controllers\main.py", line 121, in <module>
    class PropertyImageController(http.Controller):
 
2025-10-26 06:30:17,379 25400 INFO scholarixglobal odoo.registry: module rental_management: creating or updating database tables 
2025-10-26 06:30:18,240 25400 WARNING scholarixglobal odoo.addons.base.models.ir_model: Two fields (properties_ids, properties) of res.partner() have the same label: Properties. [Modules: rental_management and base] 
2025-10-26 06:30:18,242 25400 WARNING scholarixglobal odoo.addons.base.models.ir_model: Two fields (properties_ids, properties) of res.users() have the same label: Properties. [Modules: None and None] 
2025-10-26 06:30:20,531 25400 INFO scholarixglobal odoo.modules.loading: loading rental_management/security/groups.xml 
2025-10-26 06:30:20,564 25400 INFO scholarixglobal odoo.modules.loading: loading rental_management/security/ir.model.access.csv 
2025-10-26 06:30:20,889 25400 WARNING scholarixglobal odoo.models: Creating record maintenance.access_maintenance_request_portal in module rental_management. 
2025-10-26 06:30:20,918 25400 INFO scholarixglobal odoo.modules.loading: loading rental_management/security/security.xml 
2025-10-26 06:30:20,969 25400 INFO scholarixglobal odoo.modules.loading: loading rental_management/data/ir_cron.xml 
2025-10-26 06:30:21,132 25400 INFO scholarixglobal odoo.modules.loading: loading rental_management/data/sequence.xml 
2025-10-26 06:30:21,148 25400 INFO scholarixglobal odoo.modules.loading: loading rental_management/data/property_product_data.xml 
2025-10-26 06:30:21,259 25400 WARNING scholarixglobal odoo.modules.loading: Transient module states were reset 
2025-10-26 06:30:21,260 25400 ERROR scholarixglobal odoo.registry: Failed to load registry 
2025-10-26 06:30:21,260 25400 CRITICAL scholarixglobal odoo.service.server: Failed to initialize database `scholarixglobal`. 
Traceback (most recent call last):
  File "D:\odoo19\odoo\tools\convert.py", line 559, in _tag_root
    f(rec)
    ~^^^^^
  File "D:\odoo19\odoo\tools\convert.py", line 423, in _tag_record
    f_val = self.id_get(f_ref, raise_if_not_found=nodeattr2bool(rec, 'forcecreate', True))
  File "D:\odoo19\odoo\tools\convert.py", line 543, in id_get
    return self.model_id_get(id_str, raise_if_not_found)[1]
           ~~~~~~~~~~~~~~~~~^^^^^^^^^^^^^^^^^^^^^^^^^^^^
  File "D:\odoo19\odoo\tools\convert.py", line 547, in model_id_get
    return self.env['ir.model.data']._xmlid_to_res_model_res_id(id_str, raise_if_not_found=raise_if_not_found)
           ~~~~~~~~~~~~~~~~~~~~~~~~~~~~~~~~~~~~~~~~~~~~~~~~~~~~^^^^^^^^^^^^^^^^^^^^^^^^^^^^^^^^^^^^^^^^^^^^^^^
  File "D:\odoo19\odoo\addons\base\models\ir_model.py", line 2237, in _xmlid_to_res_model_res_id
    return self._xmlid_lookup(xmlid)
           ~~~~~~~~~~~~~~~~~~^^^^^^^
  File "D:\odoo19\odoo\tools\cache.py", line 98, in lookup
    return self.lookup(*args, **kwargs)
           ~~~~~~~~~~~^^^^^^^^^^^^^^^^^
  File "D:\odoo19\odoo\tools\cache.py", line 155, in lookup
    value = self.method(*args, **kwargs)
  File "D:\odoo19\odoo\addons\base\models\ir_model.py", line 2230, in _xmlid_lookup
    raise ValueError('External ID not found in the system: %s' % xmlid)
ValueError: External ID not found in the system: product.product_category_all

The above exception was the direct cause of the following exception:

Traceback (most recent call last):
  File "D:\odoo19\odoo\service\server.py", line 1509, in preload_registries
    registry = Registry.new(dbname, update_module=update_module, install_modules=config['init'], upgrade_modules=config['update'], reinit_modules=config['reinit'])
  File "D:\odoo19\odoo\tools\func.py", line 88, in locked
    return func(inst, *args, **kwargs)
  File "D:\odoo19\odoo\orm\registry.py", line 185, in new
    load_modules(
    ~~~~~~~~~~~~^
        registry,
        ^^^^^^^^^
    ...<4 lines>...
        new_db_demo=new_db_demo,
        ^^^^^^^^^^^^^^^^^^^^^^^^
    )
    ^
  File "D:\odoo19\odoo\modules\loading.py", line 449, in load_modules
    load_module_graph(
    ~~~~~~~~~~~~~~~~~^
        env, graph, update_module=update_module,
        ^^^^^^^^^^^^^^^^^^^^^^^^^^^^^^^^^^^^^^^^
        report=report, models_to_check=models_to_check)
        ^^^^^^^^^^^^^^^^^^^^^^^^^^^^^^^^^^^^^^^^^^^^^^^
  File "D:\odoo19\odoo\modules\loading.py", line 204, in load_module_graph
    load_data(env, idref, 'init', kind='data', package=package)
    ~~~~~~~~~^^^^^^^^^^^^^^^^^^^^^^^^^^^^^^^^^^^^^^^^^^^^^^^^^^
  File "D:\odoo19\odoo\modules\loading.py", line 58, in load_data
    convert_file(env, package.name, filename, idref, mode, noupdate=kind == 'demo')
    ~~~~~~~~~~~~^^^^^^^^^^^^^^^^^^^^^^^^^^^^^^^^^^^^^^^^^^^^^^^^^^^^^^^^^^^^^^^^^^^
  File "D:\odoo19\odoo\tools\convert.py", line 646, in convert_file
    convert_xml_import(env, module, fp, idref, mode, noupdate)
    ~~~~~~~~~~~~~~~~~~^^^^^^^^^^^^^^^^^^^^^^^^^^^^^^^^^^^^^^^^
  File "D:\odoo19\odoo\tools\convert.py", line 745, in convert_xml_import
    obj.parse(doc.getroot())
    ~~~~~~~~~^^^^^^^^^^^^^^^
  File "D:\odoo19\odoo\tools\convert.py", line 616, in parse
    self._tag_root(de)
    ~~~~~~~~~~~~~~^^^^
  File "D:\odoo19\odoo\tools\convert.py", line 559, in _tag_root
    f(rec)
    ~^^^^^
  File "D:\odoo19\odoo\tools\convert.py", line 572, in _tag_root
    raise ParseError('while parsing %s:%s, somewhere inside\n%s' % (
    ...<3 lines>...
    )) from e
odoo.tools.convert.ParseError: while parsing file:/d:/odoolocal/odoo19/odoo_19/rental_management/data/property_product_data.xml:5, somewhere inside
<record id="product_category_property" model="product.category">
            <field name="parent_id" ref="product.product_category_all"/>
            <field name="name">Property</field>
        </record>
2025-10-26 06:30:21,388 25400 INFO scholarixglobal odoo.service.server: Initiating shutdown 
2025-10-26 06:30:21,388 25400 INFO scholarixglobal odoo.service.server: Hit CTRL-C again or send a second signal to force the shutdown. 
2025-10-26 06:30:21,389 25400 INFO scholarixglobal odoo.sql_db: ConnectionPool(read/write;used=0/count=0/max=64): Closed 1 connections  
2025-10-26 06:33:06,781 16508 WARNING ? odoo.tools.config: missing --http-interface/http_interface, using 0.0.0.0 by default, will change to 127.0.0.1 in 20.0 
2025-10-26 06:33:06,782 16508 INFO ? odoo: Odoo version 19.0 
2025-10-26 06:33:06,782 16508 INFO ? odoo: Using configuration file at d:\odoo19\odoo.conf 
2025-10-26 06:33:06,782 16508 INFO ? odoo: addons paths: _NamespacePath(['D:\\odoo19\\odoo\\addons', 'C:\\Users\\branm\\AppData\\Local\\OpenERP S.A.\\Odoo\\addons\\19.0', 'd:\\odoo19\\addons', 'd:\\odoolocal\\odoo19\\odoo_19']) 
2025-10-26 06:33:06,782 16508 INFO ? odoo: database: odoo@localhost:5432 
2025-10-26 06:33:06,965 16508 WARNING ? py.warnings: C:\Users\branm\AppData\Roaming\Python\Python313\site-packages\PyPDF2\__init__.py:21: DeprecationWarning: PyPDF2 is deprecated. Please move to the pypdf library instead.
  File "D:\odoo19\odoo-bin", line 6, in <module>
    odoo.cli.main()
  File "D:\odoo19\odoo\cli\command.py", line 133, in main
    command().run(args)
  File "D:\odoo19\odoo\cli\server.py", line 127, in run
    main(args)
  File "D:\odoo19\odoo\cli\server.py", line 118, in main
    rc = server.start(preload=config['db_name'], stop=stop)
  File "D:\odoo19\odoo\service\server.py", line 1545, in start
    load_server_wide_modules()
  File "D:\odoo19\odoo\service\server.py", line 1461, in load_server_wide_modules
    load_openerp_module(m)
  File "D:\odoo19\odoo\modules\module.py", line 505, in load_openerp_module
    __import__(qualname)
  File "D:\odoo19\odoo\addons\base\__init__.py", line 4, in <module>
    from . import models
  File "D:\odoo19\odoo\addons\base\models\__init__.py", line 12, in <module>
    from . import ir_actions_report
  File "D:\odoo19\odoo\addons\base\models\ir_actions_report.py", line 32, in <module>
    from odoo.tools.pdf import PdfFileReader, PdfFileWriter, PdfReadError
  File "D:\odoo19\odoo\tools\pdf\__init__.py", line 33, in <module>
    import PyPDF2.filters  # needed after PyPDF2 2.0.0 and before 2.11.0
  File "C:\Users\branm\AppData\Roaming\Python\Python313\site-packages\PyPDF2\__init__.py", line 21, in <module>
    warnings.warn(
 
2025-10-26 06:33:07,305 16508 INFO scholarixglobal odoo.modules.loading: loading 1 modules... 
2025-10-26 06:33:07,308 16508 INFO scholarixglobal odoo.modules.loading: 1 modules loaded in 0.00s, 0 queries (+0 extra) 
2025-10-26 06:33:07,326 16508 INFO scholarixglobal odoo.modules.loading: updating modules list 
2025-10-26 06:33:07,332 16508 INFO scholarixglobal odoo.addons.base.models.ir_module: ALLOW access to module.update_list on [] to user __system__ #1 via n/a 
2025-10-26 06:33:08,246 16508 INFO scholarixglobal odoo.addons.base.models.ir_module: ALLOW access to module.button_install on ['Advanced Property Sale & Rental Management | Real Estate | Property Sales | Property Rental | Property Management'] to user __system__ #1 via n/a 
2025-10-26 06:33:08,294 16508 INFO scholarixglobal odoo.modules.loading: loading 77 modules... 
2025-10-26 06:33:09,051 16508 INFO scholarixglobal odoo.modules.loading: Loading module rental_management (77/77) 
2025-10-26 06:33:09,088 16508 WARNING scholarixglobal py.warnings: d:\odoolocal\odoo19\odoo_19\rental_management\controllers\main.py:121: DeprecationWarning: Since 19.0, @route(type='json') is a deprecated alias to @route(type='jsonrpc')
  File "D:\odoo19\odoo-bin", line 6, in <module>
    odoo.cli.main()
  File "D:\odoo19\odoo\cli\command.py", line 133, in main
    command().run(args)
  File "D:\odoo19\odoo\cli\server.py", line 127, in run
    main(args)
  File "D:\odoo19\odoo\cli\server.py", line 118, in main
    rc = server.start(preload=config['db_name'], stop=stop)
  File "D:\odoo19\odoo\service\server.py", line 1595, in start
    rc = server.run(preload, stop)
  File "D:\odoo19\odoo\service\server.py", line 663, in run
    rc = preload_registries(preload)
  File "D:\odoo19\odoo\service\server.py", line 1509, in preload_registries
    registry = Registry.new(dbname, update_module=update_module, install_modules=config['init'], upgrade_modules=config['update'], reinit_modules=config['reinit'])
  File "D:\odoo19\odoo\tools\func.py", line 88, in locked
    return func(inst, *args, **kwargs)
  File "D:\odoo19\odoo\orm\registry.py", line 185, in new
    load_modules(
  File "D:\odoo19\odoo\modules\loading.py", line 449, in load_modules
    load_module_graph(
  File "D:\odoo19\odoo\modules\loading.py", line 169, in load_module_graph
    load_openerp_module(package.name)
  File "D:\odoo19\odoo\modules\module.py", line 505, in load_openerp_module
    __import__(qualname)
  File "d:\odoolocal\odoo19\odoo_19\rental_management\__init__.py", line 6, in <module>
    from . import controllers
  File "d:\odoolocal\odoo19\odoo_19\rental_management\controllers\__init__.py", line 1, in <module>
    from . import main
  File "d:\odoolocal\odoo19\odoo_19\rental_management\controllers\main.py", line 121, in <module>
    class PropertyImageController(http.Controller):
 
2025-10-26 06:33:09,231 16508 INFO scholarixglobal odoo.registry: module rental_management: creating or updating database tables 
2025-10-26 06:33:09,738 16508 WARNING scholarixglobal odoo.addons.base.models.ir_model: Two fields (properties_ids, properties) of res.partner() have the same label: Properties. [Modules: rental_management and base] 
2025-10-26 06:33:09,739 16508 WARNING scholarixglobal odoo.addons.base.models.ir_model: Two fields (properties_ids, properties) of res.users() have the same label: Properties. [Modules: None and None] 
2025-10-26 06:33:11,158 16508 INFO scholarixglobal odoo.modules.loading: loading rental_management/security/groups.xml 
2025-10-26 06:33:11,189 16508 INFO scholarixglobal odoo.modules.loading: loading rental_management/security/ir.model.access.csv 
2025-10-26 06:33:11,470 16508 WARNING scholarixglobal odoo.models: Creating record maintenance.access_maintenance_request_portal in module rental_management. 
2025-10-26 06:33:11,489 16508 INFO scholarixglobal odoo.modules.loading: loading rental_management/security/security.xml 
2025-10-26 06:33:11,519 16508 INFO scholarixglobal odoo.modules.loading: loading rental_management/data/ir_cron.xml 
2025-10-26 06:33:11,621 16508 INFO scholarixglobal odoo.modules.loading: loading rental_management/data/sequence.xml 
2025-10-26 06:33:11,630 16508 INFO scholarixglobal odoo.modules.loading: loading rental_management/data/property_product_data.xml 
2025-10-26 06:33:11,694 16508 WARNING scholarixglobal odoo.modules.loading: Transient module states were reset 
2025-10-26 06:33:11,694 16508 ERROR scholarixglobal odoo.registry: Failed to load registry 
2025-10-26 06:33:11,694 16508 CRITICAL scholarixglobal odoo.service.server: Failed to initialize database `scholarixglobal`. 
Traceback (most recent call last):
  File "D:\odoo19\odoo\tools\convert.py", line 559, in _tag_root
    f(rec)
    ~^^^^^
  File "D:\odoo19\odoo\tools\convert.py", line 423, in _tag_record
    f_val = self.id_get(f_ref, raise_if_not_found=nodeattr2bool(rec, 'forcecreate', True))
  File "D:\odoo19\odoo\tools\convert.py", line 543, in id_get
    return self.model_id_get(id_str, raise_if_not_found)[1]
           ~~~~~~~~~~~~~~~~~^^^^^^^^^^^^^^^^^^^^^^^^^^^^
  File "D:\odoo19\odoo\tools\convert.py", line 547, in model_id_get
    return self.env['ir.model.data']._xmlid_to_res_model_res_id(id_str, raise_if_not_found=raise_if_not_found)
           ~~~~~~~~~~~~~~~~~~~~~~~~~~~~~~~~~~~~~~~~~~~~~~~~~~~~^^^^^^^^^^^^^^^^^^^^^^^^^^^^^^^^^^^^^^^^^^^^^^^
  File "D:\odoo19\odoo\addons\base\models\ir_model.py", line 2237, in _xmlid_to_res_model_res_id
    return self._xmlid_lookup(xmlid)
           ~~~~~~~~~~~~~~~~~~^^^^^^^
  File "D:\odoo19\odoo\tools\cache.py", line 98, in lookup
    return self.lookup(*args, **kwargs)
           ~~~~~~~~~~~^^^^^^^^^^^^^^^^^
  File "D:\odoo19\odoo\tools\cache.py", line 155, in lookup
    value = self.method(*args, **kwargs)
  File "D:\odoo19\odoo\addons\base\models\ir_model.py", line 2230, in _xmlid_lookup
    raise ValueError('External ID not found in the system: %s' % xmlid)
ValueError: External ID not found in the system: product.product_category_all

The above exception was the direct cause of the following exception:

Traceback (most recent call last):
  File "D:\odoo19\odoo\service\server.py", line 1509, in preload_registries
    registry = Registry.new(dbname, update_module=update_module, install_modules=config['init'], upgrade_modules=config['update'], reinit_modules=config['reinit'])
  File "D:\odoo19\odoo\tools\func.py", line 88, in locked
    return func(inst, *args, **kwargs)
  File "D:\odoo19\odoo\orm\registry.py", line 185, in new
    load_modules(
    ~~~~~~~~~~~~^
        registry,
        ^^^^^^^^^
    ...<4 lines>...
        new_db_demo=new_db_demo,
        ^^^^^^^^^^^^^^^^^^^^^^^^
    )
    ^
  File "D:\odoo19\odoo\modules\loading.py", line 449, in load_modules
    load_module_graph(
    ~~~~~~~~~~~~~~~~~^
        env, graph, update_module=update_module,
        ^^^^^^^^^^^^^^^^^^^^^^^^^^^^^^^^^^^^^^^^
        report=report, models_to_check=models_to_check)
        ^^^^^^^^^^^^^^^^^^^^^^^^^^^^^^^^^^^^^^^^^^^^^^^
  File "D:\odoo19\odoo\modules\loading.py", line 204, in load_module_graph
    load_data(env, idref, 'init', kind='data', package=package)
    ~~~~~~~~~^^^^^^^^^^^^^^^^^^^^^^^^^^^^^^^^^^^^^^^^^^^^^^^^^^
  File "D:\odoo19\odoo\modules\loading.py", line 58, in load_data
    convert_file(env, package.name, filename, idref, mode, noupdate=kind == 'demo')
    ~~~~~~~~~~~~^^^^^^^^^^^^^^^^^^^^^^^^^^^^^^^^^^^^^^^^^^^^^^^^^^^^^^^^^^^^^^^^^^^
  File "D:\odoo19\odoo\tools\convert.py", line 646, in convert_file
    convert_xml_import(env, module, fp, idref, mode, noupdate)
    ~~~~~~~~~~~~~~~~~~^^^^^^^^^^^^^^^^^^^^^^^^^^^^^^^^^^^^^^^^
  File "D:\odoo19\odoo\tools\convert.py", line 745, in convert_xml_import
    obj.parse(doc.getroot())
    ~~~~~~~~~^^^^^^^^^^^^^^^
  File "D:\odoo19\odoo\tools\convert.py", line 616, in parse
    self._tag_root(de)
    ~~~~~~~~~~~~~~^^^^
  File "D:\odoo19\odoo\tools\convert.py", line 559, in _tag_root
    f(rec)
    ~^^^^^
  File "D:\odoo19\odoo\tools\convert.py", line 572, in _tag_root
    raise ParseError('while parsing %s:%s, somewhere inside\n%s' % (
    ...<3 lines>...
    )) from e
odoo.tools.convert.ParseError: while parsing file:/d:/odoolocal/odoo19/odoo_19/rental_management/data/property_product_data.xml:5, somewhere inside
<record id="product_category_property" model="product.category">
            <field name="parent_id" ref="product.product_category_all"/>
            <field name="name">Property</field>
        </record>
2025-10-26 06:33:11,698 16508 INFO scholarixglobal odoo.service.server: Initiating shutdown 
2025-10-26 06:33:11,698 16508 INFO scholarixglobal odoo.service.server: Hit CTRL-C again or send a second signal to force the shutdown. 
2025-10-26 06:33:11,698 16508 INFO scholarixglobal odoo.sql_db: ConnectionPool(read/write;used=0/count=0/max=64): Closed 1 connections  
2025-10-26 06:43:14,606 16404 WARNING ? odoo.tools.config: missing --http-interface/http_interface, using 0.0.0.0 by default, will change to 127.0.0.1 in 20.0 
2025-10-26 06:43:14,909 16404 WARNING ? py.warnings: C:\Users\branm\AppData\Roaming\Python\Python313\site-packages\PyPDF2\__init__.py:21: DeprecationWarning: PyPDF2 is deprecated. Please move to the pypdf library instead.
  File "D:\odoo19\odoo-bin", line 6, in <module>
    odoo.cli.main()
  File "D:\odoo19\odoo\cli\command.py", line 133, in main
    command().run(args)
  File "D:\odoo19\odoo\cli\server.py", line 127, in run
    main(args)
  File "D:\odoo19\odoo\cli\server.py", line 118, in main
    rc = server.start(preload=config['db_name'], stop=stop)
  File "D:\odoo19\odoo\service\server.py", line 1545, in start
    load_server_wide_modules()
  File "D:\odoo19\odoo\service\server.py", line 1461, in load_server_wide_modules
    load_openerp_module(m)
  File "D:\odoo19\odoo\modules\module.py", line 505, in load_openerp_module
    __import__(qualname)
  File "D:\odoo19\odoo\addons\base\__init__.py", line 4, in <module>
    from . import models
  File "D:\odoo19\odoo\addons\base\models\__init__.py", line 12, in <module>
    from . import ir_actions_report
  File "D:\odoo19\odoo\addons\base\models\ir_actions_report.py", line 32, in <module>
    from odoo.tools.pdf import PdfFileReader, PdfFileWriter, PdfReadError
  File "D:\odoo19\odoo\tools\pdf\__init__.py", line 33, in <module>
    import PyPDF2.filters  # needed after PyPDF2 2.0.0 and before 2.11.0
  File "C:\Users\branm\AppData\Roaming\Python\Python313\site-packages\PyPDF2\__init__.py", line 21, in <module>
    warnings.warn(
 
2025-10-26 06:43:17,889 16404 WARNING scholarixglobal py.warnings: d:\odoolocal\odoo19\odoo_19\rental_management\controllers\main.py:121: DeprecationWarning: Since 19.0, @route(type='json') is a deprecated alias to @route(type='jsonrpc')
  File "D:\odoo19\odoo-bin", line 6, in <module>
    odoo.cli.main()
  File "D:\odoo19\odoo\cli\command.py", line 133, in main
    command().run(args)
  File "D:\odoo19\odoo\cli\server.py", line 127, in run
    main(args)
  File "D:\odoo19\odoo\cli\server.py", line 118, in main
    rc = server.start(preload=config['db_name'], stop=stop)
  File "D:\odoo19\odoo\service\server.py", line 1595, in start
    rc = server.run(preload, stop)
  File "D:\odoo19\odoo\service\server.py", line 663, in run
    rc = preload_registries(preload)
  File "D:\odoo19\odoo\service\server.py", line 1509, in preload_registries
    registry = Registry.new(dbname, update_module=update_module, install_modules=config['init'], upgrade_modules=config['update'], reinit_modules=config['reinit'])
  File "D:\odoo19\odoo\tools\func.py", line 88, in locked
    return func(inst, *args, **kwargs)
  File "D:\odoo19\odoo\orm\registry.py", line 185, in new
    load_modules(
  File "D:\odoo19\odoo\modules\loading.py", line 449, in load_modules
    load_module_graph(
  File "D:\odoo19\odoo\modules\loading.py", line 169, in load_module_graph
    load_openerp_module(package.name)
  File "D:\odoo19\odoo\modules\module.py", line 505, in load_openerp_module
    __import__(qualname)
  File "d:\odoolocal\odoo19\odoo_19\rental_management\__init__.py", line 6, in <module>
    from . import controllers
  File "d:\odoolocal\odoo19\odoo_19\rental_management\controllers\__init__.py", line 1, in <module>
    from . import main
  File "d:\odoolocal\odoo19\odoo_19\rental_management\controllers\main.py", line 121, in <module>
    class PropertyImageController(http.Controller):
 
2025-10-26 06:43:18,570 16404 WARNING scholarixglobal odoo.addons.base.models.ir_model: Two fields (properties_ids, properties) of res.partner() have the same label: Properties. [Modules: rental_management and base] 
2025-10-26 06:43:18,571 16404 WARNING scholarixglobal odoo.addons.base.models.ir_model: Two fields (properties_ids, properties) of res.users() have the same label: Properties. [Modules: None and None] 
2025-10-26 06:43:20,370 16404 WARNING scholarixglobal odoo.models: Creating record maintenance.access_maintenance_request_portal in module rental_management. 
2025-10-26 06:43:20,730 16404 WARNING scholarixglobal odoo.modules.loading: Transient module states were reset 
2025-10-26 06:43:20,730 16404 ERROR scholarixglobal odoo.registry: Failed to load registry 
2025-10-26 06:43:20,730 16404 CRITICAL scholarixglobal odoo.service.server: Failed to initialize database `scholarixglobal`. 
Traceback (most recent call last):
  File "D:\odoo19\odoo\tools\convert.py", line 559, in _tag_root
    f(rec)
    ~^^^^^
  File "D:\odoo19\odoo\tools\convert.py", line 460, in _tag_record
    record = model._load_records([data], self.mode == 'update')
  File "D:\odoo19\odoo\orm\models.py", line 5191, in _load_records
    records = self._load_records_create([data['values'] for data in to_create])
  File "D:\odoo19\odoo\orm\models.py", line 5098, in _load_records_create
    records = self.create(vals_list)
  File "D:\odoo19\odoo\orm\decorators.py", line 365, in create
    return method(self, vals_list)
  File "d:\odoo19\addons\product\models\product_product.py", line 412, in create
    products = super(ProductProduct, self.with_context(create_product_product=False)).create(vals_list)
  File "D:\odoo19\odoo\orm\decorators.py", line 365, in create
    return method(self, vals_list)
  File "d:\odoo19\addons\mail\models\mail_thread.py", line 320, in create
    threads = super(MailThread, self).create(vals_list)
  File "D:\odoo19\odoo\orm\decorators.py", line 365, in create
    return method(self, vals_list)
  File "D:\odoo19\odoo\orm\models.py", line 4651, in create
    raise ValueError(f"Invalid field {field_name!r} in {self._name!r}")
ValueError: Invalid field 'detailed_type' in 'product.product'

The above exception was the direct cause of the following exception:

Traceback (most recent call last):
  File "D:\odoo19\odoo\service\server.py", line 1509, in preload_registries
    registry = Registry.new(dbname, update_module=update_module, install_modules=config['init'], upgrade_modules=config['update'], reinit_modules=config['reinit'])
  File "D:\odoo19\odoo\tools\func.py", line 88, in locked
    return func(inst, *args, **kwargs)
  File "D:\odoo19\odoo\orm\registry.py", line 185, in new
    load_modules(
    ~~~~~~~~~~~~^
        registry,
        ^^^^^^^^^
    ...<4 lines>...
        new_db_demo=new_db_demo,
        ^^^^^^^^^^^^^^^^^^^^^^^^
    )
    ^
  File "D:\odoo19\odoo\modules\loading.py", line 449, in load_modules
    load_module_graph(
    ~~~~~~~~~~~~~~~~~^
        env, graph, update_module=update_module,
        ^^^^^^^^^^^^^^^^^^^^^^^^^^^^^^^^^^^^^^^^
        report=report, models_to_check=models_to_check)
        ^^^^^^^^^^^^^^^^^^^^^^^^^^^^^^^^^^^^^^^^^^^^^^^
  File "D:\odoo19\odoo\modules\loading.py", line 204, in load_module_graph
    load_data(env, idref, 'init', kind='data', package=package)
    ~~~~~~~~~^^^^^^^^^^^^^^^^^^^^^^^^^^^^^^^^^^^^^^^^^^^^^^^^^^
  File "D:\odoo19\odoo\modules\loading.py", line 58, in load_data
    convert_file(env, package.name, filename, idref, mode, noupdate=kind == 'demo')
    ~~~~~~~~~~~~^^^^^^^^^^^^^^^^^^^^^^^^^^^^^^^^^^^^^^^^^^^^^^^^^^^^^^^^^^^^^^^^^^^
  File "D:\odoo19\odoo\tools\convert.py", line 646, in convert_file
    convert_xml_import(env, module, fp, idref, mode, noupdate)
    ~~~~~~~~~~~~~~~~~~^^^^^^^^^^^^^^^^^^^^^^^^^^^^^^^^^^^^^^^^
  File "D:\odoo19\odoo\tools\convert.py", line 745, in convert_xml_import
    obj.parse(doc.getroot())
    ~~~~~~~~~^^^^^^^^^^^^^^^
  File "D:\odoo19\odoo\tools\convert.py", line 616, in parse
    self._tag_root(de)
    ~~~~~~~~~~~~~~^^^^
  File "D:\odoo19\odoo\tools\convert.py", line 559, in _tag_root
    f(rec)
    ~^^^^^
  File "D:\odoo19\odoo\tools\convert.py", line 572, in _tag_root
    raise ParseError('while parsing %s:%s, somewhere inside\n%s' % (
    ...<3 lines>...
    )) from e
odoo.tools.convert.ParseError: while parsing file:/d:/odoolocal/odoo19/odoo_19/rental_management/data/property_product_data.xml:8, somewhere inside
<record id="property_product_1" model="product.product">
            <field name="name">Property Payment</field>
            <field name="detailed_type">service</field>
            <field name="categ_id" ref="rental_management.product_category_property"/>
        </record>
2025-10-26 06:52:18,436 9008 WARNING ? py.warnings: C:\Users\branm\AppData\Roaming\Python\Python313\site-packages\PyPDF2\__init__.py:21: DeprecationWarning: PyPDF2 is deprecated. Please move to the pypdf library instead.
  File "D:\odoo19\odoo-bin", line 6, in <module>
    odoo.cli.main()
  File "D:\odoo19\odoo\cli\command.py", line 133, in main
    command().run(args)
  File "D:\odoo19\odoo\cli\server.py", line 127, in run
    main(args)
  File "D:\odoo19\odoo\cli\server.py", line 118, in main
    rc = server.start(preload=config['db_name'], stop=stop)
  File "D:\odoo19\odoo\service\server.py", line 1545, in start
    load_server_wide_modules()
  File "D:\odoo19\odoo\service\server.py", line 1461, in load_server_wide_modules
    load_openerp_module(m)
  File "D:\odoo19\odoo\modules\module.py", line 505, in load_openerp_module
    __import__(qualname)
  File "D:\odoo19\odoo\addons\base\__init__.py", line 4, in <module>
    from . import models
  File "D:\odoo19\odoo\addons\base\models\__init__.py", line 12, in <module>
    from . import ir_actions_report
  File "D:\odoo19\odoo\addons\base\models\ir_actions_report.py", line 32, in <module>
    from odoo.tools.pdf import PdfFileReader, PdfFileWriter, PdfReadError
  File "D:\odoo19\odoo\tools\pdf\__init__.py", line 33, in <module>
    import PyPDF2.filters  # needed after PyPDF2 2.0.0 and before 2.11.0
  File "C:\Users\branm\AppData\Roaming\Python\Python313\site-packages\PyPDF2\__init__.py", line 21, in <module>
    warnings.warn(
 
2025-10-26 06:52:30,167 9008 WARNING scholarixglobal py.warnings: d:\odoolocal\odoo19\odoo_19\rental_management\controllers\main.py:121: DeprecationWarning: Since 19.0, @route(type='json') is a deprecated alias to @route(type='jsonrpc')
  File "D:\odoo19\odoo-bin", line 6, in <module>
    odoo.cli.main()
  File "D:\odoo19\odoo\cli\command.py", line 133, in main
    command().run(args)
  File "D:\odoo19\odoo\cli\server.py", line 127, in run
    main(args)
  File "D:\odoo19\odoo\cli\server.py", line 118, in main
    rc = server.start(preload=config['db_name'], stop=stop)
  File "D:\odoo19\odoo\service\server.py", line 1595, in start
    rc = server.run(preload, stop)
  File "D:\odoo19\odoo\service\server.py", line 663, in run
    rc = preload_registries(preload)
  File "D:\odoo19\odoo\service\server.py", line 1509, in preload_registries
    registry = Registry.new(dbname, update_module=update_module, install_modules=config['init'], upgrade_modules=config['update'], reinit_modules=config['reinit'])
  File "D:\odoo19\odoo\tools\func.py", line 88, in locked
    return func(inst, *args, **kwargs)
  File "D:\odoo19\odoo\orm\registry.py", line 185, in new
    load_modules(
  File "D:\odoo19\odoo\modules\loading.py", line 449, in load_modules
    load_module_graph(
  File "D:\odoo19\odoo\modules\loading.py", line 169, in load_module_graph
    load_openerp_module(package.name)
  File "D:\odoo19\odoo\modules\module.py", line 505, in load_openerp_module
    __import__(qualname)
  File "d:\odoolocal\odoo19\odoo_19\rental_management\__init__.py", line 6, in <module>
    from . import controllers
  File "d:\odoolocal\odoo19\odoo_19\rental_management\controllers\__init__.py", line 1, in <module>
    from . import main
  File "d:\odoolocal\odoo19\odoo_19\rental_management\controllers\main.py", line 121, in <module>
    class PropertyImageController(http.Controller):
 
2025-10-26 06:52:32,881 9008 ERROR scholarixglobal odoo.registry: Failed to load registry 
2025-10-26 06:52:32,881 9008 CRITICAL scholarixglobal odoo.service.server: Failed to initialize database `scholarixglobal`. 
Traceback (most recent call last):
  File "D:\odoo19\odoo\service\server.py", line 1509, in preload_registries
    registry = Registry.new(dbname, update_module=update_module, install_modules=config['init'], upgrade_modules=config['update'], reinit_modules=config['reinit'])
  File "D:\odoo19\odoo\tools\func.py", line 88, in locked
    return func(inst, *args, **kwargs)
  File "D:\odoo19\odoo\orm\registry.py", line 185, in new
    load_modules(
    ~~~~~~~~~~~~^
        registry,
        ^^^^^^^^^
    ...<4 lines>...
        new_db_demo=new_db_demo,
        ^^^^^^^^^^^^^^^^^^^^^^^^
    )
    ^
  File "D:\odoo19\odoo\modules\loading.py", line 449, in load_modules
    load_module_graph(
    ~~~~~~~~~~~~~~~~~^
        env, graph, update_module=update_module,
        ^^^^^^^^^^^^^^^^^^^^^^^^^^^^^^^^^^^^^^^^
        report=report, models_to_check=models_to_check)
        ^^^^^^^^^^^^^^^^^^^^^^^^^^^^^^^^^^^^^^^^^^^^^^^
  File "D:\odoo19\odoo\modules\loading.py", line 204, in load_module_graph
    load_data(env, idref, 'init', kind='data', package=package)
    ~~~~~~~~~^^^^^^^^^^^^^^^^^^^^^^^^^^^^^^^^^^^^^^^^^^^^^^^^^^
  File "D:\odoo19\odoo\modules\loading.py", line 58, in load_data
    convert_file(env, package.name, filename, idref, mode, noupdate=kind == 'demo')
    ~~~~~~~~~~~~^^^^^^^^^^^^^^^^^^^^^^^^^^^^^^^^^^^^^^^^^^^^^^^^^^^^^^^^^^^^^^^^^^^
  File "D:\odoo19\odoo\tools\convert.py", line 646, in convert_file
    convert_xml_import(env, module, fp, idref, mode, noupdate)
    ~~~~~~~~~~~~~~~~~~^^^^^^^^^^^^^^^^^^^^^^^^^^^^^^^^^^^^^^^^
  File "D:\odoo19\odoo\tools\convert.py", line 745, in convert_xml_import
    obj.parse(doc.getroot())
    ~~~~~~~~~^^^^^^^^^^^^^^^
  File "D:\odoo19\odoo\tools\convert.py", line 616, in parse
    self._tag_root(de)
    ~~~~~~~~~~~~~~^^^^
  File "D:\odoo19\odoo\tools\convert.py", line 559, in _tag_root
    f(rec)
    ~^^^^^
  File "D:\odoo19\odoo\tools\convert.py", line 570, in _tag_root
    raise ParseError(msg) from None  # Restart with "--log-handler odoo.tools.convert:DEBUG" for complete traceback
    ^^^^^^^^^^^^^^^^^^^^^^^^^^^^^^^
odoo.tools.convert.ParseError: while parsing file:/d:/odoolocal/odoo19/odoo_19/rental_management/wizard/contract_wizard_view.xml:4
Error while validating view near:

                            <field name="extra_service_ids" nolabel="1" colspan="2">
                                <tree>
                                    <field name="service_id"/>
                                    <field name="service_type"/>
                                    <field name="price"/>

Field "service_id" does not exist in model "contract.wizard"

View error context:
{'file': 'd:\\odoolocal\\odoo19\\odoo_19\\rental_management\\wizard\\contract_wizard_view.xml',
 'line': 130,
 'name': 'contract.wizard.form.view',
 'view': ir.ui.view(2000,),
 'view.model': 'contract.wizard',
 'view.parent': ir.ui.view(),
 'xmlid': 'contract_wizard_form_view'}

2025-10-26 06:56:43,865 36796 WARNING ? odoo.tools.config: missing --http-interface/http_interface, using 0.0.0.0 by default, will change to 127.0.0.1 in 20.0 
2025-10-26 06:56:43,866 36796 INFO ? odoo: Odoo version 19.0 
2025-10-26 06:56:43,866 36796 INFO ? odoo: Using configuration file at d:\odoo19\odoo.conf 
2025-10-26 06:56:43,866 36796 INFO ? odoo: addons paths: _NamespacePath(['D:\\odoo19\\odoo\\addons', 'C:\\Users\\branm\\AppData\\Local\\OpenERP S.A.\\Odoo\\addons\\19.0', 'd:\\odoo19\\addons', 'd:\\odoolocal\\odoo19\\odoo_19']) 
2025-10-26 06:56:43,866 36796 INFO ? odoo: database: odoo@localhost:5432 
2025-10-26 06:56:44,001 36796 WARNING ? py.warnings: C:\Users\branm\AppData\Roaming\Python\Python313\site-packages\PyPDF2\__init__.py:21: DeprecationWarning: PyPDF2 is deprecated. Please move to the pypdf library instead.
  File "D:\odoo19\odoo-bin", line 6, in <module>
    odoo.cli.main()
  File "D:\odoo19\odoo\cli\command.py", line 133, in main
    command().run(args)
  File "D:\odoo19\odoo\cli\server.py", line 127, in run
    main(args)
  File "D:\odoo19\odoo\cli\server.py", line 118, in main
    rc = server.start(preload=config['db_name'], stop=stop)
  File "D:\odoo19\odoo\service\server.py", line 1545, in start
    load_server_wide_modules()
  File "D:\odoo19\odoo\service\server.py", line 1461, in load_server_wide_modules
    load_openerp_module(m)
  File "D:\odoo19\odoo\modules\module.py", line 505, in load_openerp_module
    __import__(qualname)
  File "D:\odoo19\odoo\addons\base\__init__.py", line 4, in <module>
    from . import models
  File "D:\odoo19\odoo\addons\base\models\__init__.py", line 12, in <module>
    from . import ir_actions_report
  File "D:\odoo19\odoo\addons\base\models\ir_actions_report.py", line 32, in <module>
    from odoo.tools.pdf import PdfFileReader, PdfFileWriter, PdfReadError
  File "D:\odoo19\odoo\tools\pdf\__init__.py", line 33, in <module>
    import PyPDF2.filters  # needed after PyPDF2 2.0.0 and before 2.11.0
  File "C:\Users\branm\AppData\Roaming\Python\Python313\site-packages\PyPDF2\__init__.py", line 21, in <module>
    warnings.warn(
 
2025-10-26 06:56:44,241 36796 INFO ? odoo.service.server: HTTP service (werkzeug) running on Renbran:8069 
2025-10-26 06:57:43,870 36796 INFO ? odoo.modules.loading: loading 1 modules... 
2025-10-26 06:57:43,873 36796 INFO ? odoo.modules.loading: 1 modules loaded in 0.00s, 0 queries (+0 extra) 
2025-10-26 06:57:43,925 36796 INFO ? odoo.modules.loading: loading 76 modules... 
2025-10-26 06:57:45,235 36796 INFO ? odoo.modules.loading: 76 modules loaded in 1.31s, 0 queries (+6 extra) 
2025-10-26 06:57:45,464 36796 INFO ? odoo.modules.loading: Modules loaded. 
2025-10-26 06:57:45,549 36796 INFO ? odoo.registry: Registry loaded in 1.767s 
2025-10-26 06:57:45,555 36796 INFO scholarixglobal odoo.addons.base.models.ir_http: Generating routing map for key 1 
2025-10-26 06:57:45,595 36796 INFO scholarixglobal odoo.addons.base.models.res_device: User 2 inserts device log (TD0MX4K7sKKqNHRmdRTnVJTXjjVrTmiaiTO5mhWhUK) 
2025-10-26 06:57:45,634 36796 INFO scholarixglobal werkzeug: 127.0.0.1 - - [26/Oct/2025 06:57:45] "GET /websocket?version=saas-18.5-1 HTTP/1.1" 101 - 26 0.095 1.788
2025-10-26 06:57:45,635 36796 INFO scholarixglobal odoo.addons.base.models.ir_cron: Job 'Notification: Notify scheduled messages' (8) starting 
2025-10-26 06:57:45,642 36796 INFO scholarixglobal odoo.addons.base.models.ir_cron: Job 'Calendar: Event Reminder' (21) starting 
2025-10-26 06:57:45,710 36796 INFO scholarixglobal odoo.addons.base.models.ir_cron: Job 'Notification: Notify scheduled messages' (8) fully done (#loop 1; done 0; remaining 0; duration 0.08s) 
2025-10-26 06:57:45,721 36796 INFO scholarixglobal odoo.addons.base.models.ir_cron: Job 'Calendar: Event Reminder' (21) fully done (#loop 1; done 0; remaining 0; duration 0.08s) 
2025-10-26 06:57:45,736 36796 INFO scholarixglobal odoo.addons.base.models.ir_cron: Job 'HR Employee: Notify Expiring Contract or Work Permit' (24) starting 
2025-10-26 06:57:45,746 36796 INFO scholarixglobal odoo.addons.base.models.ir_cron: Job 'HR Employee: Update Current Version' (25) starting 
2025-10-26 06:57:45,764 36796 INFO scholarixglobal odoo.addons.base.models.ir_cron: Job 'HR Employee: Notify Expiring Contract or Work Permit' (24) fully done (#loop 1; done 0; remaining 0; duration 0.03s) 
2025-10-26 06:57:45,773 36796 INFO scholarixglobal odoo.addons.base.models.ir_cron: Job 'Disable unused snippets assets' (26) starting 
2025-10-26 06:57:45,807 36796 INFO scholarixglobal odoo.addons.base.models.ir_cron: Job 'HR Employee: Update Current Version' (25) fully done (#loop 1; done 0; remaining 0; duration 0.06s) 
2025-10-26 06:57:45,817 36796 INFO scholarixglobal odoo.addons.base.models.ir_cron: Job 'Website Visitor : clean inactive visitors' (27) starting 
2025-10-26 06:57:45,837 36796 INFO scholarixglobal odoo.addons.base.models.ir_cron: Job 'Website Visitor : clean inactive visitors' (27) fully done (#loop 1; done 0; remaining 0; duration 0.02s) 
2025-10-26 06:57:45,842 36796 INFO scholarixglobal odoo.addons.base.models.ir_cron: Job 'Skills: Add an activity to employees with missing or expiring certifications' (28) starting 
2025-10-26 06:57:45,860 36796 INFO scholarixglobal odoo.addons.base.models.ir_cron: Job 'Skills: Add an activity to employees with missing or expiring certifications' (28) fully done (#loop 1; done 0; remaining 0; duration 0.02s) 
2025-10-26 06:57:45,865 36796 INFO scholarixglobal odoo.addons.base.models.ir_cron: Job 'Mail: Email Queue Manager' (3) starting 
2025-10-26 06:57:45,886 36796 INFO scholarixglobal odoo.addons.base.models.ir_cron: Job 'Mail: Email Queue Manager' (3) fully done (#loop 1; done 0; remaining 0; duration 0.02s) 
2025-10-26 06:57:46,000 36796 INFO scholarixglobal werkzeug: 127.0.0.1 - - [26/Oct/2025 06:57:46] "POST /bus/has_missed_notifications HTTP/1.1" 200 - 2 0.002 0.005
2025-10-26 06:57:46,026 36796 INFO ? odoo.addons.bus.models.bus: Bus.loop listen imbus on db postgres 
2025-10-26 06:57:47,511 36796 INFO scholarixglobal odoo.addons.base.models.ir_cron: Job 'Disable unused snippets assets' (26) fully done (#loop 1; done 0; remaining 0; duration 1.74s) 
2025-10-26 07:41:56,295 13052 WARNING ? odoo.tools.config: missing --http-interface/http_interface, using 0.0.0.0 by default, will change to 127.0.0.1 in 20.0 
2025-10-26 07:41:56,296 13052 INFO ? odoo: Odoo version 19.0 
2025-10-26 07:41:56,296 13052 INFO ? odoo: Using configuration file at d:\odoo19\odoo.conf 
2025-10-26 07:41:56,296 13052 INFO ? odoo: addons paths: _NamespacePath(['D:\\odoo19\\odoo\\addons', 'C:\\Users\\branm\\AppData\\Local\\OpenERP S.A.\\Odoo\\addons\\19.0', 'd:\\odoo19\\addons', 'd:\\odoolocal\\odoo19\\odoo_19', 'd:\\cybroaddons']) 
2025-10-26 07:41:56,296 13052 INFO ? odoo: database: odoo@localhost:5432 
2025-10-26 07:41:56,566 13052 WARNING ? py.warnings: C:\Users\branm\AppData\Roaming\Python\Python313\site-packages\PyPDF2\__init__.py:21: DeprecationWarning: PyPDF2 is deprecated. Please move to the pypdf library instead.
  File "D:\odoo19\odoo-bin", line 6, in <module>
    odoo.cli.main()
  File "D:\odoo19\odoo\cli\command.py", line 133, in main
    command().run(args)
  File "D:\odoo19\odoo\cli\server.py", line 127, in run
    main(args)
  File "D:\odoo19\odoo\cli\server.py", line 118, in main
    rc = server.start(preload=config['db_name'], stop=stop)
  File "D:\odoo19\odoo\service\server.py", line 1545, in start
    load_server_wide_modules()
  File "D:\odoo19\odoo\service\server.py", line 1461, in load_server_wide_modules
    load_openerp_module(m)
  File "D:\odoo19\odoo\modules\module.py", line 505, in load_openerp_module
    __import__(qualname)
  File "D:\odoo19\odoo\addons\base\__init__.py", line 4, in <module>
    from . import models
  File "D:\odoo19\odoo\addons\base\models\__init__.py", line 12, in <module>
    from . import ir_actions_report
  File "D:\odoo19\odoo\addons\base\models\ir_actions_report.py", line 32, in <module>
    from odoo.tools.pdf import PdfFileReader, PdfFileWriter, PdfReadError
  File "D:\odoo19\odoo\tools\pdf\__init__.py", line 33, in <module>
    import PyPDF2.filters  # needed after PyPDF2 2.0.0 and before 2.11.0
  File "C:\Users\branm\AppData\Roaming\Python\Python313\site-packages\PyPDF2\__init__.py", line 21, in <module>
    warnings.warn(
 
2025-10-26 07:41:57,063 13052 INFO ? odoo.service.server: HTTP service (werkzeug) running on Renbran:8069 
2025-10-26 07:41:57,500 13052 INFO ? odoo.modules.loading: loading 1 modules... 
2025-10-26 07:41:57,504 13052 INFO ? odoo.modules.loading: 1 modules loaded in 0.00s, 0 queries (+0 extra) 
2025-10-26 07:41:57,593 13052 INFO ? odoo.modules.loading: loading 76 modules... 
2025-10-26 07:41:59,309 13052 INFO ? odoo.modules.loading: 76 modules loaded in 1.72s, 0 queries (+0 extra) 
2025-10-26 07:41:59,469 13052 INFO ? odoo.modules.loading: Modules loaded. 
2025-10-26 07:41:59,521 13052 INFO ? odoo.registry: Registry loaded in 2.122s 
2025-10-26 07:41:59,527 13052 INFO scholarixglobal odoo.addons.base.models.ir_http: Generating routing map for key 1 
2025-10-26 07:41:59,567 13052 INFO scholarixglobal werkzeug: 127.0.0.1 - - [26/Oct/2025 07:41:59] "GET /websocket?version=saas-18.5-1 HTTP/1.1" 101 - 25 0.124 2.048
2025-10-26 07:41:59,952 13052 INFO ? odoo.addons.bus.models.bus: Bus.loop listen imbus on db postgres 
2025-10-26 07:41:59,989 13052 INFO scholarixglobal werkzeug: 127.0.0.1 - - [26/Oct/2025 07:41:59] "POST /bus/has_missed_notifications HTTP/1.1" 200 - 2 0.001 0.002
2025-10-26 07:53:58,028 13052 INFO scholarixglobal odoo.addons.base.models.ir_cron: Job 'Notification: Notify scheduled messages' (8) starting 
2025-10-26 07:53:58,183 13052 INFO scholarixglobal odoo.addons.base.models.ir_cron: Job 'Notification: Notify scheduled messages' (8) fully done (#loop 1; done 0; remaining 0; duration 0.16s) 
2025-10-26 07:53:58,208 13052 INFO scholarixglobal odoo.addons.base.models.ir_cron: Job 'Digest Emails' (14) starting 
2025-10-26 07:53:58,680 13052 INFO scholarixglobal odoo.addons.base.models.ir_cron: Job 'Digest Emails' (14) fully done (#loop 1; done 0; remaining 0; duration 0.47s) 
2025-10-26 07:53:58,684 13052 INFO scholarixglobal odoo.addons.base.models.ir_cron: Job 'Mail: Email Queue Manager' (3) starting 
2025-10-26 07:54:02,840 13052 INFO scholarixglobal odoo.addons.base.models.ir_cron: Job 'Mail: Email Queue Manager' (3) fully done (#loop 1; done 0; remaining 0; duration 4.16s) 
2025-10-26 08:54:08,137 13052 INFO scholarixglobal odoo.addons.base.models.ir_cron: Job 'Notification: Notify scheduled messages' (8) starting 
2025-10-26 08:54:08,313 13052 INFO scholarixglobal odoo.addons.base.models.ir_cron: Job 'Notification: Notify scheduled messages' (8) fully done (#loop 1; done 0; remaining 0; duration 0.18s) 
2025-10-26 08:54:08,322 13052 INFO scholarixglobal odoo.addons.base.models.ir_cron: Job 'Mail: Email Queue Manager' (3) starting 
2025-10-26 08:54:08,337 13052 INFO scholarixglobal odoo.addons.base.models.ir_cron: Job 'Mail: Email Queue Manager' (3) fully done (#loop 1; done 0; remaining 0; duration 0.02s) 
2025-10-26 09:08:48,253 13052 INFO scholarixglobal odoo.addons.base.models.res_device: User 2 inserts device log (TD0MX4K7sKKqNHRmdRTnVJTXjjVrTmiaiTO5mhWhUK) 
2025-10-26 09:08:48,301 13052 INFO scholarixglobal werkzeug: 127.0.0.1 - - [26/Oct/2025 09:08:48] "GET /websocket?version=saas-18.5-1 HTTP/1.1" 101 - 3 0.009 0.097
2025-10-26 09:08:48,682 13052 INFO scholarixglobal werkzeug: 127.0.0.1 - - [26/Oct/2025 09:08:48] "POST /bus/has_missed_notifications HTTP/1.1" 200 - 2 0.003 0.008
2025-10-26 09:53:17,786 13052 INFO scholarixglobal odoo.addons.base.models.ir_cron: Job 'Notification: Notify scheduled messages' (8) starting 
2025-10-26 09:53:17,938 13052 INFO scholarixglobal odoo.addons.base.models.ir_cron: Job 'Notification: Notify scheduled messages' (8) fully done (#loop 1; done 0; remaining 0; duration 0.15s) 
2025-10-26 09:53:17,950 13052 INFO scholarixglobal odoo.addons.base.models.ir_cron: Job 'Mail: Email Queue Manager' (3) starting 
2025-10-26 09:53:17,967 13052 INFO scholarixglobal odoo.addons.base.models.ir_cron: Job 'Mail: Email Queue Manager' (3) fully done (#loop 1; done 0; remaining 0; duration 0.02s) 
2025-10-26 10:38:06,086 13052 INFO scholarixglobal odoo.addons.base.models.res_device: User 2 inserts device log (TD0MX4K7sKKqNHRmdRTnVJTXjjVrTmiaiTO5mhWhUK) 
2025-10-26 10:38:06,106 13052 INFO scholarixglobal werkzeug: 127.0.0.1 - - [26/Oct/2025 10:38:06] "GET /websocket?version=saas-18.5-1 HTTP/1.1" 101 - 2 0.004 0.070
2025-10-26 10:38:06,523 13052 INFO scholarixglobal werkzeug: 127.0.0.1 - - [26/Oct/2025 10:38:06] "POST /bus/has_missed_notifications HTTP/1.1" 200 - 2 0.016 0.064
2025-10-26 10:53:18,097 13052 INFO scholarixglobal odoo.addons.base.models.ir_cron: Job 'Notification: Notify scheduled messages' (8) starting 
2025-10-26 10:53:18,202 13052 INFO scholarixglobal odoo.addons.base.models.ir_cron: Job 'Notification: Notify scheduled messages' (8) fully done (#loop 1; done 0; remaining 0; duration 0.11s) 
2025-10-26 10:53:18,210 13052 INFO scholarixglobal odoo.addons.base.models.ir_cron: Job 'Mail: Email Queue Manager' (3) starting 
2025-10-26 10:53:18,223 13052 INFO scholarixglobal odoo.addons.base.models.ir_cron: Job 'Mail: Email Queue Manager' (3) fully done (#loop 1; done 0; remaining 0; duration 0.01s) 
2025-10-26 11:09:43,118 13052 INFO scholarixglobal werkzeug: 127.0.0.1 - - [26/Oct/2025 11:09:43] "POST /web/dataset/call_kw/ir.module.module/search_panel_select_range#ir.module.module.search_panel_select_range HTTP/1.1" 200 - 7 0.030 0.224
2025-10-26 11:09:43,121 13052 INFO scholarixglobal werkzeug: 127.0.0.1 - - [26/Oct/2025 11:09:43] "POST /web/dataset/call_kw/ir.module.module/check_module_update#ir.module.module.check_module_update HTTP/1.1" 200 - 2 0.010 0.213
2025-10-26 11:09:43,121 13052 INFO scholarixglobal werkzeug: 127.0.0.1 - - [26/Oct/2025 11:09:43] "POST /web/dataset/call_kw/ir.module.module/search_panel_select_range#ir.module.module.search_panel_select_range HTTP/1.1" 200 - 44 0.113 0.132
2025-10-26 11:09:43,136 13052 INFO scholarixglobal werkzeug: 127.0.0.1 - - [26/Oct/2025 11:09:43] "POST /web/dataset/call_kw/ir.module.module/check_module_update#ir.module.module.check_module_update HTTP/1.1" 200 - 2 0.013 0.220
2025-10-26 11:09:44,294 13052 INFO scholarixglobal werkzeug: 127.0.0.1 - - [26/Oct/2025 11:09:44] "POST /web/dataset/call_kw/ir.module.module/web_search_read#ir.module.module.web_search_read HTTP/1.1" 200 - 4 0.045 1.365
2025-10-26 11:09:44,364 13052 INFO ? werkzeug: 127.0.0.1 - - [26/Oct/2025 11:09:44] "GET /rental_management/static/description/icon.png HTTP/1.1" 200 - 0 0.000 0.016
2025-10-26 11:09:47,551 13052 INFO scholarixglobal odoo.addons.base.models.ir_module: ALLOW access to module.button_immediate_install on ['Advanced Property Sale & Rental Management | Real Estate | Property Sales | Property Rental | Property Management'] to user info@scholarixglobal.com #2 via 127.0.0.1 
2025-10-26 11:09:47,553 13052 INFO scholarixglobal odoo.addons.base.models.ir_module: User #2 triggered module installation 
2025-10-26 11:09:47,560 13052 INFO scholarixglobal odoo.addons.base.models.ir_module: ALLOW access to module.button_install on ['Advanced Property Sale & Rental Management | Real Estate | Property Sales | Property Rental | Property Management'] to user info@scholarixglobal.com #2 via 127.0.0.1 
2025-10-26 11:09:47,822 13052 INFO scholarixglobal odoo.modules.loading: loading 1 modules... 
2025-10-26 11:09:47,870 13052 INFO scholarixglobal odoo.modules.loading: 1 modules loaded in 0.05s, 0 queries (+0 extra) 
2025-10-26 11:09:47,947 13052 INFO scholarixglobal odoo.modules.loading: updating modules list 
2025-10-26 11:09:47,956 13052 INFO scholarixglobal odoo.addons.base.models.ir_module: ALLOW access to module.update_list on [] to user __system__ #1 via 127.0.0.1 
2025-10-26 11:09:59,176 13052 INFO scholarixglobal odoo.modules.loading: loading 77 modules... 
2025-10-26 11:09:59,290 13052 INFO scholarixglobal odoo.modules.loading: Loading module rental_management (77/77) 
2025-10-26 11:09:59,894 13052 WARNING scholarixglobal py.warnings: d:\odoolocal\odoo19\odoo_19\rental_management\controllers\main.py:121: DeprecationWarning: Since 19.0, @route(type='json') is a deprecated alias to @route(type='jsonrpc')
  File "C:\Program Files\Python313\Lib\threading.py", line 1012, in _bootstrap
    self._bootstrap_inner()
  File "C:\Program Files\Python313\Lib\threading.py", line 1041, in _bootstrap_inner
    self.run()
  File "C:\Program Files\Python313\Lib\threading.py", line 992, in run
    self._target(*self._args, **self._kwargs)
  File "C:\Program Files\Python313\Lib\socketserver.py", line 697, in process_request_thread
    self.finish_request(request, client_address)
  File "C:\Program Files\Python313\Lib\socketserver.py", line 362, in finish_request
    self.RequestHandlerClass(request, client_address, self)
  File "C:\Program Files\Python313\Lib\socketserver.py", line 766, in __init__
    self.handle()
  File "C:\Users\branm\AppData\Roaming\Python\Python313\site-packages\werkzeug\serving.py", line 398, in handle
    super().handle()
  File "C:\Program Files\Python313\Lib\http\server.py", line 436, in handle
    self.handle_one_request()
  File "C:\Program Files\Python313\Lib\http\server.py", line 424, in handle_one_request
    method()
  File "C:\Users\branm\AppData\Roaming\Python\Python313\site-packages\werkzeug\serving.py", line 370, in run_wsgi
    execute(self.server.app)
  File "C:\Users\branm\AppData\Roaming\Python\Python313\site-packages\werkzeug\serving.py", line 331, in execute
    application_iter = app(environ, start_response)
  File "D:\odoo19\odoo\http.py", line 2785, in __call__
    response = request._serve_db()
  File "D:\odoo19\odoo\http.py", line 2266, in _serve_db
    return service_model.retrying(serve_func, env=self.env)
  File "D:\odoo19\odoo\service\model.py", line 184, in retrying
    result = func()
  File "D:\odoo19\odoo\http.py", line 2313, in _serve_ir_http
    response = self.dispatcher.dispatch(rule.endpoint, args)
  File "D:\odoo19\odoo\http.py", line 2528, in dispatch
    result = self.request.registry['ir.http']._dispatch(endpoint)
  File "D:\odoo19\odoo\addons\base\models\ir_http.py", line 357, in _dispatch
    result = endpoint(**request.params)
  File "D:\odoo19\odoo\http.py", line 788, in route_wrapper
    result = endpoint(self, *args, **params_ok)
  File "d:\odoo19\addons\web\controllers\dataset.py", line 38, in call_button
    action = call_kw(request.env[model], method, args, kwargs)
  File "D:\odoo19\odoo\service\model.py", line 93, in call_kw
    result = method(recs, *args, **kwargs)
  File "D:\odoo19\odoo\addons\base\models\ir_module.py", line 70, in check_and_log
    return method(self, *args, **kwargs)
  File "D:\odoo19\odoo\addons\base\models\ir_module.py", line 479, in button_immediate_install
    return self._button_immediate_function(self.env.registry[self._name].button_install)
  File "D:\odoo19\odoo\addons\base\models\ir_module.py", line 620, in _button_immediate_function
    registry = modules.registry.Registry.new(self.env.cr.dbname, update_module=True)
  File "D:\odoo19\odoo\tools\func.py", line 88, in locked
    return func(inst, *args, **kwargs)
  File "D:\odoo19\odoo\orm\registry.py", line 185, in new
    load_modules(
  File "D:\odoo19\odoo\modules\loading.py", line 449, in load_modules
    load_module_graph(
  File "D:\odoo19\odoo\modules\loading.py", line 169, in load_module_graph
    load_openerp_module(package.name)
  File "D:\odoo19\odoo\modules\module.py", line 505, in load_openerp_module
    __import__(qualname)
  File "d:\odoolocal\odoo19\odoo_19\rental_management\__init__.py", line 6, in <module>
    from . import controllers
  File "d:\odoolocal\odoo19\odoo_19\rental_management\controllers\__init__.py", line 1, in <module>
    from . import main
  File "d:\odoolocal\odoo19\odoo_19\rental_management\controllers\main.py", line 121, in <module>
    class PropertyImageController(http.Controller):
 
2025-10-26 11:10:00,401 13052 INFO scholarixglobal odoo.registry: module rental_management: creating or updating database tables 
2025-10-26 11:10:00,931 13052 WARNING scholarixglobal odoo.addons.base.models.ir_model: Two fields (properties_ids, properties) of res.partner() have the same label: Properties. [Modules: rental_management and base] 
2025-10-26 11:10:00,932 13052 WARNING scholarixglobal odoo.addons.base.models.ir_model: Two fields (properties_ids, properties) of res.users() have the same label: Properties. [Modules: None and None] 
2025-10-26 11:10:03,379 13052 INFO scholarixglobal odoo.modules.loading: loading rental_management/security/groups.xml 
2025-10-26 11:10:03,476 13052 INFO scholarixglobal odoo.modules.loading: loading rental_management/security/ir.model.access.csv 
2025-10-26 11:10:04,547 13052 WARNING scholarixglobal odoo.models: Creating record maintenance.access_maintenance_request_portal in module rental_management. 
2025-10-26 11:10:04,575 13052 INFO scholarixglobal odoo.modules.loading: loading rental_management/security/security.xml 
2025-10-26 11:10:04,622 13052 INFO scholarixglobal odoo.modules.loading: loading rental_management/data/ir_cron.xml 
2025-10-26 11:10:04,770 13052 INFO scholarixglobal odoo.modules.loading: loading rental_management/data/sequence.xml 
2025-10-26 11:10:04,794 13052 INFO scholarixglobal odoo.modules.loading: loading rental_management/data/property_product_data.xml 
2025-10-26 11:10:05,277 13052 INFO scholarixglobal odoo.modules.loading: loading rental_management/data/payment_plan_template_data.xml 
2025-10-26 11:10:05,331 13052 INFO scholarixglobal odoo.modules.loading: loading rental_management/data/update_ir_cron.xml 
2025-10-26 11:10:05,359 13052 INFO scholarixglobal odoo.modules.loading: loading rental_management/wizard/contract_wizard_view.xml 
2025-10-26 11:10:05,674 13052 WARNING scholarixglobal odoo.modules.loading: Transient module states were reset 
2025-10-26 11:10:05,676 13052 ERROR scholarixglobal odoo.registry: Failed to load registry 
2025-10-26 11:10:05,679 13052 INFO scholarixglobal odoo.modules.loading: loading 1 modules... 
2025-10-26 11:10:05,681 13052 INFO scholarixglobal odoo.modules.loading: 1 modules loaded in 0.00s, 0 queries (+0 extra) 
2025-10-26 11:10:05,682 13052 INFO scholarixglobal odoo.modules.loading: loading 76 modules... 
2025-10-26 11:10:05,706 13052 INFO scholarixglobal odoo.modules.loading: 76 modules loaded in 0.02s, 0 queries (+0 extra) 
2025-10-26 11:10:06,134 13052 INFO scholarixglobal odoo.modules.loading: Modules loaded. 
2025-10-26 11:10:06,167 13052 INFO scholarixglobal odoo.registry: Registry loaded in 0.491s 
2025-10-26 11:10:06,218 13052 ERROR scholarixglobal odoo.http: Exception during request handling. 
Traceback (most recent call last):
  File "D:\odoo19\odoo\http.py", line 2785, in __call__
    response = request._serve_db()
  File "D:\odoo19\odoo\http.py", line 2268, in _serve_db
    raise self._update_served_exception(exc)
  File "D:\odoo19\odoo\http.py", line 2266, in _serve_db
    return service_model.retrying(serve_func, env=self.env)
           ~~~~~~~~~~~~~~~~~~~~~~^^^^^^^^^^^^^^^^^^^^^^^^^^
  File "D:\odoo19\odoo\service\model.py", line 184, in retrying
    result = func()
  File "D:\odoo19\odoo\http.py", line 2313, in _serve_ir_http
    response = self.dispatcher.dispatch(rule.endpoint, args)
  File "D:\odoo19\odoo\http.py", line 2528, in dispatch
    result = self.request.registry['ir.http']._dispatch(endpoint)
  File "D:\odoo19\odoo\addons\base\models\ir_http.py", line 357, in _dispatch
    result = endpoint(**request.params)
  File "D:\odoo19\odoo\http.py", line 788, in route_wrapper
    result = endpoint(self, *args, **params_ok)
  File "d:\odoo19\addons\web\controllers\dataset.py", line 38, in call_button
    action = call_kw(request.env[model], method, args, kwargs)
  File "D:\odoo19\odoo\service\model.py", line 93, in call_kw
    result = method(recs, *args, **kwargs)
  File "D:\odoo19\odoo\addons\base\models\ir_module.py", line 70, in check_and_log
    return method(self, *args, **kwargs)
  File "D:\odoo19\odoo\addons\base\models\ir_module.py", line 479, in button_immediate_install
    return self._button_immediate_function(self.env.registry[self._name].button_install)
           ~~~~~~~~~~~~~~~~~~~~~~~~~~~~~~~^^^^^^^^^^^^^^^^^^^^^^^^^^^^^^^^^^^^^^^^^^^^^^
  File "D:\odoo19\odoo\addons\base\models\ir_module.py", line 620, in _button_immediate_function
    registry = modules.registry.Registry.new(self.env.cr.dbname, update_module=True)
  File "D:\odoo19\odoo\tools\func.py", line 88, in locked
    return func(inst, *args, **kwargs)
  File "D:\odoo19\odoo\orm\registry.py", line 185, in new
    load_modules(
    ~~~~~~~~~~~~^
        registry,
        ^^^^^^^^^
    ...<4 lines>...
        new_db_demo=new_db_demo,
        ^^^^^^^^^^^^^^^^^^^^^^^^
    )
    ^
  File "D:\odoo19\odoo\modules\loading.py", line 449, in load_modules
    load_module_graph(
    ~~~~~~~~~~~~~~~~~^
        env, graph, update_module=update_module,
        ^^^^^^^^^^^^^^^^^^^^^^^^^^^^^^^^^^^^^^^^
        report=report, models_to_check=models_to_check)
        ^^^^^^^^^^^^^^^^^^^^^^^^^^^^^^^^^^^^^^^^^^^^^^^
  File "D:\odoo19\odoo\modules\loading.py", line 204, in load_module_graph
    load_data(env, idref, 'init', kind='data', package=package)
    ~~~~~~~~~^^^^^^^^^^^^^^^^^^^^^^^^^^^^^^^^^^^^^^^^^^^^^^^^^^
  File "D:\odoo19\odoo\modules\loading.py", line 58, in load_data
    convert_file(env, package.name, filename, idref, mode, noupdate=kind == 'demo')
    ~~~~~~~~~~~~^^^^^^^^^^^^^^^^^^^^^^^^^^^^^^^^^^^^^^^^^^^^^^^^^^^^^^^^^^^^^^^^^^^
  File "D:\odoo19\odoo\tools\convert.py", line 646, in convert_file
    convert_xml_import(env, module, fp, idref, mode, noupdate)
    ~~~~~~~~~~~~~~~~~~^^^^^^^^^^^^^^^^^^^^^^^^^^^^^^^^^^^^^^^^
  File "D:\odoo19\odoo\tools\convert.py", line 745, in convert_xml_import
    obj.parse(doc.getroot())
    ~~~~~~~~~^^^^^^^^^^^^^^^
  File "D:\odoo19\odoo\tools\convert.py", line 616, in parse
    self._tag_root(de)
    ~~~~~~~~~~~~~~^^^^
  File "D:\odoo19\odoo\tools\convert.py", line 559, in _tag_root
    f(rec)
    ~^^^^^
  File "D:\odoo19\odoo\tools\convert.py", line 570, in _tag_root
    raise ParseError(msg) from None  # Restart with "--log-handler odoo.tools.convert:DEBUG" for complete traceback
    ^^^^^^^^^^^^^^^^^^^^^^^^^^^^^^^
odoo.tools.convert.ParseError: while parsing file:/d:/odoolocal/odoo19/odoo_19/rental_management/wizard/contract_wizard_view.xml:4
Error while validating view near:

                            <field name="extra_service_ids" nolabel="1" colspan="2">
                                <tree>
                                    <field name="service_id"/>
                                    <field name="service_type"/>
                                    <field name="price"/>

Field "service_id" does not exist in model "contract.wizard"

View error context:
{'file': 'd:\\odoolocal\\odoo19\\odoo_19\\rental_management\\wizard\\contract_wizard_view.xml',
 'line': 130,
 'name': 'contract.wizard.form.view',
 'view': ir.ui.view(2001,),
 'view.model': 'contract.wizard',
 'view.parent': ir.ui.view(),
 'xmlid': 'contract_wizard_form_view'}

2025-10-26 11:10:06,227 13052 INFO scholarixglobal werkzeug: 127.0.0.1 - - [26/Oct/2025 11:10:06] "POST /web/dataset/call_button/ir.module.module/button_immediate_install#ir.module.module.button_immediate_install HTTP/1.1" 200 - 4514 3.494 15.198
2025-10-26 11:37:24,010 13052 INFO scholarixglobal odoo.addons.base.models.ir_http: Generating routing map for key 1 
2025-10-26 11:37:26,687 13052 INFO scholarixglobal werkzeug: 127.0.0.1 - - [26/Oct/2025 11:37:26] "POST /web/action/load HTTP/1.1" 200 - 11 0.264 0.169
2025-10-26 11:37:26,901 13052 INFO scholarixglobal werkzeug: 127.0.0.1 - - [26/Oct/2025 11:37:26] "POST /web/dataset/call_kw/base.module.update/get_views#base.module.update.get_views HTTP/1.1" 200 - 14 0.044 0.056
2025-10-26 11:37:27,064 13052 INFO scholarixglobal werkzeug: 127.0.0.1 - - [26/Oct/2025 11:37:27] "GET /odoo/apps HTTP/1.1" 200 - 98 0.193 2.967
2025-10-26 11:37:27,803 13052 INFO scholarixglobal werkzeug: 127.0.0.1 - - [26/Oct/2025 11:37:27] "GET /web/webclient/load_menus HTTP/1.1" 200 - 17 0.069 0.163
2025-10-26 11:37:51,678 13052 INFO scholarixglobal odoo.addons.base.models.assetsbundle: Generating a new asset bundle attachment /web/assets/047c427/web.assets_web.min.css (id:723) 
2025-10-26 11:37:51,679 13052 INFO scholarixglobal odoo.addons.base.models.assetsbundle: Deleting attachments [483] (matching /web/assets/_______/web.assets_web.min.css) because it was replaced with /web/assets/047c427/web.assets_web.min.css 
2025-10-26 11:37:51,891 13052 INFO scholarixglobal werkzeug: 127.0.0.1 - - [26/Oct/2025 11:37:51] "GET /web/assets/047c427/web.assets_web.min.css HTTP/1.1" 200 - 35 0.190 24.131
2025-10-26 11:38:05,237 13052 INFO scholarixglobal odoo.addons.base.models.assetsbundle: Generating a new asset bundle attachment /web/assets/b2b9811/web.assets_web_print.min.css (id:724) 
2025-10-26 11:38:05,239 13052 INFO scholarixglobal odoo.addons.base.models.assetsbundle: Deleting attachments [484] (matching /web/assets/_______/web.assets_web_print.min.css) because it was replaced with /web/assets/b2b9811/web.assets_web_print.min.css 
2025-10-26 11:38:05,274 13052 INFO scholarixglobal werkzeug: 127.0.0.1 - - [26/Oct/2025 11:38:05] "GET /web/assets/b2b9811/web.assets_web_print.min.css HTTP/1.1" 200 - 29 0.047 13.008
2025-10-26 11:38:58,588 13052 INFO scholarixglobal odoo.addons.base.models.assetsbundle: Generating a new asset bundle attachment /web/assets/7574351/web.assets_web.min.js (id:725) 
2025-10-26 11:38:58,591 13052 INFO scholarixglobal odoo.addons.base.models.assetsbundle: Deleting attachments [485] (matching /web/assets/_______/web.assets_web.min.js) because it was replaced with /web/assets/7574351/web.assets_web.min.js 
2025-10-26 11:38:59,475 13052 INFO scholarixglobal werkzeug: 127.0.0.1 - - [26/Oct/2025 11:38:59] "GET /web/assets/7574351/web.assets_web.min.js HTTP/1.1" 200 - 32 0.054 92.167
2025-10-26 11:39:00,563 13052 INFO scholarixglobal odoo.addons.base.models.res_device: User 2 inserts device log (TD0MX4K7sKKqNHRmdRTnVJTXjjVrTmiaiTO5mhWhUK) 
2025-10-26 11:39:00,654 13052 INFO scholarixglobal odoo.addons.base.models.res_device: User 2 inserts device log (TD0MX4K7sKKqNHRmdRTnVJTXjjVrTmiaiTO5mhWhUK) 
2025-10-26 11:39:00,673 13052 INFO ? werkzeug: 127.0.0.1 - - [26/Oct/2025 11:39:00] "GET /web/static/img/favicon.ico HTTP/1.1" 200 - 0 0.000 0.133
2025-10-26 11:39:00,798 13052 INFO scholarixglobal werkzeug: 127.0.0.1 - - [26/Oct/2025 11:39:00] "GET /web/manifest.webmanifest HTTP/1.1" 200 - 9 0.110 0.132
2025-10-26 11:39:00,851 13052 INFO ? werkzeug: 127.0.0.1 - - [26/Oct/2025 11:39:00] "GET /web/static/img/odoo-icon-192x192.png HTTP/1.1" 200 - 0 0.000 0.028
2025-10-26 11:39:00,872 13052 INFO scholarixglobal werkzeug: 127.0.0.1 - - [26/Oct/2025 11:39:00] "GET /web/webclient/translations?hash=&lang=en_GB HTTP/1.1" 200 - 3 0.032 0.374
2025-10-26 11:39:01,269 13052 INFO scholarixglobal werkzeug: 127.0.0.1 - - [26/Oct/2025 11:39:01] "GET /web/bundle/web_tour.interactive?lang=en_GB&debug=1 HTTP/1.1" 200 - 3 0.004 0.045
2025-10-26 11:39:01,285 13052 INFO scholarixglobal werkzeug: 127.0.0.1 - - [26/Oct/2025 11:39:01] "GET /bus/websocket_worker_bundle?v=saas-18.5-1 HTTP/1.1" 200 - 4 0.003 0.040
2025-10-26 11:39:01,502 13052 INFO scholarixglobal werkzeug: 127.0.0.1 - - [26/Oct/2025 11:39:01] "GET /web/assets/2fe46d9/web_tour.interactive.min.js HTTP/1.1" 200 - 3 0.002 0.031
2025-10-26 11:39:01,653 13052 INFO scholarixglobal werkzeug: 127.0.0.1 - - [26/Oct/2025 11:39:01] "GET /websocket?version=saas-18.5-1 HTTP/1.1" 101 - 1 0.001 0.012
2025-10-26 11:39:02,102 13052 INFO scholarixglobal werkzeug: 127.0.0.1 - - [26/Oct/2025 11:39:02] "POST /mail/data HTTP/1.1" 200 - 33 0.036 0.081
2025-10-26 11:39:03,081 13052 INFO scholarixglobal werkzeug: 127.0.0.1 - - [26/Oct/2025 11:39:03] "GET /web/service-worker.js HTTP/1.1" 200 - 1 0.001 0.037
2025-10-26 11:53:24,431 13052 INFO scholarixglobal odoo.addons.base.models.ir_cron: Job 'Notification: Notify scheduled messages' (8) starting 
2025-10-26 11:53:24,682 13052 INFO scholarixglobal odoo.addons.base.models.ir_cron: Job 'Notification: Notify scheduled messages' (8) fully done (#loop 1; done 0; remaining 0; duration 0.26s) 
2025-10-26 11:53:24,710 13052 INFO scholarixglobal odoo.addons.base.models.ir_cron: Job 'Mail: Email Queue Manager' (3) starting 
2025-10-26 11:53:24,753 13052 INFO scholarixglobal odoo.addons.base.models.ir_cron: Job 'Mail: Email Queue Manager' (3) fully done (#loop 1; done 0; remaining 0; duration 0.04s) 
2025-10-26 12:29:47,263 13052 INFO scholarixglobal werkzeug: 127.0.0.1 - - [26/Oct/2025 12:29:47] "GET /odoo/apps HTTP/1.1" 200 - 27 0.047 0.334
2025-10-26 12:29:47,788 13052 INFO scholarixglobal werkzeug: 127.0.0.1 - - [26/Oct/2025 12:29:47] "GET /web/webclient/load_menus HTTP/1.1" 200 - 1 0.004 0.171
2025-10-26 12:29:47,788 13052 INFO scholarixglobal werkzeug: 127.0.0.1 - - [26/Oct/2025 12:29:47] "GET /web/assets/047c427/web.assets_web.min.css HTTP/1.1" 200 - 3 0.040 0.144
2025-10-26 12:29:47,907 13052 INFO scholarixglobal werkzeug: 127.0.0.1 - - [26/Oct/2025 12:29:47] "GET /web/assets/7574351/web.assets_web.min.js HTTP/1.1" 200 - 3 0.005 0.611
2025-10-26 12:29:48,113 13052 INFO scholarixglobal werkzeug: 127.0.0.1 - - [26/Oct/2025 12:29:48] "GET /web/webclient/translations?hash=81f9643ba56a006411064e9e08cec9c01eb175c8&lang=en_GB HTTP/1.1" 200 - 1 0.001 0.011
2025-10-26 12:29:48,432 13052 INFO scholarixglobal werkzeug: 127.0.0.1 - - [26/Oct/2025 12:29:48] "GET /web/bundle/web_tour.interactive?lang=en_GB&debug=1 HTTP/1.1" 200 - 1 0.001 0.016
2025-10-26 12:29:48,439 13052 INFO ? werkzeug: 127.0.0.1 - - [26/Oct/2025 12:29:48] "GET /web/static/src/libs/fontawesome/fonts/fontawesome-webfont.woff2?v=4.7.0 HTTP/1.1" 200 - 0 0.000 0.025
2025-10-26 12:29:48,440 13052 INFO ? werkzeug: 127.0.0.1 - - [26/Oct/2025 12:29:48] "GET /web/static/lib/odoo_ui_icons/fonts/odoo_ui_icons.woff2 HTTP/1.1" 200 - 0 0.000 0.027
2025-10-26 12:29:48,703 13052 INFO scholarixglobal werkzeug: 127.0.0.1 - - [26/Oct/2025 12:29:48] "POST /mail/data HTTP/1.1" 200 - 19 0.153 0.077
2025-10-26 12:29:48,726 13052 INFO scholarixglobal werkzeug: 127.0.0.1 - - [26/Oct/2025 12:29:48] "GET /web/image?model=res.users&field=avatar_128&id=2 HTTP/1.1" 200 - 15 0.154 0.095
2025-10-26 12:29:48,856 13052 INFO scholarixglobal werkzeug: 127.0.0.1 - - [26/Oct/2025 12:29:48] "GET /web/image/res.partner/3/avatar_128?unique=1761444714000 HTTP/1.1" 200 - 7 0.012 0.091
2025-10-26 12:29:48,856 13052 INFO scholarixglobal werkzeug: 127.0.0.1 - - [26/Oct/2025 12:29:48] "POST /web/dataset/call_kw/ir.module.module/get_views#ir.module.module.get_views HTTP/1.1" 200 - 42 0.127 0.256
2025-10-26 12:29:48,857 13052 INFO scholarixglobal werkzeug: 127.0.0.1 - - [26/Oct/2025 12:29:48] "GET /web/assets/2fe46d9/web_tour.interactive.min.js HTTP/1.1" 200 - 3 0.004 0.094
2025-10-26 12:29:48,881 13052 INFO scholarixglobal werkzeug: 127.0.0.1 - - [26/Oct/2025 12:29:48] "GET /web/assets/b2b9811/web.assets_web_print.min.css HTTP/1.1" 200 - 3 0.010 0.112
2025-10-26 12:29:49,030 13052 INFO scholarixglobal werkzeug: 127.0.0.1 - - [26/Oct/2025 12:29:49] "POST /web/dataset/call_kw/ir.module.module/search_panel_select_range#ir.module.module.search_panel_select_range HTTP/1.1" 200 - 1 0.001 0.010
2025-10-26 12:29:49,194 13052 INFO scholarixglobal werkzeug: 127.0.0.1 - - [26/Oct/2025 12:29:49] "POST /web/dataset/call_kw/ir.module.module/check_module_update#ir.module.module.check_module_update HTTP/1.1" 200 - 2 0.005 0.011
2025-10-26 12:29:49,240 13052 INFO scholarixglobal werkzeug: 127.0.0.1 - - [26/Oct/2025 12:29:49] "GET /web/manifest.webmanifest HTTP/1.1" 200 - 6 0.019 0.023
2025-10-26 12:29:49,251 13052 INFO scholarixglobal werkzeug: 127.0.0.1 - - [26/Oct/2025 12:29:49] "POST /web/dataset/call_kw/ir.module.module/search_panel_select_range#ir.module.module.search_panel_select_range HTTP/1.1" 200 - 43 0.054 0.023
2025-10-26 12:29:49,261 13052 INFO scholarixglobal werkzeug: 127.0.0.1 - - [26/Oct/2025 12:29:49] "GET /bus/websocket_worker_bundle?v=saas-18.5-1 HTTP/1.1" 200 - 3 0.003 0.029
2025-10-26 12:29:49,575 13052 INFO ? werkzeug: 127.0.0.1 - - [26/Oct/2025 12:29:49] "GET /web/static/img/odoo-icon-192x192.png HTTP/1.1" 200 - 0 0.000 0.013
2025-10-26 12:29:49,614 13052 INFO scholarixglobal werkzeug: 127.0.0.1 - - [26/Oct/2025 12:29:49] "GET /websocket?version=saas-18.5-1 HTTP/1.1" 101 - 1 0.001 0.005
2025-10-26 12:29:49,772 13052 INFO scholarixglobal werkzeug: 127.0.0.1 - - [26/Oct/2025 12:29:49] "POST /web/dataset/call_kw/ir.module.module/web_search_read#ir.module.module.web_search_read HTTP/1.1" 200 - 4 0.021 0.576
2025-10-26 12:29:50,129 13052 INFO scholarixglobal werkzeug: 127.0.0.1 - - [26/Oct/2025 12:29:50] "POST /web/dataset/call_kw/ir.module.module/check_module_update#ir.module.module.check_module_update HTTP/1.1" 200 - 2 0.001 0.004
2025-10-26 12:29:50,390 13052 INFO ? werkzeug: 127.0.0.1 - - [26/Oct/2025 12:29:50] "GET /data_recycle/static/description/icon.png HTTP/1.1" 200 - 0 0.000 0.004
2025-10-26 12:29:50,465 13052 INFO ? werkzeug: 127.0.0.1 - - [26/Oct/2025 12:29:50] "GET /base/static/img/icons/timesheet_grid.png HTTP/1.1" 200 - 0 0.000 0.004
2025-10-26 12:29:50,474 13052 INFO ? werkzeug: 127.0.0.1 - - [26/Oct/2025 12:29:50] "GET /stock/static/description/icon.png HTTP/1.1" 200 - 0 0.000 0.011
2025-10-26 12:29:50,480 13052 INFO ? werkzeug: 127.0.0.1 - - [26/Oct/2025 12:29:50] "GET /hr_holidays/static/description/icon.png HTTP/1.1" 200 - 0 0.000 0.015
2025-10-26 12:29:50,480 13052 INFO ? werkzeug: 127.0.0.1 - - [26/Oct/2025 12:29:50] "GET /project/static/description/icon.png HTTP/1.1" 200 - 0 0.000 0.014
2025-10-26 12:29:50,484 13052 INFO ? werkzeug: 127.0.0.1 - - [26/Oct/2025 12:29:50] "GET /maintenance/static/description/icon.png HTTP/1.1" 200 - 0 0.000 0.010
2025-10-26 12:29:50,712 13052 INFO ? werkzeug: 127.0.0.1 - - [26/Oct/2025 12:29:50] "GET /base/static/img/icons/helpdesk.png HTTP/1.1" 200 - 0 0.000 0.003
2025-10-26 12:29:50,775 13052 INFO ? werkzeug: 127.0.0.1 - - [26/Oct/2025 12:29:50] "GET /purchase/static/description/icon.png HTTP/1.1" 200 - 0 0.000 0.005
2025-10-26 12:29:50,782 13052 INFO ? werkzeug: 127.0.0.1 - - [26/Oct/2025 12:29:50] "GET /rental_management/static/description/icon.png HTTP/1.1" 200 - 0 0.000 0.005
2025-10-26 12:29:50,793 13052 INFO ? werkzeug: 127.0.0.1 - - [26/Oct/2025 12:29:50] "GET /mass_mailing/static/description/icon.png HTTP/1.1" 200 - 0 0.000 0.009
2025-10-26 12:29:50,797 13052 INFO ? werkzeug: 127.0.0.1 - - [26/Oct/2025 12:29:50] "GET /marketing_card/static/description/icon.png HTTP/1.1" 200 - 0 0.000 0.008
2025-10-26 12:29:50,798 13052 INFO ? werkzeug: 127.0.0.1 - - [26/Oct/2025 12:29:50] "GET /hr_recruitment/static/description/icon.png HTTP/1.1" 200 - 0 0.000 0.012
2025-10-26 12:29:51,023 13052 INFO ? werkzeug: 127.0.0.1 - - [26/Oct/2025 12:29:51] "GET /base/static/img/icons/account_accountant.png HTTP/1.1" 200 - 0 0.000 0.003
2025-10-26 12:29:51,089 13052 INFO ? werkzeug: 127.0.0.1 - - [26/Oct/2025 12:29:51] "GET /hr_expense/static/description/icon.png HTTP/1.1" 200 - 0 0.000 0.005
2025-10-26 12:29:51,096 13052 INFO ? werkzeug: 127.0.0.1 - - [26/Oct/2025 12:29:51] "GET /point_of_sale/static/description/icon.png HTTP/1.1" 200 - 0 0.000 0.005
2025-10-26 12:29:51,106 13052 INFO ? werkzeug: 127.0.0.1 - - [26/Oct/2025 12:29:51] "GET /base/static/img/icons/industry_fsm.png HTTP/1.1" 200 - 0 0.000 0.007
2025-10-26 12:29:51,114 13052 INFO ? werkzeug: 127.0.0.1 - - [26/Oct/2025 12:29:51] "GET /mrp/static/description/icon.png HTTP/1.1" 200 - 0 0.000 0.006
2025-10-26 12:29:51,117 13052 INFO ? werkzeug: 127.0.0.1 - - [26/Oct/2025 12:29:51] "GET /website_sale/static/description/icon.png HTTP/1.1" 200 - 0 0.000 0.006
2025-10-26 12:29:51,331 13052 INFO ? werkzeug: 127.0.0.1 - - [26/Oct/2025 12:29:51] "GET /base/static/img/icons/sign.png HTTP/1.1" 200 - 0 0.000 0.003
2025-10-26 12:29:51,478 13052 INFO ? werkzeug: 127.0.0.1 - - [26/Oct/2025 12:29:51] "GET /base/static/img/icons/web_studio.png HTTP/1.1" 200 - 0 0.000 0.075
2025-10-26 12:29:51,480 13052 INFO ? werkzeug: 127.0.0.1 - - [26/Oct/2025 12:29:51] "GET /base/static/img/icons/knowledge.png HTTP/1.1" 200 - 0 0.000 0.076
2025-10-26 12:29:51,486 13052 INFO ? werkzeug: 127.0.0.1 - - [26/Oct/2025 12:29:51] "GET /hr/static/description/icon.png HTTP/1.1" 200 - 0 0.000 0.013
2025-10-26 12:29:51,488 13052 INFO ? werkzeug: 127.0.0.1 - - [26/Oct/2025 12:29:51] "GET /sale_management/static/description/icon.png HTTP/1.1" 200 - 0 0.000 0.012
2025-10-26 12:29:51,490 13052 INFO ? werkzeug: 127.0.0.1 - - [26/Oct/2025 12:29:51] "GET /pos_restaurant/static/description/icon.png HTTP/1.1" 200 - 0 0.000 0.009
2025-10-26 12:29:51,639 13052 INFO ? werkzeug: 127.0.0.1 - - [26/Oct/2025 12:29:51] "GET /account/static/description/icon.png HTTP/1.1" 200 - 0 0.000 0.003
2025-10-26 12:29:51,796 13052 INFO ? werkzeug: 127.0.0.1 - - [26/Oct/2025 12:29:51] "GET /base/static/img/icons/mrp_workorder.png HTTP/1.1" 200 - 0 0.000 0.005
2025-10-26 12:29:51,796 13052 INFO ? werkzeug: 127.0.0.1 - - [26/Oct/2025 12:29:51] "GET /crm/static/description/icon.png HTTP/1.1" 200 - 0 0.000 0.006
2025-10-26 12:29:51,801 13052 INFO ? werkzeug: 127.0.0.1 - - [26/Oct/2025 12:29:51] "GET /website/static/description/icon.png HTTP/1.1" 200 - 0 0.000 0.008
2025-10-26 12:29:51,811 13052 INFO ? werkzeug: 127.0.0.1 - - [26/Oct/2025 12:29:51] "GET /base/static/img/icons/sale_subscription.png HTTP/1.1" 200 - 0 0.000 0.012
2025-10-26 12:29:51,813 13052 INFO ? werkzeug: 127.0.0.1 - - [26/Oct/2025 12:29:51] "GET /base/static/img/icons/quality_control.png HTTP/1.1" 200 - 0 0.000 0.011
2025-10-26 12:29:51,951 13052 INFO ? werkzeug: 127.0.0.1 - - [26/Oct/2025 12:29:51] "GET /website_slides/static/description/icon.png HTTP/1.1" 200 - 0 0.000 0.005
2025-10-26 12:29:52,110 13052 INFO ? werkzeug: 127.0.0.1 - - [26/Oct/2025 12:29:52] "GET /fleet/static/description/icon.png HTTP/1.1" 200 - 0 0.000 0.007
2025-10-26 12:29:52,112 13052 INFO ? werkzeug: 127.0.0.1 - - [26/Oct/2025 12:29:52] "GET /base/static/img/icons/hr_appraisal.png HTTP/1.1" 200 - 0 0.000 0.007
2025-10-26 12:29:52,115 13052 INFO ? werkzeug: 127.0.0.1 - - [26/Oct/2025 12:29:52] "GET /base/static/img/icons/social.png HTTP/1.1" 200 - 0 0.000 0.008
2025-10-26 12:29:52,124 13052 INFO ? werkzeug: 127.0.0.1 - - [26/Oct/2025 12:29:52] "GET /base/static/img/icons/appointment.png HTTP/1.1" 200 - 0 0.000 0.008
2025-10-26 12:29:52,125 13052 INFO ? werkzeug: 127.0.0.1 - - [26/Oct/2025 12:29:52] "GET /base/static/img/icons/marketing_automation.png HTTP/1.1" 200 - 0 0.000 0.009
2025-10-26 12:29:52,261 13052 INFO ? werkzeug: 127.0.0.1 - - [26/Oct/2025 12:29:52] "GET /survey/static/description/icon.png HTTP/1.1" 200 - 0 0.000 0.002
2025-10-26 12:29:52,432 13052 INFO ? werkzeug: 127.0.0.1 - - [26/Oct/2025 12:29:52] "GET /mass_mailing_sms/static/description/icon.png HTTP/1.1" 200 - 0 0.000 0.003
2025-10-26 12:29:52,433 13052 INFO ? werkzeug: 127.0.0.1 - - [26/Oct/2025 12:29:52] "GET /im_livechat/static/description/icon.png HTTP/1.1" 200 - 0 0.000 0.004
2025-10-26 12:29:52,436 13052 INFO ? werkzeug: 127.0.0.1 - - [26/Oct/2025 12:29:52] "GET /repair/static/description/icon.png HTTP/1.1" 200 - 0 0.000 0.005
2025-10-26 12:29:52,439 13052 INFO ? werkzeug: 127.0.0.1 - - [26/Oct/2025 12:29:52] "GET /hr_attendance/static/description/icon.png HTTP/1.1" 200 - 0 0.000 0.009
2025-10-26 12:29:52,439 13052 INFO ? werkzeug: 127.0.0.1 - - [26/Oct/2025 12:29:52] "GET /base/static/img/icons/web_mobile.png HTTP/1.1" 200 - 0 0.000 0.008
2025-10-26 12:29:52,571 13052 INFO ? werkzeug: 127.0.0.1 - - [26/Oct/2025 12:29:52] "GET /base/static/img/icons/planning.png HTTP/1.1" 200 - 0 0.000 0.003
2025-10-26 12:29:52,744 13052 INFO ? werkzeug: 127.0.0.1 - - [26/Oct/2025 12:29:52] "GET /lunch/static/description/icon.png HTTP/1.1" 200 - 0 0.000 0.004
2025-10-26 12:29:52,750 13052 INFO ? werkzeug: 127.0.0.1 - - [26/Oct/2025 12:29:52] "GET /hr_skills/static/description/icon.png HTTP/1.1" 200 - 0 0.000 0.008
2025-10-26 12:29:52,754 13052 INFO ? werkzeug: 127.0.0.1 - - [26/Oct/2025 12:29:52] "GET /project_todo/static/description/icon.png HTTP/1.1" 200 - 0 0.000 0.010
2025-10-26 12:29:52,756 13052 INFO ? werkzeug: 127.0.0.1 - - [26/Oct/2025 12:29:52] "GET /base/static/img/icons/voip.png HTTP/1.1" 200 - 0 0.000 0.009
2025-10-26 12:29:52,757 13052 INFO ? werkzeug: 127.0.0.1 - - [26/Oct/2025 12:29:52] "GET /base/static/img/icons/sale_amazon.png HTTP/1.1" 200 - 0 0.000 0.008
2025-10-26 12:29:52,882 13052 INFO ? werkzeug: 127.0.0.1 - - [26/Oct/2025 12:29:52] "GET /website_hr_recruitment/static/description/icon.png HTTP/1.1" 200 - 0 0.000 0.003
2025-10-26 12:29:53,053 13052 INFO ? werkzeug: 127.0.0.1 - - [26/Oct/2025 12:29:53] "GET /website_event/static/description/icon.png HTTP/1.1" 200 - 0 0.000 0.003
2025-10-26 12:29:53,062 13052 INFO ? werkzeug: 127.0.0.1 - - [26/Oct/2025 12:29:53] "GET /mail/static/description/icon.png HTTP/1.1" 200 - 0 0.000 0.007
2025-10-26 12:29:53,070 13052 INFO ? werkzeug: 127.0.0.1 - - [26/Oct/2025 12:29:53] "GET /contacts/static/description/icon.png HTTP/1.1" 200 - 0 0.000 0.012
2025-10-26 12:29:53,076 13052 INFO ? werkzeug: 127.0.0.1 - - [26/Oct/2025 12:29:53] "GET /calendar/static/description/icon.png HTTP/1.1" 200 - 0 0.000 0.006
2025-10-26 12:29:53,077 13052 INFO ? werkzeug: 127.0.0.1 - - [26/Oct/2025 12:29:53] "GET /base/static/img/icons/mrp_plm.png HTTP/1.1" 200 - 0 0.000 0.011
2025-10-26 12:29:53,193 13052 INFO ? werkzeug: 127.0.0.1 - - [26/Oct/2025 12:29:53] "GET /base/static/img/icons/stock_barcode.png HTTP/1.1" 200 - 0 0.000 0.002
2025-10-26 12:29:53,409 13052 INFO scholarixglobal werkzeug: 127.0.0.1 - - [26/Oct/2025 12:29:53] "GET /web/service-worker.js HTTP/1.1" 200 - 1 0.001 0.044
2025-10-26 12:29:55,536 13052 INFO scholarixglobal werkzeug: 127.0.0.1 - - [26/Oct/2025 12:29:55] "POST /web/dataset/call_kw/ir.module.module/search_panel_select_range#ir.module.module.search_panel_select_range HTTP/1.1" 200 - 41 0.011 0.013
2025-10-26 12:29:55,608 13052 INFO scholarixglobal werkzeug: 127.0.0.1 - - [26/Oct/2025 12:29:55] "POST /web/dataset/call_kw/ir.module.module/web_search_read#ir.module.module.web_search_read HTTP/1.1" 200 - 4 0.004 0.090
2025-10-26 12:29:55,768 13052 INFO scholarixglobal werkzeug: 127.0.0.1 - - [26/Oct/2025 12:29:55] "POST /web/dataset/call_kw/ir.module.module/check_module_update#ir.module.module.check_module_update HTTP/1.1" 200 - 2 0.001 0.003
2025-10-26 12:29:55,953 13052 INFO ? werkzeug: 127.0.0.1 - - [26/Oct/2025 12:29:55] "GET /base/static/description/icon.png HTTP/1.1" 200 - 0 0.000 0.003
2025-10-26 12:30:00,120 13052 INFO scholarixglobal werkzeug: 127.0.0.1 - - [26/Oct/2025 12:30:00] "POST /web/dataset/call_kw/ir.module.module/web_search_read#ir.module.module.web_search_read HTTP/1.1" 200 - 4 0.004 0.106
2025-10-26 12:30:00,269 13052 INFO ? werkzeug: 127.0.0.1 - - [26/Oct/2025 12:30:00] "GET /hr_timesheet/static/description/icon.png HTTP/1.1" 200 - 0 0.000 0.003
2025-10-26 12:30:00,482 13052 INFO ? werkzeug: 127.0.0.1 - - [26/Oct/2025 12:30:00] "GET /website_crm/static/description/icon.png HTTP/1.1" 200 - 0 0.000 0.004
2025-10-26 12:30:00,483 13052 INFO ? werkzeug: 127.0.0.1 - - [26/Oct/2025 12:30:00] "GET /hr_work_entry/static/description/icon.png HTTP/1.1" 200 - 0 0.000 0.005
2025-10-26 12:30:00,495 13052 INFO ? werkzeug: 127.0.0.1 - - [26/Oct/2025 12:30:00] "GET /account_check_printing/static/description/icon.png HTTP/1.1" 200 - 0 0.000 0.014
2025-10-26 12:30:00,495 13052 INFO ? werkzeug: 127.0.0.1 - - [26/Oct/2025 12:30:00] "GET /event/static/description/icon.png HTTP/1.1" 200 - 0 0.000 0.010
2025-10-26 12:30:00,497 13052 INFO ? werkzeug: 127.0.0.1 - - [26/Oct/2025 12:30:00] "GET /google_calendar/static/description/icon.png HTTP/1.1" 200 - 0 0.000 0.010
2025-10-26 12:30:00,590 13052 INFO ? werkzeug: 127.0.0.1 - - [26/Oct/2025 12:30:00] "GET /google_gmail/static/description/icon.png HTTP/1.1" 200 - 0 0.000 0.003
2025-10-26 12:30:06,286 13052 INFO scholarixglobal werkzeug: 127.0.0.1 - - [26/Oct/2025 12:30:06] "POST /web/dataset/call_kw/ir.module.module/web_search_read#ir.module.module.web_search_read HTTP/1.1" 200 - 4 0.004 0.100
2025-10-26 12:30:06,450 13052 INFO ? werkzeug: 127.0.0.1 - - [26/Oct/2025 12:30:06] "GET /iap/static/description/icon.png HTTP/1.1" 200 - 0 0.000 0.003
2025-10-26 12:30:06,636 13052 INFO ? werkzeug: 127.0.0.1 - - [26/Oct/2025 12:30:06] "GET /base/static/img/country_flags/ar.png HTTP/1.1" 200 - 0 0.000 0.001
2025-10-26 12:30:06,636 13052 INFO ? werkzeug: 127.0.0.1 - - [26/Oct/2025 12:30:06] "GET /account/static/description/l10n.png HTTP/1.1" 200 - 0 0.000 0.002
2025-10-26 12:30:10,790 13052 INFO scholarixglobal werkzeug: 127.0.0.1 - - [26/Oct/2025 12:30:10] "POST /web/dataset/call_kw/ir.module.module/web_search_read#ir.module.module.web_search_read HTTP/1.1" 200 - 4 0.004 0.063
2025-10-26 12:30:16,492 13052 INFO scholarixglobal werkzeug: 127.0.0.1 - - [26/Oct/2025 12:30:16] "POST /web/dataset/call_kw/ir.module.module/web_search_read#ir.module.module.web_search_read HTTP/1.1" 200 - 4 0.004 0.048
2025-10-26 12:30:16,894 13052 INFO ? werkzeug: 127.0.0.1 - - [26/Oct/2025 12:30:16] "GET /l10n_syscohada/static/description/icon.jpeg HTTP/1.1" 200 - 0 0.000 0.030
2025-10-26 12:30:16,896 13052 INFO ? werkzeug: 127.0.0.1 - - [26/Oct/2025 12:30:16] "GET /mail_bot/static/description/icon.png HTTP/1.1" 200 - 0 0.000 0.030
2025-10-26 12:30:16,902 13052 INFO ? werkzeug: 127.0.0.1 - - [26/Oct/2025 12:30:16] "GET /microsoft_calendar/static/description/icon.png HTTP/1.1" 200 - 0 0.000 0.034
2025-10-26 12:30:16,902 13052 INFO ? werkzeug: 127.0.0.1 - - [26/Oct/2025 12:30:16] "GET /microsoft_outlook/static/description/icon.png HTTP/1.1" 200 - 0 0.000 0.010
2025-10-26 12:30:20,021 13052 INFO scholarixglobal werkzeug: 127.0.0.1 - - [26/Oct/2025 12:30:20] "POST /web/dataset/call_kw/ir.module.module/web_search_read#ir.module.module.web_search_read HTTP/1.1" 200 - 4 0.003 0.077
2025-10-26 12:30:20,377 13052 INFO ? werkzeug: 127.0.0.1 - - [26/Oct/2025 12:30:20] "GET /sale_gelato/static/description/icon.png HTTP/1.1" 200 - 0 0.000 0.003
2025-10-26 12:30:20,385 13052 INFO ? werkzeug: 127.0.0.1 - - [26/Oct/2025 12:30:20] "GET /partner_autocomplete/static/description/icon.png HTTP/1.1" 200 - 0 0.000 0.008
2025-10-26 12:30:20,388 13052 INFO ? werkzeug: 127.0.0.1 - - [26/Oct/2025 12:30:20] "GET /sale/static/description/icon.png HTTP/1.1" 200 - 0 0.000 0.013
2025-10-26 12:30:20,390 13052 INFO ? werkzeug: 127.0.0.1 - - [26/Oct/2025 12:30:20] "GET /partnership/static/description/icon.png HTTP/1.1" 200 - 0 0.000 0.012
2025-10-26 12:30:20,395 13052 INFO ? werkzeug: 127.0.0.1 - - [26/Oct/2025 12:30:20] "GET /payment/static/description/icon.png HTTP/1.1" 200 - 0 0.000 0.015
2025-10-26 12:30:20,395 13052 INFO ? werkzeug: 127.0.0.1 - - [26/Oct/2025 12:30:20] "GET /base/static/img/icons/payment_sepa_direct_debit.png HTTP/1.1" 200 - 0 0.000 0.012
2025-10-26 12:30:20,688 13052 INFO ? werkzeug: 127.0.0.1 - - [26/Oct/2025 12:30:20] "GET /pos_glory_cash/static/description/icon.png HTTP/1.1" 200 - 0 0.000 0.003
2025-10-26 12:30:20,695 13052 INFO ? werkzeug: 127.0.0.1 - - [26/Oct/2025 12:30:20] "GET /product/static/description/icon.png HTTP/1.1" 200 - 0 0.000 0.004
2025-10-26 12:30:29,348 13052 INFO scholarixglobal werkzeug: 127.0.0.1 - - [26/Oct/2025 12:30:29] "POST /web/dataset/call_kw/ir.module.module/web_search_read#ir.module.module.web_search_read HTTP/1.1" 200 - 4 0.003 0.125
2025-10-26 12:30:29,474 13052 INFO ? werkzeug: 127.0.0.1 - - [26/Oct/2025 12:30:29] "GET /sale_timesheet/static/description/icon.png HTTP/1.1" 200 - 0 0.000 0.005
2025-10-26 12:30:29,702 13052 INFO ? werkzeug: 127.0.0.1 - - [26/Oct/2025 12:30:29] "GET /sms/static/description/icon.png HTTP/1.1" 200 - 0 0.000 0.001
2025-10-26 12:30:29,711 13052 INFO ? werkzeug: 127.0.0.1 - - [26/Oct/2025 12:30:29] "GET /snailmail/static/description/icon.png HTTP/1.1" 200 - 0 0.000 0.008
2025-10-26 12:30:29,716 13052 INFO ? werkzeug: 127.0.0.1 - - [26/Oct/2025 12:30:29] "GET /transifex/static/description/icon.png HTTP/1.1" 200 - 0 0.000 0.010
2025-10-26 12:30:29,720 13052 INFO ? werkzeug: 127.0.0.1 - - [26/Oct/2025 12:30:29] "GET /spreadsheet_dashboard/static/description/icon.png HTTP/1.1" 200 - 0 0.000 0.011
2025-10-26 12:30:29,721 13052 INFO ? werkzeug: 127.0.0.1 - - [26/Oct/2025 12:30:29] "GET /spreadsheet/static/description/icon.png HTTP/1.1" 200 - 0 0.000 0.017
2025-10-26 12:30:29,799 13052 INFO ? werkzeug: 127.0.0.1 - - [26/Oct/2025 12:30:29] "GET /utm/static/description/icon.png HTTP/1.1" 200 - 0 0.000 0.004
2025-10-26 12:30:30,014 13052 INFO ? werkzeug: 127.0.0.1 - - [26/Oct/2025 12:30:30] "GET /web_unsplash/static/description/icon.png HTTP/1.1" 200 - 0 0.000 0.003
2025-10-26 12:30:30,020 13052 INFO ? werkzeug: 127.0.0.1 - - [26/Oct/2025 12:30:30] "GET /website_crm_partner_assign/static/description/icon.png HTTP/1.1" 200 - 0 0.000 0.004
2025-10-26 12:30:30,027 13052 INFO ? werkzeug: 127.0.0.1 - - [26/Oct/2025 12:30:30] "GET /website_customer/static/description/icon.png HTTP/1.1" 200 - 0 0.000 0.005
2025-10-26 12:30:41,995 13052 INFO scholarixglobal werkzeug: 127.0.0.1 - - [26/Oct/2025 12:30:41] "POST /web/dataset/call_kw/ir.module.module/web_search_read#ir.module.module.web_search_read HTTP/1.1" 200 - 4 0.004 0.319
2025-10-26 12:30:42,044 13052 INFO ? werkzeug: 127.0.0.1 - - [26/Oct/2025 12:30:42] "GET /website_event_sale/static/description/icon.png HTTP/1.1" 200 - 0 0.000 0.001
2025-10-26 12:30:42,355 13052 INFO ? werkzeug: 127.0.0.1 - - [26/Oct/2025 12:30:42] "GET /payment_worldline/static/description/icon.png HTTP/1.1" 200 - 0 0.000 0.001
2025-10-26 12:30:42,360 13052 INFO ? werkzeug: 127.0.0.1 - - [26/Oct/2025 12:30:42] "GET /payment_paypal/static/description/icon.png HTTP/1.1" 200 - 0 0.000 0.005
2025-10-26 12:30:42,369 13052 INFO ? werkzeug: 127.0.0.1 - - [26/Oct/2025 12:30:42] "GET /payment_paymob/static/description/icon.png HTTP/1.1" 200 - 0 0.000 0.011
2025-10-26 12:30:42,370 13052 INFO ? werkzeug: 127.0.0.1 - - [26/Oct/2025 12:30:42] "GET /payment_nuvei/static/description/icon.png HTTP/1.1" 200 - 0 0.000 0.013
2025-10-26 12:30:42,372 13052 INFO ? werkzeug: 127.0.0.1 - - [26/Oct/2025 12:30:42] "GET /payment_redsys/static/description/icon.png HTTP/1.1" 200 - 0 0.000 0.008
2025-10-26 12:30:42,373 13052 INFO ? werkzeug: 127.0.0.1 - - [26/Oct/2025 12:30:42] "GET /payment_xendit/static/description/icon.png HTTP/1.1" 200 - 0 0.000 0.013
2025-10-26 12:30:42,674 13052 INFO ? werkzeug: 127.0.0.1 - - [26/Oct/2025 12:30:42] "GET /payment_iyzico/static/description/icon.png HTTP/1.1" 200 - 0 0.000 0.002
2025-10-26 12:30:42,675 13052 INFO ? werkzeug: 127.0.0.1 - - [26/Oct/2025 12:30:42] "GET /payment_razorpay/static/description/icon.png HTTP/1.1" 200 - 0 0.000 0.004
2025-10-26 12:30:42,684 13052 INFO ? werkzeug: 127.0.0.1 - - [26/Oct/2025 12:30:42] "GET /payment_mollie/static/description/icon.png HTTP/1.1" 200 - 0 0.000 0.008
2025-10-26 12:30:42,692 13052 INFO ? werkzeug: 127.0.0.1 - - [26/Oct/2025 12:30:42] "GET /payment_custom/static/description/icon.png HTTP/1.1" 200 - 0 0.000 0.013
2025-10-26 12:30:42,694 13052 INFO ? werkzeug: 127.0.0.1 - - [26/Oct/2025 12:30:42] "GET /payment_stripe/static/description/icon.png HTTP/1.1" 200 - 0 0.000 0.008
2025-10-26 12:30:42,695 13052 INFO ? werkzeug: 127.0.0.1 - - [26/Oct/2025 12:30:42] "GET /payment_flutterwave/static/description/icon.png HTTP/1.1" 200 - 0 0.000 0.012
2025-10-26 12:30:42,996 13052 INFO ? werkzeug: 127.0.0.1 - - [26/Oct/2025 12:30:42] "GET /payment_demo/static/description/icon.png HTTP/1.1" 200 - 0 0.000 0.002
2025-10-26 12:30:43,007 13052 INFO ? werkzeug: 127.0.0.1 - - [26/Oct/2025 12:30:43] "GET /payment_mercado_pago/static/description/icon.png HTTP/1.1" 200 - 0 0.000 0.011
2025-10-26 12:30:43,010 13052 INFO ? werkzeug: 127.0.0.1 - - [26/Oct/2025 12:30:43] "GET /payment_dpo/static/description/icon.png HTTP/1.1" 200 - 0 0.000 0.015
2025-10-26 12:30:43,012 13052 INFO ? werkzeug: 127.0.0.1 - - [26/Oct/2025 12:30:43] "GET /theme_default/static/description/icon.png HTTP/1.1" 200 - 0 0.000 0.014
2025-10-26 12:30:43,016 13052 INFO ? werkzeug: 127.0.0.1 - - [26/Oct/2025 12:30:43] "GET /website_event_track/static/description/icon.png HTTP/1.1" 200 - 0 0.000 0.013
2025-10-26 12:30:43,021 13052 INFO ? werkzeug: 127.0.0.1 - - [26/Oct/2025 12:30:43] "GET /website_google_map/static/description/icon.png HTTP/1.1" 200 - 0 0.000 0.008
2025-10-26 12:30:43,309 13052 INFO ? werkzeug: 127.0.0.1 - - [26/Oct/2025 12:30:43] "GET /website_links/static/description/icon.png HTTP/1.1" 200 - 0 0.000 0.003
2025-10-26 12:30:43,314 13052 INFO ? werkzeug: 127.0.0.1 - - [26/Oct/2025 12:30:43] "GET /website_livechat/static/description/icon.png HTTP/1.1" 200 - 0 0.000 0.003
2025-10-26 12:30:43,318 13052 INFO ? werkzeug: 127.0.0.1 - - [26/Oct/2025 12:30:43] "GET /website_mass_mailing/static/description/icon.png HTTP/1.1" 200 - 0 0.000 0.003
2025-10-26 12:30:43,321 13052 INFO ? werkzeug: 127.0.0.1 - - [26/Oct/2025 12:30:43] "GET /website_partner/static/description/icon.png HTTP/1.1" 200 - 0 0.000 0.001
2025-10-26 12:30:43,342 13052 INFO ? werkzeug: 127.0.0.1 - - [26/Oct/2025 12:30:43] "GET /website_payment/static/description/icon.png HTTP/1.1" 200 - 0 0.000 0.006
2025-10-26 12:30:43,345 13052 INFO ? werkzeug: 127.0.0.1 - - [26/Oct/2025 12:30:43] "GET /website_project/static/description/icon.png HTTP/1.1" 200 - 0 0.000 0.006
2025-10-26 12:30:43,620 13052 INFO ? werkzeug: 127.0.0.1 - - [26/Oct/2025 12:30:43] "GET /website_sale_collect/static/description/icon.png HTTP/1.1" 200 - 0 0.000 0.003
2025-10-26 12:30:43,630 13052 INFO ? werkzeug: 127.0.0.1 - - [26/Oct/2025 12:30:43] "GET /website_sale_loyalty/static/description/icon.png HTTP/1.1" 200 - 0 0.000 0.006
2025-10-26 12:30:43,635 13052 INFO ? werkzeug: 127.0.0.1 - - [26/Oct/2025 12:30:43] "GET /website_sale_comparison/static/description/icon.png HTTP/1.1" 200 - 0 0.000 0.013
2025-10-26 12:30:43,636 13052 INFO ? werkzeug: 127.0.0.1 - - [26/Oct/2025 12:30:43] "GET /website_sale_stock/static/description/icon.png HTTP/1.1" 200 - 0 0.000 0.011
2025-10-26 12:30:43,651 13052 INFO ? werkzeug: 127.0.0.1 - - [26/Oct/2025 12:30:43] "GET /website_sale_wishlist/static/description/icon.png HTTP/1.1" 200 - 0 0.000 0.003
2025-10-26 12:30:43,652 13052 INFO ? werkzeug: 127.0.0.1 - - [26/Oct/2025 12:30:43] "GET /gamification/static/description/icon.png HTTP/1.1" 200 - 0 0.000 0.003
2025-10-26 12:30:43,931 13052 INFO ? werkzeug: 127.0.0.1 - - [26/Oct/2025 12:30:43] "GET /website_blog/static/description/icon.png HTTP/1.1" 200 - 0 0.000 0.004
2025-10-26 12:30:43,937 13052 INFO ? werkzeug: 127.0.0.1 - - [26/Oct/2025 12:30:43] "GET /board/static/description/icon.png HTTP/1.1" 200 - 0 0.000 0.002
2025-10-26 12:30:43,941 13052 INFO ? werkzeug: 127.0.0.1 - - [26/Oct/2025 12:30:43] "GET /website_forum/static/description/icon.png HTTP/1.1" 200 - 0 0.000 0.003
2025-10-26 12:30:43,946 13052 INFO ? werkzeug: 127.0.0.1 - - [26/Oct/2025 12:30:43] "GET /payment_adyen/static/description/icon.png HTTP/1.1" 200 - 0 0.000 0.004
2025-10-26 12:30:43,962 13052 INFO ? werkzeug: 127.0.0.1 - - [26/Oct/2025 12:30:43] "GET /payment_aps/static/description/icon.png HTTP/1.1" 200 - 0 0.000 0.003
2025-10-26 12:30:43,964 13052 INFO ? werkzeug: 127.0.0.1 - - [26/Oct/2025 12:30:43] "GET /payment_asiapay/static/description/icon.png HTTP/1.1" 200 - 0 0.000 0.005
2025-10-26 12:30:44,248 13052 INFO ? werkzeug: 127.0.0.1 - - [26/Oct/2025 12:30:44] "GET /payment_authorize/static/description/icon.png HTTP/1.1" 200 - 0 0.000 0.008
2025-10-26 12:30:44,250 13052 INFO ? werkzeug: 127.0.0.1 - - [26/Oct/2025 12:30:44] "GET /payment_buckaroo/static/description/icon.png HTTP/1.1" 200 - 0 0.000 0.005
2025-10-26 12:30:45,680 13052 INFO scholarixglobal werkzeug: 127.0.0.1 - - [26/Oct/2025 12:30:45] "POST /web/dataset/call_kw/ir.module.module/web_search_read#ir.module.module.web_search_read HTTP/1.1" 200 - 3 0.002 0.004
2025-10-26 12:32:17,143 13052 INFO scholarixglobal werkzeug: 127.0.0.1 - - [26/Oct/2025 12:32:17] "POST /web/action/load HTTP/1.1" 200 - 11 0.019 0.060
2025-10-26 12:32:17,719 13052 INFO scholarixglobal werkzeug: 127.0.0.1 - - [26/Oct/2025 12:32:17] "POST /web/dataset/call_kw/res.partner/get_views#res.partner.get_views HTTP/1.1" 200 - 41 0.049 0.340
2025-10-26 12:32:17,996 13052 INFO scholarixglobal werkzeug: 127.0.0.1 - - [26/Oct/2025 12:32:17] "POST /web/dataset/call_kw/res.partner/web_search_read#res.partner.web_search_read HTTP/1.1" 200 - 45 0.157 0.101
2025-10-26 12:32:18,451 13052 INFO scholarixglobal werkzeug: 127.0.0.1 - - [26/Oct/2025 12:32:18] "GET /web/image/res.partner/1/avatar_128?unique=1761458031000 HTTP/1.1" 200 - 6 0.017 0.076
2025-10-26 12:32:18,451 13052 INFO scholarixglobal werkzeug: 127.0.0.1 - - [26/Oct/2025 12:32:18] "GET /web/image/res.partner/3/avatar_128?unique=1761459114000 HTTP/1.1" 200 - 7 0.063 0.031
2025-10-26 12:32:19,559 13052 INFO scholarixglobal werkzeug: 127.0.0.1 - - [26/Oct/2025 12:32:19] "POST /web/action/load HTTP/1.1" 200 - 6 0.003 0.007
2025-10-26 12:32:19,907 13052 INFO scholarixglobal werkzeug: 127.0.0.1 - - [26/Oct/2025 12:32:19] "POST /web/dataset/call_kw/res.users/has_group#res.users.has_group HTTP/1.1" 200 - 1 0.003 0.007
2025-10-26 12:32:19,914 13052 INFO scholarixglobal werkzeug: 127.0.0.1 - - [26/Oct/2025 12:32:19] "POST /web/dataset/call_kw/website/get_current_website#website.get_current_website HTTP/1.1" 200 - 1 0.001 0.011
2025-10-26 12:32:19,915 13052 INFO scholarixglobal werkzeug: 127.0.0.1 - - [26/Oct/2025 12:32:19] "POST /web/dataset/call_kw/res.users/has_group#res.users.has_group HTTP/1.1" 200 - 1 0.003 0.012
2025-10-26 12:32:19,917 13052 INFO scholarixglobal werkzeug: 127.0.0.1 - - [26/Oct/2025 12:32:19] "POST /web/dataset/call_kw/res.users/has_group#res.users.has_group HTTP/1.1" 200 - 1 0.002 0.007
2025-10-26 12:32:19,920 13052 INFO scholarixglobal werkzeug: 127.0.0.1 - - [26/Oct/2025 12:32:19] "POST /web/dataset/call_kw/website/web_search_read#website.web_search_read HTTP/1.1" 200 - 6 0.013 0.008
2025-10-26 12:32:20,168 13052 INFO scholarixglobal werkzeug: 127.0.0.1 - - [26/Oct/2025 12:32:20] "GET /website/force/1?path=/ HTTP/1.1" 303 - 5 0.002 0.022
2025-10-26 12:32:21,415 13052 INFO scholarixglobal werkzeug: 127.0.0.1 - - [26/Oct/2025 12:32:21] "GET /web/bundle/website.website_builder_assets?lang=en_GB&debug=1 HTTP/1.1" 200 - 7 0.049 0.971
2025-10-26 12:32:21,808 13052 INFO scholarixglobal werkzeug: 127.0.0.1 - - [26/Oct/2025 12:32:21] "GET /website/iframefallback HTTP/1.1" 200 - 29 0.035 1.381
2025-10-26 12:32:23,308 13052 INFO scholarixglobal werkzeug: 127.0.0.1 - - [26/Oct/2025 12:32:23] "GET / HTTP/1.1" 200 - 66 0.195 2.720
2025-10-26 12:32:23,746 13052 INFO scholarixglobal werkzeug: 127.0.0.1 - - [26/Oct/2025 12:32:23] "GET /web/image/website/1/logo/My%20Website?unique=9526902 HTTP/1.1" 200 - 5 0.058 0.054
2025-10-26 12:32:24,863 13052 INFO scholarixglobal odoo.addons.base.models.assetsbundle: Generating a new asset bundle attachment /web/assets/1/c5a9259/website.assets_wysiwyg.min.css (id:726) 
2025-10-26 12:32:24,877 13052 INFO scholarixglobal werkzeug: 127.0.0.1 - - [26/Oct/2025 12:32:24] "GET /web/assets/1/c5a9259/website.assets_wysiwyg.min.css HTTP/1.1" 200 - 9 0.107 1.796
2025-10-26 12:32:27,851 13052 INFO scholarixglobal odoo.addons.base.models.assetsbundle: Generating a new asset bundle attachment /web/assets/2343f3f/website.website_builder_assets.min.css (id:727) 
2025-10-26 12:32:27,868 13052 INFO scholarixglobal werkzeug: 127.0.0.1 - - [26/Oct/2025 12:32:27] "GET /web/assets/2343f3f/website.website_builder_assets.min.css HTTP/1.1" 200 - 14 0.018 6.430
2025-10-26 12:32:28,004 13052 INFO scholarixglobal odoo.addons.base.models.assetsbundle: Generating a new asset bundle attachment /web/assets/1/2043fc7/web.assets_frontend_minimal.min.js (id:728) 
2025-10-26 12:32:28,029 13052 INFO scholarixglobal werkzeug: 127.0.0.1 - - [26/Oct/2025 12:32:28] "GET /web/assets/1/2043fc7/web.assets_frontend_minimal.min.js HTTP/1.1" 200 - 9 0.007 3.189
2025-10-26 12:32:41,104 13052 INFO scholarixglobal odoo.addons.base.models.assetsbundle: Generating a new asset bundle attachment /web/assets/1/a8310b6/web.assets_frontend.min.css (id:729) 
2025-10-26 12:32:41,121 13052 INFO scholarixglobal werkzeug: 127.0.0.1 - - [26/Oct/2025 12:32:41] "GET /web/assets/1/a8310b6/web.assets_frontend.min.css HTTP/1.1" 200 - 9 0.033 18.158
2025-10-26 12:32:52,677 13052 INFO scholarixglobal odoo.addons.base.models.assetsbundle: Generating a new asset bundle attachment /web/assets/781426b/website.website_builder_assets.min.js (id:730) 
2025-10-26 12:32:52,823 13052 INFO scholarixglobal werkzeug: 127.0.0.1 - - [26/Oct/2025 12:32:52] "GET /web/assets/781426b/website.website_builder_assets.min.js HTTP/1.1" 200 - 8 0.012 31.089
2025-10-26 12:32:54,818 13052 INFO scholarixglobal werkzeug: 127.0.0.1 - - [26/Oct/2025 12:32:54] "POST /web/dataset/call_kw/ir.ui.view/render_public_asset#ir.ui.view.render_public_asset HTTP/1.1" 200 - 36 0.039 1.508
2025-10-26 12:33:05,486 13052 INFO scholarixglobal odoo.addons.base.models.assetsbundle: Generating a new asset bundle attachment /web/assets/1/609a2d0/web.assets_frontend_lazy.min.js (id:731) 
2025-10-26 12:33:05,739 13052 INFO scholarixglobal werkzeug: 127.0.0.1 - - [26/Oct/2025 12:33:05] "GET /web/assets/1/609a2d0/web.assets_frontend_lazy.min.js HTTP/1.1" 200 - 9 0.012 23.966
2025-10-26 12:33:06,303 13052 INFO scholarixglobal werkzeug: 127.0.0.1 - - [26/Oct/2025 12:33:06] "GET /website/translations?hash=&lang=en_GB HTTP/1.1" 200 - 1 0.001 0.008
2025-10-26 12:52:47,254 13052 INFO scholarixglobal odoo.addons.base.models.res_device: User 2 inserts device log (TD0MX4K7sKKqNHRmdRTnVJTXjjVrTmiaiTO5mhWhUK) 
2025-10-26 12:52:47,734 13052 INFO scholarixglobal werkzeug: 127.0.0.1 - - [26/Oct/2025 12:52:47] "GET /web/image/res.partner/3/avatar_128?unique=1761444714000 HTTP/1.1" 200 - 8 0.110 0.609
2025-10-26 12:53:30,810 13052 INFO scholarixglobal odoo.addons.base.models.ir_cron: Job 'Notification: Notify scheduled messages' (8) starting 
2025-10-26 12:53:30,952 13052 INFO scholarixglobal odoo.addons.base.models.ir_cron: Job 'Notification: Notify scheduled messages' (8) fully done (#loop 1; done 0; remaining 0; duration 0.14s) 
2025-10-26 12:53:30,962 13052 INFO scholarixglobal odoo.addons.base.models.ir_cron: Job 'Mail: Email Queue Manager' (3) starting 
2025-10-26 12:53:30,980 13052 INFO scholarixglobal odoo.addons.base.models.ir_cron: Job 'Mail: Email Queue Manager' (3) fully done (#loop 1; done 0; remaining 0; duration 0.02s) 
2025-10-26 13:53:36,337 13052 INFO scholarixglobal odoo.addons.base.models.ir_cron: Job 'Notification: Notify scheduled messages' (8) starting 
2025-10-26 13:53:36,505 13052 INFO scholarixglobal odoo.addons.base.models.ir_cron: Job 'Notification: Notify scheduled messages' (8) fully done (#loop 1; done 0; remaining 0; duration 0.17s) 
2025-10-26 13:53:36,516 13052 INFO scholarixglobal odoo.addons.base.models.ir_cron: Job 'Mail: Email Queue Manager' (3) starting 
2025-10-26 13:53:36,528 13052 INFO scholarixglobal odoo.addons.base.models.ir_cron: Job 'Mail: Email Queue Manager' (3) fully done (#loop 1; done 0; remaining 0; duration 0.01s) 
2025-10-26 14:53:41,281 13052 INFO scholarixglobal odoo.addons.base.models.ir_cron: Job 'Notification: Notify scheduled messages' (8) starting 
2025-10-26 14:53:41,419 13052 INFO scholarixglobal odoo.addons.base.models.ir_cron: Job 'Notification: Notify scheduled messages' (8) fully done (#loop 1; done 0; remaining 0; duration 0.14s) 
2025-10-26 14:53:41,432 13052 INFO scholarixglobal odoo.addons.base.models.ir_cron: Job 'Mail: Email Queue Manager' (3) starting 
2025-10-26 14:53:41,446 13052 INFO scholarixglobal odoo.addons.base.models.ir_cron: Job 'Mail: Email Queue Manager' (3) fully done (#loop 1; done 0; remaining 0; duration 0.01s) 
2025-10-26 15:43:03,849 13052 INFO scholarixglobal odoo.addons.base.models.res_device: User 2 inserts device log (TD0MX4K7sKKqNHRmdRTnVJTXjjVrTmiaiTO5mhWhUK) 
2025-10-26 15:43:04,553 13052 INFO scholarixglobal werkzeug: 127.0.0.1 - - [26/Oct/2025 15:43:04] "GET / HTTP/1.1" 200 - 11 0.164 0.855
2025-10-26 15:43:04,667 13052 INFO scholarixglobal werkzeug: 127.0.0.1 - - [26/Oct/2025 15:43:04] "GET /web/assets/1/a8310b6/web.assets_frontend.min.css HTTP/1.1" 200 - 4 0.008 0.055
2025-10-26 15:43:04,941 13052 INFO scholarixglobal werkzeug: 127.0.0.1 - - [26/Oct/2025 15:43:04] "GET /web/image/website/1/logo/My%20Website?unique=9526902 HTTP/1.1" 200 - 4 0.003 0.021
2025-10-26 15:43:05,068 13052 INFO scholarixglobal werkzeug: 127.0.0.1 - - [26/Oct/2025 15:43:05] "GET /web/assets/1/2043fc7/web.assets_frontend_minimal.min.js HTTP/1.1" 200 - 4 0.002 0.010
2025-10-26 15:43:05,542 13052 INFO scholarixglobal werkzeug: 127.0.0.1 - - [26/Oct/2025 15:43:05] "GET /web/assets/1/609a2d0/web.assets_frontend_lazy.min.js HTTP/1.1" 200 - 4 0.003 0.078
2025-10-26 15:43:05,622 13052 INFO scholarixglobal werkzeug: 127.0.0.1 - - [26/Oct/2025 15:43:05] "GET /web/image/website/1/favicon?unique=9526902 HTTP/1.1" 200 - 5 0.056 0.105
2025-10-26 15:43:05,747 13052 INFO scholarixglobal werkzeug: 127.0.0.1 - - [26/Oct/2025 15:43:05] "GET /website/translations?hash=d607e3bf8ea6f57dd19af1af9a6bd18cd2ba14cd&lang=en_GB HTTP/1.1" 200 - 1 0.001 0.024
2025-10-26 15:43:07,134 13052 INFO scholarixglobal werkzeug: 127.0.0.1 - - [26/Oct/2025 15:43:07] "GET /@/ HTTP/1.1" 303 - 1 0.000 0.009
2025-10-26 15:43:07,559 13052 INFO scholarixglobal werkzeug: 127.0.0.1 - - [26/Oct/2025 15:43:07] "GET /odoo/action-website.website_preview?path=/ HTTP/1.1" 200 - 26 0.024 0.106
2025-10-26 15:43:07,970 13052 INFO scholarixglobal werkzeug: 127.0.0.1 - - [26/Oct/2025 15:43:07] "GET /web/assets/047c427/web.assets_web.min.css HTTP/1.1" 200 - 3 0.003 0.054
2025-10-26 15:43:07,970 13052 INFO scholarixglobal werkzeug: 127.0.0.1 - - [26/Oct/2025 15:43:07] "GET /web/assets/7574351/web.assets_web.min.js HTTP/1.1" 200 - 3 0.003 0.053
2025-10-26 15:43:07,983 13052 INFO scholarixglobal werkzeug: 127.0.0.1 - - [26/Oct/2025 15:43:07] "GET /web/webclient/load_menus HTTP/1.1" 200 - 1 0.005 0.062
2025-10-26 15:43:08,172 13052 INFO scholarixglobal werkzeug: 127.0.0.1 - - [26/Oct/2025 15:43:08] "GET /web/assets/b2b9811/web.assets_web_print.min.css HTTP/1.1" 200 - 3 0.001 0.008
2025-10-26 15:43:08,306 13052 INFO scholarixglobal werkzeug: 127.0.0.1 - - [26/Oct/2025 15:43:08] "GET /web/webclient/translations?hash=81f9643ba56a006411064e9e08cec9c01eb175c8&lang=en_GB HTTP/1.1" 200 - 1 0.001 0.004
2025-10-26 15:43:08,512 13052 INFO scholarixglobal werkzeug: 127.0.0.1 - - [26/Oct/2025 15:43:08] "GET /web/bundle/web_tour.interactive?lang=en_GB&debug=1 HTTP/1.1" 200 - 1 0.001 0.010
2025-10-26 15:43:08,522 13052 INFO scholarixglobal werkzeug: 127.0.0.1 - - [26/Oct/2025 15:43:08] "POST /web/dataset/call_kw/res.users/has_group#res.users.has_group HTTP/1.1" 200 - 1 0.001 0.015
2025-10-26 15:43:08,527 13052 INFO scholarixglobal werkzeug: 127.0.0.1 - - [26/Oct/2025 15:43:08] "POST /web/dataset/call_kw/website/web_search_read#website.web_search_read HTTP/1.1" 200 - 4 0.012 0.011
2025-10-26 15:43:08,589 13052 INFO scholarixglobal werkzeug: 127.0.0.1 - - [26/Oct/2025 15:43:08] "POST /web/dataset/call_kw/res.users/has_group#res.users.has_group HTTP/1.1" 200 - 1 0.000 0.005
2025-10-26 15:43:08,592 13052 INFO scholarixglobal werkzeug: 127.0.0.1 - - [26/Oct/2025 15:43:08] "POST /web/dataset/call_kw/res.users/has_group#res.users.has_group HTTP/1.1" 200 - 1 0.003 0.007
2025-10-26 15:43:08,739 13052 INFO scholarixglobal werkzeug: 127.0.0.1 - - [26/Oct/2025 15:43:08] "POST /web/dataset/call_kw/website/get_current_website#website.get_current_website HTTP/1.1" 200 - 1 0.000 0.126
2025-10-26 15:43:08,838 13052 INFO scholarixglobal werkzeug: 127.0.0.1 - - [26/Oct/2025 15:43:08] "GET /website/force/1?path=/ HTTP/1.1" 303 - 1 0.001 0.006
2025-10-26 15:43:08,846 13052 INFO scholarixglobal werkzeug: 127.0.0.1 - - [26/Oct/2025 15:43:08] "GET /website/iframefallback HTTP/1.1" 200 - 2 0.002 0.012
2025-10-26 15:43:08,932 13052 INFO scholarixglobal werkzeug: 127.0.0.1 - - [26/Oct/2025 15:43:08] "GET / HTTP/1.1" 200 - 9 0.017 0.022
2025-10-26 15:43:08,966 13052 INFO scholarixglobal werkzeug: 127.0.0.1 - - [26/Oct/2025 15:43:08] "POST /mail/data HTTP/1.1" 200 - 19 0.090 0.042
2025-10-26 15:43:09,068 13052 INFO scholarixglobal werkzeug: 127.0.0.1 - - [26/Oct/2025 15:43:09] "GET /web/bundle/website.website_builder_assets?lang=en_GB&debug=1 HTTP/1.1" 200 - 1 0.000 0.003
2025-10-26 15:43:09,074 13052 INFO scholarixglobal werkzeug: 127.0.0.1 - - [26/Oct/2025 15:43:09] "GET /web/assets/1/c5a9259/website.assets_wysiwyg.min.css HTTP/1.1" 200 - 4 0.002 0.009
2025-10-26 15:43:09,163 13052 INFO scholarixglobal werkzeug: 127.0.0.1 - - [26/Oct/2025 15:43:09] "GET /website/translations?hash=d607e3bf8ea6f57dd19af1af9a6bd18cd2ba14cd&lang=en_GB HTTP/1.1" 200 - 1 0.001 0.004
2025-10-26 15:43:09,165 13052 INFO scholarixglobal werkzeug: 127.0.0.1 - - [26/Oct/2025 15:43:09] "GET /web/assets/2343f3f/website.website_builder_assets.min.css HTTP/1.1" 200 - 3 0.002 0.006
2025-10-26 15:43:09,255 13052 INFO scholarixglobal werkzeug: 127.0.0.1 - - [26/Oct/2025 15:43:09] "GET /web/manifest.webmanifest HTTP/1.1" 200 - 6 0.009 0.009
2025-10-26 15:43:09,360 13052 INFO scholarixglobal werkzeug: 127.0.0.1 - - [26/Oct/2025 15:43:09] "GET /web/image?model=res.users&field=avatar_128&id=2 HTTP/1.1" 200 - 8 0.003 0.011
2025-10-26 15:43:09,383 13052 INFO scholarixglobal werkzeug: 127.0.0.1 - - [26/Oct/2025 15:43:09] "GET /web/assets/2fe46d9/web_tour.interactive.min.js HTTP/1.1" 200 - 3 0.001 0.004
2025-10-26 15:43:09,392 13052 INFO scholarixglobal werkzeug: 127.0.0.1 - - [26/Oct/2025 15:43:09] "GET /web/assets/781426b/website.website_builder_assets.min.js HTTP/1.1" 200 - 3 0.001 0.006
2025-10-26 15:43:09,478 13052 INFO scholarixglobal werkzeug: 127.0.0.1 - - [26/Oct/2025 15:43:09] "GET /bus/websocket_worker_bundle?v=saas-18.5-1 HTTP/1.1" 200 - 3 0.001 0.006
2025-10-26 15:43:09,805 13052 INFO scholarixglobal werkzeug: 127.0.0.1 - - [26/Oct/2025 15:43:09] "GET /websocket?version=saas-18.5-1 HTTP/1.1" 101 - 1 0.000 0.008
2025-10-26 15:43:10,093 13052 INFO ? werkzeug: 127.0.0.1 - - [26/Oct/2025 15:43:10] "GET /web/static/img/odoo-icon-192x192.png HTTP/1.1" 200 - 0 0.000 0.025
2025-10-26 15:43:10,098 13052 INFO scholarixglobal werkzeug: 127.0.0.1 - - [26/Oct/2025 15:43:10] "POST /web/dataset/call_kw/ir.ui.view/render_public_asset#ir.ui.view.render_public_asset HTTP/1.1" 200 - 8 0.010 0.057
2025-10-26 15:43:11,091 13052 INFO scholarixglobal werkzeug: 127.0.0.1 - - [26/Oct/2025 15:43:11] "GET /web/service-worker.js HTTP/1.1" 200 - 1 0.000 0.003
2025-10-26 15:43:43,547 13052 INFO scholarixglobal werkzeug: 127.0.0.1 - - [26/Oct/2025 15:43:43] "POST /web/action/load HTTP/1.1" 200 - 12 0.012 0.023
2025-10-26 15:43:44,249 13052 INFO scholarixglobal werkzeug: 127.0.0.1 - - [26/Oct/2025 15:43:44] "POST /web/dataset/call_kw/sale.order/get_views#sale.order.get_views HTTP/1.1" 200 - 105 0.090 0.281
2025-10-26 15:43:44,268 13052 INFO scholarixglobal werkzeug: 127.0.0.1 - - [26/Oct/2025 15:43:44] "POST /web/dataset/call_kw/sale.order/web_search_read#sale.order.web_search_read HTTP/1.1" 200 - 2 0.003 0.003
2025-10-26 15:43:44,694 13052 INFO scholarixglobal werkzeug: 127.0.0.1 - - [26/Oct/2025 15:43:44] "POST /web/dataset/call_kw/res.currency/read#res.currency.read HTTP/1.1" 200 - 10 0.010 0.015
2025-10-26 15:43:44,942 13052 INFO ? werkzeug: 127.0.0.1 - - [26/Oct/2025 15:43:44] "GET /sale/static/src/img/sales_quotation_thumbnail.webp HTTP/1.1" 200 - 0 0.000 0.023
2025-10-26 15:43:45,234 13052 INFO scholarixglobal werkzeug: 127.0.0.1 - - [26/Oct/2025 15:43:45] "GET /web/image/res.users/2/avatar_128 HTTP/1.1" 200 - 8 0.022 0.150
2025-10-26 15:43:45,234 13052 INFO scholarixglobal werkzeug: 127.0.0.1 - - [26/Oct/2025 15:43:45] "GET /web/image/res.users/1/avatar_128 HTTP/1.1" 200 - 8 0.015 0.159
2025-10-26 15:43:45,235 13052 INFO scholarixglobal werkzeug: 127.0.0.1 - - [26/Oct/2025 15:43:45] "GET /web/image/res.users/3/avatar_128 HTTP/1.1" 200 - 8 0.050 0.125
2025-10-26 15:43:45,235 13052 INFO scholarixglobal werkzeug: 127.0.0.1 - - [26/Oct/2025 15:43:45] "GET /web/image/res.users/4/avatar_128 HTTP/1.1" 200 - 8 0.028 0.143
2025-10-26 15:43:45,275 13052 INFO scholarixglobal werkzeug: 127.0.0.1 - - [26/Oct/2025 15:43:45] "GET /web/image/res.users/5/avatar_128 HTTP/1.1" 200 - 6 0.013 0.200
2025-10-26 15:43:46,504 13052 INFO scholarixglobal werkzeug: 127.0.0.1 - - [26/Oct/2025 15:43:46] "POST /web/dataset/call_kw/sale.order/onchange#sale.order.onchange HTTP/1.1" 200 - 12 0.017 0.048
2025-10-26 15:43:46,807 13052 INFO ? werkzeug: 127.0.0.1 - - [26/Oct/2025 15:43:46] "GET /partner_autocomplete/static/lib/jsvat.js HTTP/1.1" 200 - 0 0.000 0.111
2025-10-26 15:43:46,888 13052 INFO scholarixglobal werkzeug: 127.0.0.1 - - [26/Oct/2025 15:43:46] "GET /web/bundle/web.assets_emoji?lang=en_GB&debug=1 HTTP/1.1" 200 - 2 0.002 0.008
2025-10-26 15:43:47,213 13052 INFO scholarixglobal werkzeug: 127.0.0.1 - - [26/Oct/2025 15:43:47] "GET /web/image/res.partner/3/avatar_128?unique=1761459114000 HTTP/1.1" 200 - 7 0.005 0.017
2025-10-26 15:43:47,329 13052 INFO scholarixglobal werkzeug: 127.0.0.1 - - [26/Oct/2025 15:43:47] "GET /web/assets/b7225b3/web.assets_emoji.min.js HTTP/1.1" 200 - 3 0.009 0.127
2025-10-26 15:43:49,258 13052 INFO scholarixglobal werkzeug: 127.0.0.1 - - [26/Oct/2025 15:43:49] "POST /web/dataset/call_kw/sale.order/web_search_read#sale.order.web_search_read HTTP/1.1" 200 - 2 0.001 0.004
2025-10-26 15:43:49,515 13052 INFO scholarixglobal werkzeug: 127.0.0.1 - - [26/Oct/2025 15:43:49] "POST /web/dataset/call_kw/sale.order/web_search_read#sale.order.web_search_read HTTP/1.1" 200 - 2 0.001 0.004
2025-10-26 15:43:51,448 13052 INFO scholarixglobal werkzeug: 127.0.0.1 - - [26/Oct/2025 15:43:51] "POST /web/action/load HTTP/1.1" 200 - 9 0.004 0.009
2025-10-26 15:43:53,566 13052 INFO scholarixglobal werkzeug: 127.0.0.1 - - [26/Oct/2025 15:43:53] "POST /web/dataset/call_kw/res.config.settings/get_views#res.config.settings.get_views HTTP/1.1" 200 - 390 0.128 1.671
2025-10-26 15:43:54,155 13052 INFO scholarixglobal werkzeug: 127.0.0.1 - - [26/Oct/2025 15:43:54] "POST /web/dataset/call_kw/res.config.settings/onchange#res.config.settings.onchange HTTP/1.1" 200 - 153 0.065 0.191
2025-10-26 15:43:54,240 13052 INFO scholarixglobal werkzeug: 127.0.0.1 - - [26/Oct/2025 15:43:54] "POST /base_setup/demo_active HTTP/1.1" 200 - 2 0.002 0.002
2025-10-26 15:43:54,561 13052 INFO scholarixglobal werkzeug: 127.0.0.1 - - [26/Oct/2025 15:43:54] "POST /base_setup/data HTTP/1.1" 200 - 6 0.005 0.004
2025-10-26 15:43:54,816 13052 INFO ? werkzeug: 127.0.0.1 - - [26/Oct/2025 15:43:54] "GET /hr/static/description/icon.png HTTP/1.1" 200 - 0 0.000 0.003
2025-10-26 15:43:54,902 13052 INFO ? werkzeug: 127.0.0.1 - - [26/Oct/2025 15:43:54] "GET /sale_management/static/description/icon.png HTTP/1.1" 200 - 0 0.000 0.009
2025-10-26 15:43:54,903 13052 INFO ? werkzeug: 127.0.0.1 - - [26/Oct/2025 15:43:54] "GET /crm/static/description/icon.png HTTP/1.1" 200 - 0 0.000 0.012
2025-10-26 15:43:54,905 13052 INFO ? werkzeug: 127.0.0.1 - - [26/Oct/2025 15:43:54] "GET /base/static/description/settings.png HTTP/1.1" 200 - 0 0.000 0.015
2025-10-26 15:43:54,907 13052 INFO ? werkzeug: 127.0.0.1 - - [26/Oct/2025 15:43:54] "GET /maintenance/static/description/icon.png HTTP/1.1" 200 - 0 0.000 0.008
2025-10-26 15:43:54,907 13052 INFO ? werkzeug: 127.0.0.1 - - [26/Oct/2025 15:43:54] "GET /calendar/static/description/icon.png HTTP/1.1" 200 - 0 0.000 0.010
2025-10-26 15:43:55,128 13052 INFO ? werkzeug: 127.0.0.1 - - [26/Oct/2025 15:43:55] "GET /account/static/description/icon.png HTTP/1.1" 200 - 0 0.000 0.005
2025-10-26 15:44:15,943 13052 INFO scholarixglobal werkzeug: 127.0.0.1 - - [26/Oct/2025 15:44:15] "POST /web/action/load HTTP/1.1" 200 - 11 0.005 0.011
2025-10-26 15:44:16,018 13052 INFO scholarixglobal werkzeug: 127.0.0.1 - - [26/Oct/2025 15:44:16] "POST /web/dataset/call_kw/res.partner/get_views#res.partner.get_views HTTP/1.1" 200 - 2 0.002 0.073
2025-10-26 15:44:16,055 13052 INFO scholarixglobal werkzeug: 127.0.0.1 - - [26/Oct/2025 15:44:16] "GET /web/image/res.partner/1/avatar_128?unique=1761458031000 HTTP/1.1" 200 - 6 0.015 0.022
2025-10-26 15:44:16,126 13052 INFO scholarixglobal werkzeug: 127.0.0.1 - - [26/Oct/2025 15:44:16] "POST /web/dataset/call_kw/res.partner/web_search_read#res.partner.web_search_read HTTP/1.1" 200 - 28 0.065 0.089
2025-10-26 15:53:45,992 13052 INFO scholarixglobal odoo.addons.base.models.ir_cron: Job 'Notification: Notify scheduled messages' (8) starting 
2025-10-26 15:53:46,203 13052 INFO scholarixglobal odoo.addons.base.models.ir_cron: Job 'Notification: Notify scheduled messages' (8) fully done (#loop 1; done 0; remaining 0; duration 0.22s) 
2025-10-26 15:53:46,222 13052 INFO scholarixglobal odoo.addons.base.models.ir_cron: Job 'Mail: Email Queue Manager' (3) starting 
2025-10-26 15:53:46,242 13052 INFO scholarixglobal odoo.addons.base.models.ir_cron: Job 'Mail: Email Queue Manager' (3) fully done (#loop 1; done 0; remaining 0; duration 0.02s) 
2025-10-26 16:53:51,201 13052 INFO scholarixglobal odoo.addons.base.models.ir_cron: Job 'Notification: Notify scheduled messages' (8) starting 
2025-10-26 16:53:51,446 13052 INFO scholarixglobal odoo.addons.base.models.ir_cron: Job 'Mail: Email Queue Manager' (3) starting 
2025-10-26 16:53:51,473 13052 INFO scholarixglobal odoo.addons.base.models.ir_cron: Job 'Notification: Notify scheduled messages' (8) fully done (#loop 1; done 0; remaining 0; duration 0.28s) 
2025-10-26 16:53:51,562 13052 INFO scholarixglobal odoo.addons.base.models.ir_cron: Job 'Mail: Email Queue Manager' (3) fully done (#loop 1; done 0; remaining 0; duration 0.12s) 
2025-10-26 17:04:51,651 13052 INFO scholarixglobal odoo.addons.base.models.res_device: User 2 inserts device log (TD0MX4K7sKKqNHRmdRTnVJTXjjVrTmiaiTO5mhWhUK) 
2025-10-26 17:04:51,830 13052 INFO scholarixglobal werkzeug: 127.0.0.1 - - [26/Oct/2025 17:04:51] "GET /odoo/contacts HTTP/1.1" 200 - 27 0.041 0.240
2025-10-26 17:04:52,084 13052 INFO scholarixglobal werkzeug: 127.0.0.1 - - [26/Oct/2025 17:04:52] "GET /web/assets/047c427/web.assets_web.min.css HTTP/1.1" 200 - 3 0.036 0.129
2025-10-26 17:04:52,097 13052 INFO scholarixglobal werkzeug: 127.0.0.1 - - [26/Oct/2025 17:04:52] "GET /web/assets/7574351/web.assets_web.min.js HTTP/1.1" 200 - 3 0.016 0.163
2025-10-26 17:04:52,266 13052 INFO scholarixglobal werkzeug: 127.0.0.1 - - [26/Oct/2025 17:04:52] "GET /web/webclient/load_menus HTTP/1.1" 200 - 1 0.001 0.028
2025-10-26 17:04:52,416 13052 INFO scholarixglobal werkzeug: 127.0.0.1 - - [26/Oct/2025 17:04:52] "GET /web/webclient/translations?hash=81f9643ba56a006411064e9e08cec9c01eb175c8&lang=en_GB HTTP/1.1" 200 - 1 0.001 0.006
2025-10-26 17:04:52,680 13052 INFO scholarixglobal werkzeug: 127.0.0.1 - - [26/Oct/2025 17:04:52] "GET /web/bundle/web_tour.interactive?lang=en_GB&debug=1 HTTP/1.1" 200 - 1 0.001 0.008
2025-10-26 17:04:52,934 13052 INFO scholarixglobal werkzeug: 127.0.0.1 - - [26/Oct/2025 17:04:52] "POST /web/dataset/call_kw/res.partner/get_views#res.partner.get_views HTTP/1.1" 200 - 2 0.004 0.245
2025-10-26 17:04:52,950 13052 INFO scholarixglobal werkzeug: 127.0.0.1 - - [26/Oct/2025 17:04:52] "POST /mail/data HTTP/1.1" 200 - 19 0.192 0.069
2025-10-26 17:04:53,008 13052 INFO scholarixglobal werkzeug: 127.0.0.1 - - [26/Oct/2025 17:04:53] "GET /web/image?model=res.users&field=avatar_128&id=2 HTTP/1.1" 200 - 8 0.089 0.121
2025-10-26 17:04:53,013 13052 INFO scholarixglobal werkzeug: 127.0.0.1 - - [26/Oct/2025 17:04:53] "GET /web/image/res.partner/1/avatar_128?unique=1761458031000 HTTP/1.1" 200 - 6 0.055 0.162
2025-10-26 17:04:53,035 13052 INFO scholarixglobal werkzeug: 127.0.0.1 - - [26/Oct/2025 17:04:53] "GET /web/image/res.partner/3/avatar_128?unique=1761459114000 HTTP/1.1" 200 - 7 0.023 0.028
2025-10-26 17:04:53,070 13052 INFO scholarixglobal werkzeug: 127.0.0.1 - - [26/Oct/2025 17:04:53] "POST /web/dataset/call_kw/res.partner/web_search_read#res.partner.web_search_read HTTP/1.1" 200 - 28 0.183 0.111
2025-10-26 17:04:53,256 13052 INFO scholarixglobal werkzeug: 127.0.0.1 - - [26/Oct/2025 17:04:53] "GET /web/assets/2fe46d9/web_tour.interactive.min.js HTTP/1.1" 200 - 3 0.002 0.006
2025-10-26 17:04:53,270 13052 INFO scholarixglobal werkzeug: 127.0.0.1 - - [26/Oct/2025 17:04:53] "GET /web/assets/b2b9811/web.assets_web_print.min.css HTTP/1.1" 200 - 3 0.001 0.009
2025-10-26 17:04:53,346 13052 INFO ? werkzeug: 127.0.0.1 - - [26/Oct/2025 17:04:53] "GET /web/static/img/favicon.ico HTTP/1.1" 200 - 0 0.000 0.021
2025-10-26 17:04:53,622 13052 INFO scholarixglobal werkzeug: 127.0.0.1 - - [26/Oct/2025 17:04:53] "GET /bus/websocket_worker_bundle?v=saas-18.5-1 HTTP/1.1" 200 - 3 0.004 0.010
2025-10-26 17:04:53,630 13052 INFO scholarixglobal werkzeug: 127.0.0.1 - - [26/Oct/2025 17:04:53] "GET /web/manifest.webmanifest HTTP/1.1" 200 - 6 0.011 0.015
2025-10-26 17:04:53,949 13052 INFO ? werkzeug: 127.0.0.1 - - [26/Oct/2025 17:04:53] "GET /web/static/img/odoo-icon-192x192.png HTTP/1.1" 200 - 0 0.000 0.006
2025-10-26 17:04:53,954 13052 INFO scholarixglobal werkzeug: 127.0.0.1 - - [26/Oct/2025 17:04:53] "GET /websocket?version=saas-18.5-1 HTTP/1.1" 101 - 1 0.001 0.011
2025-10-26 17:04:54,638 13052 INFO scholarixglobal werkzeug: 127.0.0.1 - - [26/Oct/2025 17:04:54] "GET /web/service-worker.js HTTP/1.1" 200 - 1 0.000 0.005
2025-10-26 17:04:57,623 13052 INFO scholarixglobal werkzeug: 127.0.0.1 - - [26/Oct/2025 17:04:57] "POST /web/action/load HTTP/1.1" 200 - 10 0.009 0.019
2025-10-26 17:04:57,881 13052 INFO scholarixglobal werkzeug: 127.0.0.1 - - [26/Oct/2025 17:04:57] "POST /web/dataset/call_kw/ir.module.module/get_views#ir.module.module.get_views HTTP/1.1" 200 - 2 0.001 0.023
2025-10-26 17:04:57,955 13052 INFO scholarixglobal werkzeug: 127.0.0.1 - - [26/Oct/2025 17:04:57] "POST /web/dataset/call_kw/ir.module.module/search_panel_select_range#ir.module.module.search_panel_select_range HTTP/1.1" 200 - 1 0.001 0.005
2025-10-26 17:04:57,979 13052 INFO scholarixglobal werkzeug: 127.0.0.1 - - [26/Oct/2025 17:04:57] "POST /web/dataset/call_kw/ir.module.module/check_module_update#ir.module.module.check_module_update HTTP/1.1" 200 - 2 0.005 0.011
2025-10-26 17:04:58,012 13052 INFO scholarixglobal werkzeug: 127.0.0.1 - - [26/Oct/2025 17:04:58] "POST /web/dataset/call_kw/ir.module.module/search_panel_select_range#ir.module.module.search_panel_select_range HTTP/1.1" 200 - 41 0.032 0.022
2025-10-26 17:04:58,086 13052 INFO scholarixglobal werkzeug: 127.0.0.1 - - [26/Oct/2025 17:04:58] "POST /web/dataset/call_kw/ir.module.module/web_search_read#ir.module.module.web_search_read HTTP/1.1" 200 - 3 0.014 0.110
2025-10-26 17:04:58,141 13052 INFO scholarixglobal werkzeug: 127.0.0.1 - - [26/Oct/2025 17:04:58] "POST /web/dataset/call_kw/ir.module.module/check_module_update#ir.module.module.check_module_update HTTP/1.1" 200 - 2 0.001 0.003
2025-10-26 17:04:58,493 13052 INFO ? werkzeug: 127.0.0.1 - - [26/Oct/2025 17:04:58] "GET /base/static/img/icons/account_accountant.png HTTP/1.1" 200 - 0 0.000 0.003
2025-10-26 17:04:58,503 13052 INFO ? werkzeug: 127.0.0.1 - - [26/Oct/2025 17:04:58] "GET /mass_mailing/static/description/icon.png HTTP/1.1" 200 - 0 0.000 0.012
2025-10-26 17:04:58,509 13052 INFO ? werkzeug: 127.0.0.1 - - [26/Oct/2025 17:04:58] "GET /website_sale/static/description/icon.png HTTP/1.1" 200 - 0 0.000 0.012
2025-10-26 17:04:58,510 13052 INFO ? werkzeug: 127.0.0.1 - - [26/Oct/2025 17:04:58] "GET /hr_expense/static/description/icon.png HTTP/1.1" 200 - 0 0.000 0.016
2025-10-26 17:04:58,511 13052 INFO ? werkzeug: 127.0.0.1 - - [26/Oct/2025 17:04:58] "GET /base/static/img/icons/industry_fsm.png HTTP/1.1" 200 - 0 0.000 0.016
2025-10-26 17:04:58,516 13052 INFO ? werkzeug: 127.0.0.1 - - [26/Oct/2025 17:04:58] "GET /base/static/img/icons/helpdesk.png HTTP/1.1" 200 - 0 0.000 0.014
2025-10-26 17:04:58,804 13052 INFO ? werkzeug: 127.0.0.1 - - [26/Oct/2025 17:04:58] "GET /base/static/img/icons/web_studio.png HTTP/1.1" 200 - 0 0.000 0.003
2025-10-26 17:04:58,811 13052 INFO ? werkzeug: 127.0.0.1 - - [26/Oct/2025 17:04:58] "GET /base/static/img/icons/knowledge.png HTTP/1.1" 200 - 0 0.000 0.005
2025-10-26 17:04:58,818 13052 INFO ? werkzeug: 127.0.0.1 - - [26/Oct/2025 17:04:58] "GET /purchase/static/description/icon.png HTTP/1.1" 200 - 0 0.000 0.005
2025-10-26 17:04:58,823 13052 INFO ? werkzeug: 127.0.0.1 - - [26/Oct/2025 17:04:58] "GET /project/static/description/icon.png HTTP/1.1" 200 - 0 0.000 0.006
2025-10-26 17:04:58,824 13052 INFO ? werkzeug: 127.0.0.1 - - [26/Oct/2025 17:04:58] "GET /base/static/img/icons/timesheet_grid.png HTTP/1.1" 200 - 0 0.000 0.008
2025-10-26 17:04:58,829 13052 INFO ? werkzeug: 127.0.0.1 - - [26/Oct/2025 17:04:58] "GET /hr_recruitment/static/description/icon.png HTTP/1.1" 200 - 0 0.000 0.006
2025-10-26 17:04:59,116 13052 INFO ? werkzeug: 127.0.0.1 - - [26/Oct/2025 17:04:59] "GET /data_recycle/static/description/icon.png HTTP/1.1" 200 - 0 0.000 0.003
2025-10-26 17:04:59,121 13052 INFO ? werkzeug: 127.0.0.1 - - [26/Oct/2025 17:04:59] "GET /maintenance/static/description/icon.png HTTP/1.1" 200 - 0 0.000 0.003
2025-10-26 17:04:59,130 13052 INFO ? werkzeug: 127.0.0.1 - - [26/Oct/2025 17:04:59] "GET /hr_holidays/static/description/icon.png HTTP/1.1" 200 - 0 0.000 0.007
2025-10-26 17:04:59,140 13052 INFO ? werkzeug: 127.0.0.1 - - [26/Oct/2025 17:04:59] "GET /hr/static/description/icon.png HTTP/1.1" 200 - 0 0.000 0.011
2025-10-26 17:04:59,143 13052 INFO ? werkzeug: 127.0.0.1 - - [26/Oct/2025 17:04:59] "GET /base/static/img/icons/sign.png HTTP/1.1" 200 - 0 0.000 0.009
2025-10-26 17:04:59,144 13052 INFO ? werkzeug: 127.0.0.1 - - [26/Oct/2025 17:04:59] "GET /marketing_card/static/description/icon.png HTTP/1.1" 200 - 0 0.000 0.008
2025-10-26 17:04:59,436 13052 INFO ? werkzeug: 127.0.0.1 - - [26/Oct/2025 17:04:59] "GET /point_of_sale/static/description/icon.png HTTP/1.1" 200 - 0 0.000 0.013
2025-10-26 17:04:59,440 13052 INFO ? werkzeug: 127.0.0.1 - - [26/Oct/2025 17:04:59] "GET /rental_management/static/description/icon.png HTTP/1.1" 200 - 0 0.000 0.002
2025-10-26 17:04:59,444 13052 INFO ? werkzeug: 127.0.0.1 - - [26/Oct/2025 17:04:59] "GET /mrp/static/description/icon.png HTTP/1.1" 200 - 0 0.000 0.005
2025-10-26 17:04:59,454 13052 INFO ? werkzeug: 127.0.0.1 - - [26/Oct/2025 17:04:59] "GET /sale_management/static/description/icon.png HTTP/1.1" 200 - 0 0.000 0.009
2025-10-26 17:04:59,456 13052 INFO ? werkzeug: 127.0.0.1 - - [26/Oct/2025 17:04:59] "GET /pos_restaurant/static/description/icon.png HTTP/1.1" 200 - 0 0.000 0.008
2025-10-26 17:04:59,458 13052 INFO ? werkzeug: 127.0.0.1 - - [26/Oct/2025 17:04:59] "GET /account/static/description/icon.png HTTP/1.1" 200 - 0 0.000 0.007
2025-10-26 17:04:59,757 13052 INFO ? werkzeug: 127.0.0.1 - - [26/Oct/2025 17:04:59] "GET /crm/static/description/icon.png HTTP/1.1" 200 - 0 0.000 0.008
2025-10-26 17:04:59,757 13052 INFO ? werkzeug: 127.0.0.1 - - [26/Oct/2025 17:04:59] "GET /stock/static/description/icon.png HTTP/1.1" 200 - 0 0.000 0.005
2025-10-26 17:04:59,758 13052 INFO ? werkzeug: 127.0.0.1 - - [26/Oct/2025 17:04:59] "GET /base/static/img/icons/mrp_workorder.png HTTP/1.1" 200 - 0 0.000 0.009
2025-10-26 17:04:59,772 13052 INFO ? werkzeug: 127.0.0.1 - - [26/Oct/2025 17:04:59] "GET /base/static/img/icons/sale_subscription.png HTTP/1.1" 200 - 0 0.000 0.012
2025-10-26 17:04:59,775 13052 INFO ? werkzeug: 127.0.0.1 - - [26/Oct/2025 17:04:59] "GET /website_slides/static/description/icon.png HTTP/1.1" 200 - 0 0.000 0.010
2025-10-26 17:04:59,775 13052 INFO ? werkzeug: 127.0.0.1 - - [26/Oct/2025 17:04:59] "GET /base/static/img/icons/quality_control.png HTTP/1.1" 200 - 0 0.000 0.014
2025-10-26 17:05:00,079 13052 INFO ? werkzeug: 127.0.0.1 - - [26/Oct/2025 17:05:00] "GET /base/static/img/icons/social.png HTTP/1.1" 200 - 0 0.000 0.003
2025-10-26 17:05:00,092 13052 INFO ? werkzeug: 127.0.0.1 - - [26/Oct/2025 17:05:00] "GET /base/static/img/icons/marketing_automation.png HTTP/1.1" 200 - 0 0.000 0.013
2025-10-26 17:05:00,092 13052 INFO ? werkzeug: 127.0.0.1 - - [26/Oct/2025 17:05:00] "GET /fleet/static/description/icon.png HTTP/1.1" 200 - 0 0.000 0.016
2025-10-26 17:05:00,096 13052 INFO ? werkzeug: 127.0.0.1 - - [26/Oct/2025 17:05:00] "GET /survey/static/description/icon.png HTTP/1.1" 200 - 0 0.000 0.015
2025-10-26 17:05:00,099 13052 INFO ? werkzeug: 127.0.0.1 - - [26/Oct/2025 17:05:00] "GET /im_livechat/static/description/icon.png HTTP/1.1" 200 - 0 0.000 0.009
2025-10-26 17:05:00,099 13052 INFO ? werkzeug: 127.0.0.1 - - [26/Oct/2025 17:05:00] "GET /base/static/img/icons/hr_appraisal.png HTTP/1.1" 200 - 0 0.000 0.014
2025-10-26 17:05:00,386 13052 INFO ? werkzeug: 127.0.0.1 - - [26/Oct/2025 17:05:00] "GET /base/static/img/icons/appointment.png HTTP/1.1" 200 - 0 0.000 0.002
2025-10-26 17:05:00,407 13052 INFO ? werkzeug: 127.0.0.1 - - [26/Oct/2025 17:05:00] "GET /repair/static/description/icon.png HTTP/1.1" 200 - 0 0.000 0.007
2025-10-26 17:05:00,408 13052 INFO ? werkzeug: 127.0.0.1 - - [26/Oct/2025 17:05:00] "GET /hr_attendance/static/description/icon.png HTTP/1.1" 200 - 0 0.000 0.007
2025-10-26 17:05:00,410 13052 INFO ? werkzeug: 127.0.0.1 - - [26/Oct/2025 17:05:00] "GET /mass_mailing_sms/static/description/icon.png HTTP/1.1" 200 - 0 0.000 0.007
2025-10-26 17:05:00,420 13052 INFO ? werkzeug: 127.0.0.1 - - [26/Oct/2025 17:05:00] "GET /base/static/img/icons/web_mobile.png HTTP/1.1" 200 - 0 0.000 0.009
2025-10-26 17:05:00,421 13052 INFO ? werkzeug: 127.0.0.1 - - [26/Oct/2025 17:05:00] "GET /base/static/img/icons/planning.png HTTP/1.1" 200 - 0 0.000 0.009
2025-10-26 17:05:00,703 13052 INFO ? werkzeug: 127.0.0.1 - - [26/Oct/2025 17:05:00] "GET /website_event/static/description/icon.png HTTP/1.1" 200 - 0 0.000 0.003
2025-10-26 17:05:00,718 13052 INFO ? werkzeug: 127.0.0.1 - - [26/Oct/2025 17:05:00] "GET /mail/static/description/icon.png HTTP/1.1" 200 - 0 0.000 0.004
2025-10-26 17:05:00,722 13052 INFO ? werkzeug: 127.0.0.1 - - [26/Oct/2025 17:05:00] "GET /contacts/static/description/icon.png HTTP/1.1" 200 - 0 0.000 0.007
2025-10-26 17:05:00,722 13052 INFO ? werkzeug: 127.0.0.1 - - [26/Oct/2025 17:05:00] "GET /base/static/img/icons/mrp_plm.png HTTP/1.1" 200 - 0 0.000 0.006
2025-10-26 17:05:00,734 13052 INFO ? werkzeug: 127.0.0.1 - - [26/Oct/2025 17:05:00] "GET /calendar/static/description/icon.png HTTP/1.1" 200 - 0 0.000 0.010
2025-10-26 17:05:00,736 13052 INFO ? werkzeug: 127.0.0.1 - - [26/Oct/2025 17:05:00] "GET /base/static/img/icons/stock_barcode.png HTTP/1.1" 200 - 0 0.000 0.009
2025-10-26 17:05:01,015 13052 INFO ? werkzeug: 127.0.0.1 - - [26/Oct/2025 17:05:01] "GET /project_todo/static/description/icon.png HTTP/1.1" 200 - 0 0.000 0.004
2025-10-26 17:05:01,034 13052 INFO ? werkzeug: 127.0.0.1 - - [26/Oct/2025 17:05:01] "GET /hr_skills/static/description/icon.png HTTP/1.1" 200 - 0 0.000 0.008
2025-10-26 17:05:01,038 13052 INFO ? werkzeug: 127.0.0.1 - - [26/Oct/2025 17:05:01] "GET /base/static/img/icons/voip.png HTTP/1.1" 200 - 0 0.000 0.009
2025-10-26 17:05:01,042 13052 INFO ? werkzeug: 127.0.0.1 - - [26/Oct/2025 17:05:01] "GET /lunch/static/description/icon.png HTTP/1.1" 200 - 0 0.000 0.010
2025-10-26 17:05:01,049 13052 INFO ? werkzeug: 127.0.0.1 - - [26/Oct/2025 17:05:01] "GET /website_hr_recruitment/static/description/icon.png HTTP/1.1" 200 - 0 0.000 0.005
2025-10-26 17:05:01,053 13052 INFO ? werkzeug: 127.0.0.1 - - [26/Oct/2025 17:05:01] "GET /base/static/img/icons/sale_amazon.png HTTP/1.1" 200 - 0 0.000 0.007
2025-10-26 17:05:03,633 13052 INFO scholarixglobal werkzeug: 127.0.0.1 - - [26/Oct/2025 17:05:03] "POST /web/action/load HTTP/1.1" 200 - 9 0.004 0.010
2025-10-26 17:05:03,884 13052 INFO scholarixglobal werkzeug: 127.0.0.1 - - [26/Oct/2025 17:05:03] "POST /web/dataset/call_kw/base.module.update/get_views#base.module.update.get_views HTTP/1.1" 200 - 1 0.001 0.018
2025-10-26 17:05:03,956 13052 INFO scholarixglobal werkzeug: 127.0.0.1 - - [26/Oct/2025 17:05:03] "POST /web/dataset/call_kw/base.module.update/onchange#base.module.update.onchange HTTP/1.1" 200 - 2 0.006 0.008
2025-10-26 17:05:06,580 13052 INFO scholarixglobal werkzeug: 127.0.0.1 - - [26/Oct/2025 17:05:06] "POST /web/dataset/call_kw/base.module.update/web_save#base.module.update.web_save HTTP/1.1" 200 - 5 0.009 0.008
2025-10-26 17:05:06,913 13052 INFO scholarixglobal odoo.addons.base.models.ir_module: ALLOW access to module.update_list on [] to user info@scholarixglobal.com #2 via 127.0.0.1 
2025-10-26 17:05:16,119 13052 INFO scholarixglobal werkzeug: 127.0.0.1 - - [26/Oct/2025 17:05:16] "POST /web/dataset/call_button/base.module.update/update_module#base.module.update.update_module HTTP/1.1" 200 - 1588 0.417 8.804
2025-10-26 17:05:19,345 13052 INFO scholarixglobal odoo.addons.base.models.ir_module: ALLOW access to module.button_immediate_install on ['Advanced Property Sale & Rental Management | Real Estate | Property Sales | Property Rental | Property Management'] to user info@scholarixglobal.com #2 via 127.0.0.1 
2025-10-26 17:05:19,345 13052 INFO scholarixglobal odoo.addons.base.models.ir_module: User #2 triggered module installation 
2025-10-26 17:05:19,347 13052 INFO scholarixglobal odoo.addons.base.models.ir_module: ALLOW access to module.button_install on ['Advanced Property Sale & Rental Management | Real Estate | Property Sales | Property Rental | Property Management'] to user info@scholarixglobal.com #2 via 127.0.0.1 
2025-10-26 17:05:19,469 13052 INFO scholarixglobal odoo.modules.loading: loading 1 modules... 
2025-10-26 17:05:19,497 13052 INFO scholarixglobal odoo.modules.loading: 1 modules loaded in 0.03s, 0 queries (+0 extra) 
2025-10-26 17:05:19,590 13052 INFO scholarixglobal odoo.modules.loading: updating modules list 
2025-10-26 17:05:19,591 13052 INFO scholarixglobal odoo.addons.base.models.ir_module: ALLOW access to module.update_list on [] to user __system__ #1 via 127.0.0.1 
2025-10-26 17:05:20,693 13052 INFO scholarixglobal odoo.modules.loading: loading 77 modules... 
2025-10-26 17:05:20,926 13052 INFO scholarixglobal odoo.modules.loading: Loading module rental_management (77/77) 
2025-10-26 17:05:21,586 13052 INFO scholarixglobal odoo.registry: module rental_management: creating or updating database tables 
2025-10-26 17:05:22,107 13052 WARNING scholarixglobal odoo.addons.base.models.ir_model: Two fields (properties_ids, properties) of res.partner() have the same label: Properties. [Modules: rental_management and base] 
2025-10-26 17:05:22,107 13052 WARNING scholarixglobal odoo.addons.base.models.ir_model: Two fields (properties_ids, properties) of res.users() have the same label: Properties. [Modules: None and None] 
2025-10-26 17:05:24,452 13052 INFO scholarixglobal odoo.modules.loading: loading rental_management/security/groups.xml 
2025-10-26 17:05:24,530 13052 INFO scholarixglobal odoo.modules.loading: loading rental_management/security/ir.model.access.csv 
2025-10-26 17:05:24,627 13052 WARNING scholarixglobal odoo.models: Creating record maintenance.access_maintenance_request_portal in module rental_management. 
2025-10-26 17:05:24,669 13052 INFO scholarixglobal odoo.modules.loading: loading rental_management/security/security.xml 
2025-10-26 17:05:24,739 13052 INFO scholarixglobal odoo.modules.loading: loading rental_management/data/ir_cron.xml 
2025-10-26 17:05:24,944 13052 INFO scholarixglobal odoo.modules.loading: loading rental_management/data/sequence.xml 
2025-10-26 17:05:24,967 13052 INFO scholarixglobal odoo.modules.loading: loading rental_management/data/property_product_data.xml 
2025-10-26 17:05:25,408 13052 INFO scholarixglobal odoo.modules.loading: loading rental_management/data/payment_plan_template_data.xml 
2025-10-26 17:05:25,467 13052 INFO scholarixglobal odoo.modules.loading: loading rental_management/data/update_ir_cron.xml 
2025-10-26 17:05:25,493 13052 INFO scholarixglobal odoo.modules.loading: loading rental_management/wizard/contract_wizard_view.xml 
2025-10-26 17:05:25,636 13052 WARNING scholarixglobal odoo.modules.loading: Transient module states were reset 
2025-10-26 17:05:25,637 13052 ERROR scholarixglobal odoo.registry: Failed to load registry 
2025-10-26 17:05:25,642 13052 INFO scholarixglobal odoo.modules.loading: loading 1 modules... 
2025-10-26 17:05:25,644 13052 INFO scholarixglobal odoo.modules.loading: 1 modules loaded in 0.00s, 0 queries (+0 extra) 
2025-10-26 17:05:25,645 13052 INFO scholarixglobal odoo.modules.loading: loading 76 modules... 
2025-10-26 17:05:25,668 13052 INFO scholarixglobal odoo.modules.loading: 76 modules loaded in 0.02s, 0 queries (+0 extra) 
2025-10-26 17:05:26,090 13052 INFO scholarixglobal odoo.modules.loading: Modules loaded. 
2025-10-26 17:05:26,125 13052 INFO scholarixglobal odoo.registry: Registry loaded in 0.488s 
2025-10-26 17:05:26,157 13052 ERROR scholarixglobal odoo.http: Exception during request handling. 
Traceback (most recent call last):
  File "D:\odoo19\odoo\http.py", line 2785, in __call__
    response = request._serve_db()
  File "D:\odoo19\odoo\http.py", line 2268, in _serve_db
    raise self._update_served_exception(exc)
  File "D:\odoo19\odoo\http.py", line 2266, in _serve_db
    return service_model.retrying(serve_func, env=self.env)
           ~~~~~~~~~~~~~~~~~~~~~~^^^^^^^^^^^^^^^^^^^^^^^^^^
  File "D:\odoo19\odoo\service\model.py", line 184, in retrying
    result = func()
  File "D:\odoo19\odoo\http.py", line 2313, in _serve_ir_http
    response = self.dispatcher.dispatch(rule.endpoint, args)
  File "D:\odoo19\odoo\http.py", line 2528, in dispatch
    result = self.request.registry['ir.http']._dispatch(endpoint)
  File "D:\odoo19\odoo\addons\base\models\ir_http.py", line 357, in _dispatch
    result = endpoint(**request.params)
  File "D:\odoo19\odoo\http.py", line 788, in route_wrapper
    result = endpoint(self, *args, **params_ok)
  File "d:\odoo19\addons\web\controllers\dataset.py", line 38, in call_button
    action = call_kw(request.env[model], method, args, kwargs)
  File "D:\odoo19\odoo\service\model.py", line 93, in call_kw
    result = method(recs, *args, **kwargs)
  File "D:\odoo19\odoo\addons\base\models\ir_module.py", line 70, in check_and_log
    return method(self, *args, **kwargs)
  File "D:\odoo19\odoo\addons\base\models\ir_module.py", line 479, in button_immediate_install
    return self._button_immediate_function(self.env.registry[self._name].button_install)
           ~~~~~~~~~~~~~~~~~~~~~~~~~~~~~~~^^^^^^^^^^^^^^^^^^^^^^^^^^^^^^^^^^^^^^^^^^^^^^
  File "D:\odoo19\odoo\addons\base\models\ir_module.py", line 620, in _button_immediate_function
    registry = modules.registry.Registry.new(self.env.cr.dbname, update_module=True)
  File "D:\odoo19\odoo\tools\func.py", line 88, in locked
    return func(inst, *args, **kwargs)
  File "D:\odoo19\odoo\orm\registry.py", line 185, in new
    load_modules(
    ~~~~~~~~~~~~^
        registry,
        ^^^^^^^^^
    ...<4 lines>...
        new_db_demo=new_db_demo,
        ^^^^^^^^^^^^^^^^^^^^^^^^
    )
    ^
  File "D:\odoo19\odoo\modules\loading.py", line 449, in load_modules
    load_module_graph(
    ~~~~~~~~~~~~~~~~~^
        env, graph, update_module=update_module,
        ^^^^^^^^^^^^^^^^^^^^^^^^^^^^^^^^^^^^^^^^
        report=report, models_to_check=models_to_check)
        ^^^^^^^^^^^^^^^^^^^^^^^^^^^^^^^^^^^^^^^^^^^^^^^
  File "D:\odoo19\odoo\modules\loading.py", line 204, in load_module_graph
    load_data(env, idref, 'init', kind='data', package=package)
    ~~~~~~~~~^^^^^^^^^^^^^^^^^^^^^^^^^^^^^^^^^^^^^^^^^^^^^^^^^^
  File "D:\odoo19\odoo\modules\loading.py", line 58, in load_data
    convert_file(env, package.name, filename, idref, mode, noupdate=kind == 'demo')
    ~~~~~~~~~~~~^^^^^^^^^^^^^^^^^^^^^^^^^^^^^^^^^^^^^^^^^^^^^^^^^^^^^^^^^^^^^^^^^^^
  File "D:\odoo19\odoo\tools\convert.py", line 646, in convert_file
    convert_xml_import(env, module, fp, idref, mode, noupdate)
    ~~~~~~~~~~~~~~~~~~^^^^^^^^^^^^^^^^^^^^^^^^^^^^^^^^^^^^^^^^
  File "D:\odoo19\odoo\tools\convert.py", line 745, in convert_xml_import
    obj.parse(doc.getroot())
    ~~~~~~~~~^^^^^^^^^^^^^^^
  File "D:\odoo19\odoo\tools\convert.py", line 616, in parse
    self._tag_root(de)
    ~~~~~~~~~~~~~~^^^^
  File "D:\odoo19\odoo\tools\convert.py", line 559, in _tag_root
    f(rec)
    ~^^^^^
  File "D:\odoo19\odoo\tools\convert.py", line 570, in _tag_root
    raise ParseError(msg) from None  # Restart with "--log-handler odoo.tools.convert:DEBUG" for complete traceback
    ^^^^^^^^^^^^^^^^^^^^^^^^^^^^^^^
odoo.tools.convert.ParseError: while parsing file:/d:/odoolocal/odoo19/odoo_19/rental_management/wizard/contract_wizard_view.xml:4
Error while validating view near:

                            <field name="extra_service_ids" nolabel="1" colspan="2">
                                <tree>
                                    <field name="service_id"/>
                                    <field name="service_type"/>
                                    <field name="price"/>

Field "service_id" does not exist in model "contract.wizard"

View error context:
{'file': 'd:\\odoolocal\\odoo19\\odoo_19\\rental_management\\wizard\\contract_wizard_view.xml',
 'line': 130,
 'name': 'contract.wizard.form.view',
 'view': ir.ui.view(2002,),
 'view.model': 'contract.wizard',
 'view.parent': ir.ui.view(),
 'xmlid': 'contract_wizard_form_view'}

2025-10-26 17:05:26,167 13052 INFO scholarixglobal werkzeug: 127.0.0.1 - - [26/Oct/2025 17:05:26] "POST /web/dataset/call_button/ir.module.module/button_immediate_install#ir.module.module.button_immediate_install HTTP/1.1" 200 - 4463 3.253 3.577
2025-10-26 17:53:55,881 13052 INFO scholarixglobal odoo.addons.base.models.ir_cron: Job 'Notification: Notify scheduled messages' (8) starting 
2025-10-26 17:53:56,052 13052 INFO scholarixglobal odoo.addons.base.models.ir_cron: Job 'Notification: Notify scheduled messages' (8) fully done (#loop 1; done 0; remaining 0; duration 0.18s) 
2025-10-26 17:53:56,067 13052 INFO scholarixglobal odoo.addons.base.models.ir_cron: Job 'Mail: Email Queue Manager' (3) starting 
2025-10-26 17:53:56,083 13052 INFO scholarixglobal odoo.addons.base.models.ir_cron: Job 'Mail: Email Queue Manager' (3) fully done (#loop 1; done 0; remaining 0; duration 0.02s) 
2025-10-26 17:59:03,150 13052 INFO scholarixglobal odoo.addons.base.models.ir_http: Generating routing map for key 1 
2025-10-26 17:59:03,497 13052 INFO scholarixglobal werkzeug: 127.0.0.1 - - [26/Oct/2025 17:59:03] "POST /web/dataset/call_kw/ir.module.module/search_panel_select_range#ir.module.module.search_panel_select_range HTTP/1.1" 200 - 54 0.040 0.340
2025-10-26 17:59:03,592 13052 INFO scholarixglobal werkzeug: 127.0.0.1 - - [26/Oct/2025 17:59:03] "POST /web/dataset/call_kw/ir.module.module/web_search_read#ir.module.module.web_search_read HTTP/1.1" 200 - 4 0.008 0.073
2025-10-26 17:59:03,998 13052 INFO scholarixglobal werkzeug: 127.0.0.1 - - [26/Oct/2025 17:59:03] "POST /web/dataset/call_kw/ir.module.module/check_module_update#ir.module.module.check_module_update HTTP/1.1" 200 - 2 0.001 0.004
2025-10-26 17:59:04,266 13052 INFO ? werkzeug: 127.0.0.1 - - [26/Oct/2025 17:59:04] "GET /base_accounting_kit/static/description/icon.png HTTP/1.1" 200 - 0 0.000 0.013
2025-10-26 17:59:04,335 13052 INFO ? werkzeug: 127.0.0.1 - - [26/Oct/2025 17:59:04] "GET /base/static/description/icon.png HTTP/1.1" 200 - 0 0.000 0.005
2025-10-26 17:59:04,538 13052 INFO scholarixglobal werkzeug: 127.0.0.1 - - [26/Oct/2025 17:59:04] "POST /web/action/load HTTP/1.1" 200 - 9 0.011 0.011
2025-10-26 17:59:04,913 13052 INFO scholarixglobal werkzeug: 127.0.0.1 - - [26/Oct/2025 17:59:04] "POST /web/dataset/call_kw/base.module.upgrade/get_views#base.module.upgrade.get_views HTTP/1.1" 200 - 13 0.011 0.041
2025-10-26 17:59:05,126 13052 INFO scholarixglobal werkzeug: 127.0.0.1 - - [26/Oct/2025 17:59:05] "POST /web/dataset/call_kw/base.module.upgrade/onchange#base.module.upgrade.onchange HTTP/1.1" 200 - 3 0.004 0.009
2025-10-26 17:59:06,007 13052 INFO scholarixglobal werkzeug: 127.0.0.1 - - [26/Oct/2025 17:59:06] "POST /web/dataset/call_kw/base.module.upgrade/web_save#base.module.upgrade.web_save HTTP/1.1" 200 - 5 0.010 0.004
2025-10-26 17:59:06,336 13052 INFO scholarixglobal werkzeug: 127.0.0.1 - - [26/Oct/2025 17:59:06] "POST /web/dataset/call_button/base.module.upgrade/config#base.module.upgrade.config HTTP/1.1" 200 - 1 0.001 0.007
2025-10-26 17:59:08,839 13052 INFO scholarixglobal werkzeug: 127.0.0.1 - - [26/Oct/2025 17:59:08] "POST /web/dataset/call_button/base.module.upgrade/config#base.module.upgrade.config HTTP/1.1" 200 - 1 0.001 0.002
2025-10-26 17:59:09,208 13052 INFO scholarixglobal werkzeug: 127.0.0.1 - - [26/Oct/2025 17:59:09] "GET /odoo/apps HTTP/1.1" 200 - 92 0.072 2.558
2025-10-26 17:59:09,245 13052 INFO scholarixglobal werkzeug: 127.0.0.1 - - [26/Oct/2025 17:59:09] "GET /odoo/apps HTTP/1.1" 200 - 26 0.009 0.027
2025-10-26 17:59:09,702 13052 INFO scholarixglobal werkzeug: 127.0.0.1 - - [26/Oct/2025 17:59:09] "GET /web/webclient/load_menus HTTP/1.1" 200 - 17 0.029 0.054
2025-10-26 17:59:09,879 13052 INFO scholarixglobal werkzeug: 127.0.0.1 - - [26/Oct/2025 17:59:09] "GET /web/webclient/translations?hash=81f9643ba56a006411064e9e08cec9c01eb175c8&lang=en_GB HTTP/1.1" 200 - 2 0.001 0.009
2025-10-26 17:59:09,923 13052 INFO scholarixglobal werkzeug: 127.0.0.1 - - [26/Oct/2025 17:59:09] "GET /web/bundle/web_tour.interactive?lang=en_GB&debug=1 HTTP/1.1" 200 - 3 0.002 0.022
2025-10-26 17:59:10,000 13052 INFO scholarixglobal werkzeug: 127.0.0.1 - - [26/Oct/2025 17:59:10] "POST /web/dataset/call_kw/ir.module.module/search_panel_select_range#ir.module.module.search_panel_select_range HTTP/1.1" 200 - 5 0.020 0.015
2025-10-26 17:59:10,016 13052 INFO scholarixglobal werkzeug: 127.0.0.1 - - [26/Oct/2025 17:59:10] "POST /mail/data HTTP/1.1" 200 - 33 0.050 0.044
2025-10-26 17:59:10,036 13052 INFO scholarixglobal werkzeug: 127.0.0.1 - - [26/Oct/2025 17:59:10] "POST /web/dataset/call_kw/ir.module.module/get_views#ir.module.module.get_views HTTP/1.1" 200 - 38 0.068 0.067
2025-10-26 17:59:10,050 13052 INFO scholarixglobal werkzeug: 127.0.0.1 - - [26/Oct/2025 17:59:10] "POST /web/dataset/call_kw/ir.module.module/search_panel_select_range#ir.module.module.search_panel_select_range HTTP/1.1" 200 - 44 0.021 0.017
2025-10-26 17:59:10,235 13052 INFO scholarixglobal werkzeug: 127.0.0.1 - - [26/Oct/2025 17:59:10] "POST /web/dataset/call_kw/ir.module.module/check_module_update#ir.module.module.check_module_update HTTP/1.1" 200 - 2 0.003 0.004
2025-10-26 17:59:10,239 13052 INFO scholarixglobal werkzeug: 127.0.0.1 - - [26/Oct/2025 17:59:10] "POST /web/dataset/call_kw/ir.module.module/web_search_read#ir.module.module.web_search_read HTTP/1.1" 200 - 3 0.003 0.045
2025-10-26 17:59:10,311 13052 INFO scholarixglobal werkzeug: 127.0.0.1 - - [26/Oct/2025 17:59:10] "POST /web/dataset/call_kw/ir.module.module/check_module_update#ir.module.module.check_module_update HTTP/1.1" 200 - 2 0.001 0.003
2025-10-26 17:59:10,334 13052 INFO scholarixglobal werkzeug: 127.0.0.1 - - [26/Oct/2025 17:59:10] "POST /web/dataset/call_kw/ir.module.module/check_module_update#ir.module.module.check_module_update HTTP/1.1" 200 - 2 0.001 0.003
2025-10-26 17:59:10,385 13052 INFO scholarixglobal werkzeug: 127.0.0.1 - - [26/Oct/2025 17:59:10] "GET /web/image?model=res.users&field=avatar_128&id=2 HTTP/1.1" 304 - 15 0.009 0.031
2025-10-26 17:59:10,397 13052 INFO scholarixglobal werkzeug: 127.0.0.1 - - [26/Oct/2025 17:59:10] "GET /bus/websocket_worker_bundle?v=saas-18.5-1 HTTP/1.1" 304 - 4 0.016 0.017
2025-10-26 17:59:10,581 13052 INFO ? werkzeug: 127.0.0.1 - - [26/Oct/2025 17:59:10] "GET /base/static/img/icons/account_accountant.png HTTP/1.1" 200 - 0 0.000 0.002
2025-10-26 17:59:10,678 13052 INFO ? werkzeug: 127.0.0.1 - - [26/Oct/2025 17:59:10] "GET /base/static/img/icons/web_studio.png HTTP/1.1" 200 - 0 0.000 0.004
2025-10-26 17:59:10,679 13052 INFO ? werkzeug: 127.0.0.1 - - [26/Oct/2025 17:59:10] "GET /base/static/img/icons/industry_fsm.png HTTP/1.1" 200 - 0 0.000 0.008
2025-10-26 17:59:10,688 13052 INFO ? werkzeug: 127.0.0.1 - - [26/Oct/2025 17:59:10] "GET /hr_expense/static/description/icon.png HTTP/1.1" 200 - 0 0.000 0.006
2025-10-26 17:59:10,693 13052 INFO ? werkzeug: 127.0.0.1 - - [26/Oct/2025 17:59:10] "GET /mass_mailing/static/description/icon.png HTTP/1.1" 200 - 0 0.000 0.004
2025-10-26 17:59:10,704 13052 INFO ? werkzeug: 127.0.0.1 - - [26/Oct/2025 17:59:10] "GET /base/static/img/icons/sign.png HTTP/1.1" 200 - 0 0.000 0.003
2025-10-26 17:59:10,719 13052 INFO scholarixglobal werkzeug: 127.0.0.1 - - [26/Oct/2025 17:59:10] "GET /websocket?version=saas-18.5-1 HTTP/1.1" 101 - 1 0.000 0.004
2025-10-26 17:59:10,889 13052 INFO ? werkzeug: 127.0.0.1 - - [26/Oct/2025 17:59:10] "GET /rental_management/static/description/icon.png HTTP/1.1" 200 - 0 0.000 0.003
2025-10-26 17:59:10,990 13052 INFO ? werkzeug: 127.0.0.1 - - [26/Oct/2025 17:59:10] "GET /hr_recruitment/static/description/icon.png HTTP/1.1" 200 - 0 0.000 0.005
2025-10-26 17:59:10,990 13052 INFO ? werkzeug: 127.0.0.1 - - [26/Oct/2025 17:59:10] "GET /website_sale/static/description/icon.png HTTP/1.1" 200 - 0 0.000 0.006
2025-10-26 17:59:10,999 13052 INFO ? werkzeug: 127.0.0.1 - - [26/Oct/2025 17:59:10] "GET /point_of_sale/static/description/icon.png HTTP/1.1" 200 - 0 0.000 0.007
2025-10-26 17:59:11,004 13052 INFO ? werkzeug: 127.0.0.1 - - [26/Oct/2025 17:59:11] "GET /project/static/description/icon.png HTTP/1.1" 200 - 0 0.000 0.003
2025-10-26 17:59:11,012 13052 INFO ? werkzeug: 127.0.0.1 - - [26/Oct/2025 17:59:11] "GET /mrp/static/description/icon.png HTTP/1.1" 200 - 0 0.000 0.005
2025-10-26 17:59:11,196 13052 INFO ? werkzeug: 127.0.0.1 - - [26/Oct/2025 17:59:11] "GET /marketing_card/static/description/icon.png HTTP/1.1" 200 - 0 0.000 0.004
2025-10-26 17:59:11,310 13052 INFO ? werkzeug: 127.0.0.1 - - [26/Oct/2025 17:59:11] "GET /base/static/img/icons/knowledge.png HTTP/1.1" 200 - 0 0.000 0.004
2025-10-26 17:59:11,314 13052 INFO ? werkzeug: 127.0.0.1 - - [26/Oct/2025 17:59:11] "GET /purchase/static/description/icon.png HTTP/1.1" 200 - 0 0.000 0.008
2025-10-26 17:59:11,324 13052 INFO ? werkzeug: 127.0.0.1 - - [26/Oct/2025 17:59:11] "GET /data_recycle/static/description/icon.png HTTP/1.1" 200 - 0 0.000 0.016
2025-10-26 17:59:11,326 13052 INFO ? werkzeug: 127.0.0.1 - - [26/Oct/2025 17:59:11] "GET /base/static/img/icons/timesheet_grid.png HTTP/1.1" 200 - 0 0.000 0.012
2025-10-26 17:59:11,328 13052 INFO ? werkzeug: 127.0.0.1 - - [26/Oct/2025 17:59:11] "GET /hr_holidays/static/description/icon.png HTTP/1.1" 200 - 0 0.000 0.007
2025-10-26 17:59:11,514 13052 INFO ? werkzeug: 127.0.0.1 - - [26/Oct/2025 17:59:11] "GET /base/static/img/icons/quality_control.png HTTP/1.1" 200 - 0 0.000 0.004
2025-10-26 17:59:11,622 13052 INFO ? werkzeug: 127.0.0.1 - - [26/Oct/2025 17:59:11] "GET /base/static/img/icons/helpdesk.png HTTP/1.1" 200 - 0 0.000 0.004
2025-10-26 17:59:11,625 13052 INFO ? werkzeug: 127.0.0.1 - - [26/Oct/2025 17:59:11] "GET /website_slides/static/description/icon.png HTTP/1.1" 200 - 0 0.000 0.006
2025-10-26 17:59:11,631 13052 INFO ? werkzeug: 127.0.0.1 - - [26/Oct/2025 17:59:11] "GET /base/static/img/icons/sale_subscription.png HTTP/1.1" 200 - 0 0.000 0.004
2025-10-26 17:59:11,638 13052 INFO ? werkzeug: 127.0.0.1 - - [26/Oct/2025 17:59:11] "GET /mail/static/description/icon.png HTTP/1.1" 200 - 0 0.000 0.004
2025-10-26 17:59:11,641 13052 INFO ? werkzeug: 127.0.0.1 - - [26/Oct/2025 17:59:11] "GET /website_event/static/description/icon.png HTTP/1.1" 200 - 0 0.000 0.007
2025-10-26 17:59:11,825 13052 INFO ? werkzeug: 127.0.0.1 - - [26/Oct/2025 17:59:11] "GET /base/static/img/icons/planning.png HTTP/1.1" 200 - 0 0.000 0.003
2025-10-26 17:59:11,934 13052 INFO ? werkzeug: 127.0.0.1 - - [26/Oct/2025 17:59:11] "GET /contacts/static/description/icon.png HTTP/1.1" 200 - 0 0.000 0.004
2025-10-26 17:59:11,937 13052 INFO ? werkzeug: 127.0.0.1 - - [26/Oct/2025 17:59:11] "GET /base/static/img/icons/mrp_plm.png HTTP/1.1" 200 - 0 0.000 0.006
2025-10-26 17:59:11,945 13052 INFO ? werkzeug: 127.0.0.1 - - [26/Oct/2025 17:59:11] "GET /base/static/img/icons/hr_appraisal.png HTTP/1.1" 200 - 0 0.000 0.006
2025-10-26 17:59:11,951 13052 INFO ? werkzeug: 127.0.0.1 - - [26/Oct/2025 17:59:11] "GET /base/static/img/icons/appointment.png HTTP/1.1" 200 - 0 0.000 0.005
2025-10-26 17:59:11,953 13052 INFO ? werkzeug: 127.0.0.1 - - [26/Oct/2025 17:59:11] "GET /base/static/img/icons/social.png HTTP/1.1" 200 - 0 0.000 0.009
2025-10-26 17:59:12,136 13052 INFO ? werkzeug: 127.0.0.1 - - [26/Oct/2025 17:59:12] "GET /base/static/img/icons/marketing_automation.png HTTP/1.1" 200 - 0 0.000 0.003
2025-10-26 17:59:12,260 13052 INFO ? werkzeug: 127.0.0.1 - - [26/Oct/2025 17:59:12] "GET /im_livechat/static/description/icon.png HTTP/1.1" 200 - 0 0.000 0.004
2025-10-26 17:59:12,264 13052 INFO ? werkzeug: 127.0.0.1 - - [26/Oct/2025 17:59:12] "GET /fleet/static/description/icon.png HTTP/1.1" 200 - 0 0.000 0.010
2025-10-26 17:59:12,268 13052 INFO ? werkzeug: 127.0.0.1 - - [26/Oct/2025 17:59:12] "GET /base/static/img/icons/mrp_workorder.png HTTP/1.1" 200 - 0 0.000 0.007
2025-10-26 17:59:12,275 13052 INFO ? werkzeug: 127.0.0.1 - - [26/Oct/2025 17:59:12] "GET /stock/static/description/icon.png HTTP/1.1" 200 - 0 0.000 0.010
2025-10-26 17:59:12,280 13052 INFO ? werkzeug: 127.0.0.1 - - [26/Oct/2025 17:59:12] "GET /pos_restaurant/static/description/icon.png HTTP/1.1" 200 - 0 0.000 0.017
2025-10-26 17:59:12,442 13052 INFO ? werkzeug: 127.0.0.1 - - [26/Oct/2025 17:59:12] "GET /survey/static/description/icon.png HTTP/1.1" 200 - 0 0.000 0.001
2025-10-26 17:59:12,581 13052 INFO ? werkzeug: 127.0.0.1 - - [26/Oct/2025 17:59:12] "GET /base/static/img/icons/web_mobile.png HTTP/1.1" 200 - 0 0.000 0.002
2025-10-26 17:59:12,587 13052 INFO ? werkzeug: 127.0.0.1 - - [26/Oct/2025 17:59:12] "GET /repair/static/description/icon.png HTTP/1.1" 200 - 0 0.000 0.007
2025-10-26 17:59:12,594 13052 INFO ? werkzeug: 127.0.0.1 - - [26/Oct/2025 17:59:12] "GET /hr_attendance/static/description/icon.png HTTP/1.1" 200 - 0 0.000 0.012
2025-10-26 17:59:12,600 13052 INFO ? werkzeug: 127.0.0.1 - - [26/Oct/2025 17:59:12] "GET /mass_mailing_sms/static/description/icon.png HTTP/1.1" 200 - 0 0.000 0.015
2025-10-26 17:59:12,600 13052 INFO ? werkzeug: 127.0.0.1 - - [26/Oct/2025 17:59:12] "GET /base/static/img/icons/stock_barcode.png HTTP/1.1" 200 - 0 0.000 0.012
2025-10-26 17:59:12,753 13052 INFO ? werkzeug: 127.0.0.1 - - [26/Oct/2025 17:59:12] "GET /project_todo/static/description/icon.png HTTP/1.1" 200 - 0 0.000 0.003
2025-10-26 17:59:12,893 13052 INFO ? werkzeug: 127.0.0.1 - - [26/Oct/2025 17:59:12] "GET /hr_skills/static/description/icon.png HTTP/1.1" 200 - 0 0.000 0.003
2025-10-26 17:59:12,902 13052 INFO ? werkzeug: 127.0.0.1 - - [26/Oct/2025 17:59:12] "GET /base/static/img/icons/voip.png HTTP/1.1" 200 - 0 0.000 0.006
2025-10-26 17:59:12,904 13052 INFO ? werkzeug: 127.0.0.1 - - [26/Oct/2025 17:59:12] "GET /lunch/static/description/icon.png HTTP/1.1" 200 - 0 0.000 0.007
2025-10-26 17:59:12,916 13052 INFO ? werkzeug: 127.0.0.1 - - [26/Oct/2025 17:59:12] "GET /website_hr_recruitment/static/description/icon.png HTTP/1.1" 200 - 0 0.000 0.010
2025-10-26 17:59:12,916 13052 INFO ? werkzeug: 127.0.0.1 - - [26/Oct/2025 17:59:12] "GET /base/static/img/icons/sale_amazon.png HTTP/1.1" 200 - 0 0.000 0.007
2025-10-26 17:59:13,063 13052 INFO ? werkzeug: 127.0.0.1 - - [26/Oct/2025 17:59:13] "GET /web/static/img/favicon.ico HTTP/1.1" 200 - 0 0.000 0.005
2025-10-26 17:59:13,254 13052 INFO scholarixglobal werkzeug: 127.0.0.1 - - [26/Oct/2025 17:59:13] "POST /web/dataset/call_kw/ir.module.module/search_panel_select_range#ir.module.module.search_panel_select_range HTTP/1.1" 200 - 44 0.011 0.012
2025-10-26 17:59:13,294 13052 INFO scholarixglobal werkzeug: 127.0.0.1 - - [26/Oct/2025 17:59:13] "GET /web/service-worker.js HTTP/1.1" 200 - 1 0.000 0.009
2025-10-26 17:59:13,297 13052 INFO scholarixglobal werkzeug: 127.0.0.1 - - [26/Oct/2025 17:59:13] "GET /web/manifest.webmanifest HTTP/1.1" 200 - 8 0.006 0.008
2025-10-26 17:59:13,313 13052 INFO scholarixglobal werkzeug: 127.0.0.1 - - [26/Oct/2025 17:59:13] "POST /web/dataset/call_kw/ir.module.module/web_search_read#ir.module.module.web_search_read HTTP/1.1" 200 - 4 0.005 0.077
2025-10-26 17:59:13,673 13052 INFO scholarixglobal werkzeug: 127.0.0.1 - - [26/Oct/2025 17:59:13] "POST /web/dataset/call_kw/ir.module.module/check_module_update#ir.module.module.check_module_update HTTP/1.1" 200 - 2 0.001 0.004
2025-10-26 17:59:14,905 13052 INFO scholarixglobal werkzeug: 127.0.0.1 - - [26/Oct/2025 17:59:14] "GET /web/service-worker.js HTTP/1.1" 200 - 1 0.000 0.002
2025-10-26 17:59:20,080 13052 INFO scholarixglobal werkzeug: 127.0.0.1 - - [26/Oct/2025 17:59:20] "POST /web/dataset/call_kw/ir.module.module/web_search_read#ir.module.module.web_search_read HTTP/1.1" 200 - 4 0.004 0.094
2025-10-26 17:59:20,265 13052 INFO ? werkzeug: 127.0.0.1 - - [26/Oct/2025 17:59:20] "GET /hr_timesheet/static/description/icon.png HTTP/1.1" 200 - 0 0.000 0.003
2025-10-26 17:59:20,442 13052 INFO ? werkzeug: 127.0.0.1 - - [26/Oct/2025 17:59:20] "GET /website_crm/static/description/icon.png HTTP/1.1" 200 - 0 0.000 0.007
2025-10-26 17:59:20,445 13052 INFO ? werkzeug: 127.0.0.1 - - [26/Oct/2025 17:59:20] "GET /auto_database_backup/static/description/icon.png HTTP/1.1" 200 - 0 0.000 0.009
2025-10-26 17:59:20,447 13052 INFO ? werkzeug: 127.0.0.1 - - [26/Oct/2025 17:59:20] "GET /account_check_printing/static/description/icon.png HTTP/1.1" 200 - 0 0.000 0.012
2025-10-26 17:59:20,448 13052 INFO ? werkzeug: 127.0.0.1 - - [26/Oct/2025 17:59:20] "GET /hr_work_entry/static/description/icon.png HTTP/1.1" 200 - 0 0.000 0.014
2025-10-26 17:59:20,451 13052 INFO ? werkzeug: 127.0.0.1 - - [26/Oct/2025 17:59:20] "GET /base_account_budget/static/description/icon.png HTTP/1.1" 200 - 0 0.000 0.010
2025-10-26 17:59:20,573 13052 INFO ? werkzeug: 127.0.0.1 - - [26/Oct/2025 17:59:20] "GET /code_backend_theme/static/description/icon.png HTTP/1.1" 200 - 0 0.000 0.003
2025-10-26 17:59:20,761 13052 INFO ? werkzeug: 127.0.0.1 - - [26/Oct/2025 17:59:20] "GET /event/static/description/icon.png HTTP/1.1" 200 - 0 0.000 0.003
2025-10-26 17:59:30,589 13052 INFO scholarixglobal werkzeug: 127.0.0.1 - - [26/Oct/2025 17:59:30] "POST /web/dataset/call_kw/ir.module.module/web_search_read#ir.module.module.web_search_read HTTP/1.1" 200 - 4 0.003 0.070
2025-10-26 17:59:30,781 13052 INFO ? werkzeug: 127.0.0.1 - - [26/Oct/2025 17:59:30] "GET /google_calendar/static/description/icon.png HTTP/1.1" 200 - 0 0.000 0.003
2025-10-26 17:59:30,961 13052 INFO ? werkzeug: 127.0.0.1 - - [26/Oct/2025 17:59:30] "GET /google_gmail/static/description/icon.png HTTP/1.1" 200 - 0 0.000 0.009
2025-10-26 17:59:30,963 13052 INFO ? werkzeug: 127.0.0.1 - - [26/Oct/2025 17:59:30] "GET /iap/static/description/icon.png HTTP/1.1" 200 - 0 0.000 0.009
2025-10-26 17:59:30,964 13052 INFO ? werkzeug: 127.0.0.1 - - [26/Oct/2025 17:59:30] "GET /hide_menu_user/static/description/icon.png HTTP/1.1" 200 - 0 0.000 0.012
2025-10-26 17:59:30,967 13052 INFO ? werkzeug: 127.0.0.1 - - [26/Oct/2025 17:59:30] "GET /account/static/description/l10n.png HTTP/1.1" 200 - 0 0.000 0.011
2025-10-26 17:59:30,969 13052 INFO ? werkzeug: 127.0.0.1 - - [26/Oct/2025 17:59:30] "GET /base/static/img/country_flags/ar.png HTTP/1.1" 200 - 0 0.000 0.011
2025-10-26 17:59:37,194 13052 INFO scholarixglobal werkzeug: 127.0.0.1 - - [26/Oct/2025 17:59:37] "POST /web/dataset/call_kw/ir.module.module/web_search_read#ir.module.module.web_search_read HTTP/1.1" 200 - 4 0.005 0.060
2025-10-26 17:59:40,255 13052 INFO scholarixglobal werkzeug: 127.0.0.1 - - [26/Oct/2025 17:59:40] "POST /web/dataset/call_kw/ir.module.module/web_search_read#ir.module.module.web_search_read HTTP/1.1" 200 - 4 0.003 0.015
2025-10-26 17:59:40,608 13052 INFO ? werkzeug: 127.0.0.1 - - [26/Oct/2025 17:59:40] "GET /l10n_syscohada/static/description/icon.jpeg HTTP/1.1" 200 - 0 0.000 0.005
2025-10-26 17:59:40,609 13052 INFO ? werkzeug: 127.0.0.1 - - [26/Oct/2025 17:59:40] "GET /mail_bot/static/description/icon.png HTTP/1.1" 200 - 0 0.000 0.005
2025-10-26 17:59:42,686 13052 INFO scholarixglobal werkzeug: 127.0.0.1 - - [26/Oct/2025 17:59:42] "POST /web/dataset/call_kw/ir.module.module/web_search_read#ir.module.module.web_search_read HTTP/1.1" 200 - 4 0.003 0.019
2025-10-26 17:59:43,050 13052 INFO ? werkzeug: 127.0.0.1 - - [26/Oct/2025 17:59:43] "GET /sale_gelato/static/description/icon.png HTTP/1.1" 200 - 0 0.000 0.002
2025-10-26 17:59:43,060 13052 INFO ? werkzeug: 127.0.0.1 - - [26/Oct/2025 17:59:43] "GET /microsoft_calendar/static/description/icon.png HTTP/1.1" 200 - 0 0.000 0.010
2025-10-26 17:59:43,060 13052 INFO ? werkzeug: 127.0.0.1 - - [26/Oct/2025 17:59:43] "GET /sale/static/description/icon.png HTTP/1.1" 200 - 0 0.000 0.012
2025-10-26 17:59:43,064 13052 INFO ? werkzeug: 127.0.0.1 - - [26/Oct/2025 17:59:43] "GET /partner_autocomplete/static/description/icon.png HTTP/1.1" 200 - 0 0.000 0.010
2025-10-26 17:59:43,065 13052 INFO ? werkzeug: 127.0.0.1 - - [26/Oct/2025 17:59:43] "GET /microsoft_outlook/static/description/icon.png HTTP/1.1" 200 - 0 0.000 0.013
2025-10-26 17:59:43,069 13052 INFO ? werkzeug: 127.0.0.1 - - [26/Oct/2025 17:59:43] "GET /partnership/static/description/icon.png HTTP/1.1" 200 - 0 0.000 0.013
2025-10-26 17:59:43,360 13052 INFO ? werkzeug: 127.0.0.1 - - [26/Oct/2025 17:59:43] "GET /product/static/description/icon.png HTTP/1.1" 200 - 0 0.000 0.003
2025-10-26 17:59:43,377 13052 INFO ? werkzeug: 127.0.0.1 - - [26/Oct/2025 17:59:43] "GET /payment/static/description/icon.png HTTP/1.1" 200 - 0 0.000 0.004
2025-10-26 17:59:43,379 13052 INFO ? werkzeug: 127.0.0.1 - - [26/Oct/2025 17:59:43] "GET /pos_glory_cash/static/description/icon.png HTTP/1.1" 200 - 0 0.000 0.003
2025-10-26 17:59:43,380 13052 INFO ? werkzeug: 127.0.0.1 - - [26/Oct/2025 17:59:43] "GET /base/static/img/icons/payment_sepa_direct_debit.png HTTP/1.1" 200 - 0 0.000 0.005
2025-10-26 17:59:46,337 13052 INFO scholarixglobal werkzeug: 127.0.0.1 - - [26/Oct/2025 17:59:46] "POST /web/dataset/call_kw/ir.module.module/web_search_read#ir.module.module.web_search_read HTTP/1.1" 200 - 4 0.004 0.054
2025-10-26 17:59:46,547 13052 INFO ? werkzeug: 127.0.0.1 - - [26/Oct/2025 17:59:46] "GET /sale_timesheet/static/description/icon.png HTTP/1.1" 200 - 0 0.000 0.003
2025-10-26 17:59:46,704 13052 INFO ? werkzeug: 127.0.0.1 - - [26/Oct/2025 17:59:46] "GET /snailmail/static/description/icon.png HTTP/1.1" 200 - 0 0.000 0.003
2025-10-26 17:59:46,706 13052 INFO ? werkzeug: 127.0.0.1 - - [26/Oct/2025 17:59:46] "GET /sms/static/description/icon.png HTTP/1.1" 200 - 0 0.000 0.005
2025-10-26 17:59:46,713 13052 INFO ? werkzeug: 127.0.0.1 - - [26/Oct/2025 17:59:46] "GET /spreadsheet/static/description/icon.png HTTP/1.1" 200 - 0 0.000 0.010
2025-10-26 17:59:46,720 13052 INFO ? werkzeug: 127.0.0.1 - - [26/Oct/2025 17:59:46] "GET /spreadsheet_dashboard/static/description/icon.png HTTP/1.1" 200 - 0 0.000 0.013
2025-10-26 17:59:46,724 13052 INFO ? werkzeug: 127.0.0.1 - - [26/Oct/2025 17:59:46] "GET /transifex/static/description/icon.png HTTP/1.1" 200 - 0 0.000 0.009
2025-10-26 17:59:46,857 13052 INFO ? werkzeug: 127.0.0.1 - - [26/Oct/2025 17:59:46] "GET /utm/static/description/icon.png HTTP/1.1" 200 - 0 0.000 0.003
2025-10-26 17:59:47,019 13052 INFO ? werkzeug: 127.0.0.1 - - [26/Oct/2025 17:59:47] "GET /vista_backend_theme/static/description/icon.png HTTP/1.1" 200 - 0 0.000 0.005
2025-10-26 17:59:47,021 13052 INFO ? werkzeug: 127.0.0.1 - - [26/Oct/2025 17:59:47] "GET /web_unsplash/static/description/icon.png HTTP/1.1" 200 - 0 0.000 0.006
2025-10-26 17:59:51,928 13052 INFO scholarixglobal werkzeug: 127.0.0.1 - - [26/Oct/2025 17:59:51] "POST /web/dataset/call_kw/ir.module.module/web_search_read#ir.module.module.web_search_read HTTP/1.1" 200 - 4 0.004 0.039
2025-10-26 17:59:52,140 13052 INFO ? werkzeug: 127.0.0.1 - - [26/Oct/2025 17:59:52] "GET /payment_flutterwave/static/description/icon.png HTTP/1.1" 200 - 0 0.000 0.003
2025-10-26 17:59:52,297 13052 INFO ? werkzeug: 127.0.0.1 - - [26/Oct/2025 17:59:52] "GET /payment_iyzico/static/description/icon.png HTTP/1.1" 200 - 0 0.000 0.004
2025-10-26 17:59:52,299 13052 INFO ? werkzeug: 127.0.0.1 - - [26/Oct/2025 17:59:52] "GET /payment_demo/static/description/icon.png HTTP/1.1" 200 - 0 0.000 0.005
2025-10-26 17:59:52,301 13052 INFO ? werkzeug: 127.0.0.1 - - [26/Oct/2025 17:59:52] "GET /payment_worldline/static/description/icon.png HTTP/1.1" 200 - 0 0.000 0.005
2025-10-26 17:59:52,307 13052 INFO ? werkzeug: 127.0.0.1 - - [26/Oct/2025 17:59:52] "GET /payment_xendit/static/description/icon.png HTTP/1.1" 200 - 0 0.000 0.009
2025-10-26 17:59:52,311 13052 INFO ? werkzeug: 127.0.0.1 - - [26/Oct/2025 17:59:52] "GET /payment_buckaroo/static/description/icon.png HTTP/1.1" 200 - 0 0.000 0.010
2025-10-26 17:59:52,452 13052 INFO ? werkzeug: 127.0.0.1 - - [26/Oct/2025 17:59:52] "GET /payment_paypal/static/description/icon.png HTTP/1.1" 200 - 0 0.000 0.003
2025-10-26 17:59:52,607 13052 INFO ? werkzeug: 127.0.0.1 - - [26/Oct/2025 17:59:52] "GET /payment_razorpay/static/description/icon.png HTTP/1.1" 200 - 0 0.000 0.004
2025-10-26 17:59:52,609 13052 INFO ? werkzeug: 127.0.0.1 - - [26/Oct/2025 17:59:52] "GET /payment_mercado_pago/static/description/icon.png HTTP/1.1" 200 - 0 0.000 0.005
2025-10-26 17:59:52,620 13052 INFO ? werkzeug: 127.0.0.1 - - [26/Oct/2025 17:59:52] "GET /payment_aps/static/description/icon.png HTTP/1.1" 200 - 0 0.000 0.006
2025-10-26 17:59:52,621 13052 INFO ? werkzeug: 127.0.0.1 - - [26/Oct/2025 17:59:52] "GET /payment_paymob/static/description/icon.png HTTP/1.1" 200 - 0 0.000 0.010
2025-10-26 17:59:52,623 13052 INFO ? werkzeug: 127.0.0.1 - - [26/Oct/2025 17:59:52] "GET /payment_custom/static/description/icon.png HTTP/1.1" 200 - 0 0.000 0.005
2025-10-26 17:59:52,759 13052 INFO ? werkzeug: 127.0.0.1 - - [26/Oct/2025 17:59:52] "GET /payment_redsys/static/description/icon.png HTTP/1.1" 200 - 0 0.000 0.002
2025-10-26 17:59:52,921 13052 INFO ? werkzeug: 127.0.0.1 - - [26/Oct/2025 17:59:52] "GET /payment_adyen/static/description/icon.png HTTP/1.1" 200 - 0 0.000 0.007
2025-10-26 17:59:52,922 13052 INFO ? werkzeug: 127.0.0.1 - - [26/Oct/2025 17:59:52] "GET /payment_nuvei/static/description/icon.png HTTP/1.1" 200 - 0 0.000 0.010
2025-10-26 17:59:52,935 13052 INFO ? werkzeug: 127.0.0.1 - - [26/Oct/2025 17:59:52] "GET /payment_authorize/static/description/icon.png HTTP/1.1" 200 - 0 0.000 0.010
2025-10-26 17:59:52,939 13052 INFO ? werkzeug: 127.0.0.1 - - [26/Oct/2025 17:59:52] "GET /payment_asiapay/static/description/icon.png HTTP/1.1" 200 - 0 0.000 0.012
2025-10-26 17:59:52,941 13052 INFO ? werkzeug: 127.0.0.1 - - [26/Oct/2025 17:59:52] "GET /payment_mollie/static/description/icon.png HTTP/1.1" 200 - 0 0.000 0.010
2025-10-26 17:59:53,072 13052 INFO ? werkzeug: 127.0.0.1 - - [26/Oct/2025 17:59:53] "GET /payment_stripe/static/description/icon.png HTTP/1.1" 200 - 0 0.000 0.003
2025-10-26 17:59:53,247 13052 INFO ? werkzeug: 127.0.0.1 - - [26/Oct/2025 17:59:53] "GET /payment_dpo/static/description/icon.png HTTP/1.1" 200 - 0 0.000 0.007
2025-10-26 17:59:53,251 13052 INFO ? werkzeug: 127.0.0.1 - - [26/Oct/2025 17:59:53] "GET /website_crm_partner_assign/static/description/icon.png HTTP/1.1" 200 - 0 0.000 0.010
2025-10-26 17:59:53,253 13052 INFO ? werkzeug: 127.0.0.1 - - [26/Oct/2025 17:59:53] "GET /website_customer/static/description/icon.png HTTP/1.1" 200 - 0 0.000 0.011
2025-10-26 17:59:53,259 13052 INFO ? werkzeug: 127.0.0.1 - - [26/Oct/2025 17:59:53] "GET /website_event_sale/static/description/icon.png HTTP/1.1" 200 - 0 0.000 0.011
2025-10-26 17:59:53,262 13052 INFO ? werkzeug: 127.0.0.1 - - [26/Oct/2025 17:59:53] "GET /website_event_track/static/description/icon.png HTTP/1.1" 200 - 0 0.000 0.009
2025-10-26 17:59:53,382 13052 INFO ? werkzeug: 127.0.0.1 - - [26/Oct/2025 17:59:53] "GET /website_google_map/static/description/icon.png HTTP/1.1" 200 - 0 0.000 0.003
2025-10-26 17:59:53,570 13052 INFO ? werkzeug: 127.0.0.1 - - [26/Oct/2025 17:59:53] "GET /board/static/description/icon.png HTTP/1.1" 200 - 0 0.000 0.004
2025-10-26 17:59:53,575 13052 INFO ? werkzeug: 127.0.0.1 - - [26/Oct/2025 17:59:53] "GET /gamification/static/description/icon.png HTTP/1.1" 200 - 0 0.000 0.008
2025-10-26 17:59:53,576 13052 INFO ? werkzeug: 127.0.0.1 - - [26/Oct/2025 17:59:53] "GET /website_forum/static/description/icon.png HTTP/1.1" 200 - 0 0.000 0.007
2025-10-26 17:59:53,583 13052 INFO ? werkzeug: 127.0.0.1 - - [26/Oct/2025 17:59:53] "GET /website_blog/static/description/icon.png HTTP/1.1" 200 - 0 0.000 0.013
2025-10-26 17:59:53,584 13052 INFO ? werkzeug: 127.0.0.1 - - [26/Oct/2025 17:59:53] "GET /website_sale_stock/static/description/icon.png HTTP/1.1" 200 - 0 0.000 0.012
2025-10-26 17:59:53,696 13052 INFO ? werkzeug: 127.0.0.1 - - [26/Oct/2025 17:59:53] "GET /website_sale_wishlist/static/description/icon.png HTTP/1.1" 200 - 0 0.000 0.003
2025-10-26 17:59:53,887 13052 INFO ? werkzeug: 127.0.0.1 - - [26/Oct/2025 17:59:53] "GET /website_sale_loyalty/static/description/icon.png HTTP/1.1" 200 - 0 0.000 0.005
2025-10-26 17:59:53,889 13052 INFO ? werkzeug: 127.0.0.1 - - [26/Oct/2025 17:59:53] "GET /website_sale_comparison/static/description/icon.png HTTP/1.1" 200 - 0 0.000 0.005
2025-10-26 17:59:53,890 13052 INFO ? werkzeug: 127.0.0.1 - - [26/Oct/2025 17:59:53] "GET /website_sale_collect/static/description/icon.png HTTP/1.1" 200 - 0 0.000 0.005
2025-10-26 17:59:53,897 13052 INFO ? werkzeug: 127.0.0.1 - - [26/Oct/2025 17:59:53] "GET /website_links/static/description/icon.png HTTP/1.1" 200 - 0 0.000 0.006
2025-10-26 17:59:53,899 13052 INFO ? werkzeug: 127.0.0.1 - - [26/Oct/2025 17:59:53] "GET /website_livechat/static/description/icon.png HTTP/1.1" 200 - 0 0.000 0.005
2025-10-26 17:59:54,007 13052 INFO ? werkzeug: 127.0.0.1 - - [26/Oct/2025 17:59:54] "GET /website_mass_mailing/static/description/icon.png HTTP/1.1" 200 - 0 0.000 0.002
2025-10-26 17:59:54,210 13052 INFO ? werkzeug: 127.0.0.1 - - [26/Oct/2025 17:59:54] "GET /website_partner/static/description/icon.png HTTP/1.1" 200 - 0 0.000 0.003
2025-10-26 17:59:54,213 13052 INFO ? werkzeug: 127.0.0.1 - - [26/Oct/2025 17:59:54] "GET /website_payment/static/description/icon.png HTTP/1.1" 200 - 0 0.000 0.006
2025-10-26 17:59:54,214 13052 INFO ? werkzeug: 127.0.0.1 - - [26/Oct/2025 17:59:54] "GET /website_project/static/description/icon.png HTTP/1.1" 200 - 0 0.000 0.005
2025-10-26 17:59:57,545 13052 INFO scholarixglobal werkzeug: 127.0.0.1 - - [26/Oct/2025 17:59:57] "POST /web/dataset/call_kw/ir.module.module/web_search_read#ir.module.module.web_search_read HTTP/1.1" 200 - 3 0.003 0.006
2025-10-26 17:59:59,760 13052 INFO scholarixglobal werkzeug: 127.0.0.1 - - [26/Oct/2025 17:59:59] "POST /web/dataset/call_kw/ir.module.module/web_search_read#ir.module.module.web_search_read HTTP/1.1" 200 - 4 0.003 0.011
2025-10-26 18:02:09,259 13052 INFO scholarixglobal werkzeug: 127.0.0.1 - - [26/Oct/2025 18:02:09] "POST /web/dataset/call_kw/ir.module.module/web_search_read#ir.module.module.web_search_read HTTP/1.1" 200 - 4 0.004 0.045
2025-10-26 18:02:10,720 13052 INFO scholarixglobal werkzeug: 127.0.0.1 - - [26/Oct/2025 18:02:10] "POST /web/dataset/call_kw/ir.module.module/web_search_read#ir.module.module.web_search_read HTTP/1.1" 200 - 4 0.002 0.010
2025-10-26 18:02:15,408 13052 INFO scholarixglobal werkzeug: 127.0.0.1 - - [26/Oct/2025 18:02:15] "POST /web/dataset/call_kw/ir.module.module/web_search_read#ir.module.module.web_search_read HTTP/1.1" 200 - 4 0.006 0.046
2025-10-26 18:02:16,135 13052 INFO scholarixglobal werkzeug: 127.0.0.1 - - [26/Oct/2025 18:02:16] "POST /web/dataset/call_kw/ir.module.module/web_search_read#ir.module.module.web_search_read HTTP/1.1" 200 - 4 0.003 0.010
2025-10-26 18:02:17,616 13052 INFO scholarixglobal werkzeug: 127.0.0.1 - - [26/Oct/2025 18:02:17] "POST /web/dataset/call_kw/ir.module.module/web_search_read#ir.module.module.web_search_read HTTP/1.1" 200 - 4 0.004 0.041
2025-10-26 18:32:11,395 13052 INFO scholarixglobal odoo.addons.base.models.res_device: User 2 inserts device log (TD0MX4K7sKKqNHRmdRTnVJTXjjVrTmiaiTO5mhWhUK) 
2025-10-26 18:47:28,416 13052 INFO scholarixglobal odoo.addons.base.models.res_device: User 2 inserts device log (TD0MX4K7sKKqNHRmdRTnVJTXjjVrTmiaiTO5mhWhUK) 
2025-10-26 18:47:28,499 13052 INFO scholarixglobal werkzeug: 127.0.0.1 - - [26/Oct/2025 18:47:28] "GET /websocket?version=saas-18.5-1 HTTP/1.1" 101 - 3 0.011 0.121
2025-10-26 18:47:28,980 13052 INFO scholarixglobal werkzeug: 127.0.0.1 - - [26/Oct/2025 18:47:28] "POST /bus/has_missed_notifications HTTP/1.1" 200 - 2 0.024 0.078
2025-10-26 19:39:39,164 13052 INFO scholarixglobal odoo.addons.base.models.ir_cron: Job 'Notification: Notify scheduled messages' (8) starting 
2025-10-26 19:39:39,174 13052 INFO scholarixglobal odoo.addons.base.models.ir_cron: Job 'Mail: Email Queue Manager' (3) starting 
2025-10-26 19:39:39,477 13052 INFO scholarixglobal odoo.addons.base.models.ir_cron: Job 'Notification: Notify scheduled messages' (8) fully done (#loop 1; done 0; remaining 0; duration 0.31s) 
2025-10-26 19:39:39,491 13052 INFO scholarixglobal odoo.addons.base.models.ir_cron: Job 'Mail: Email Queue Manager' (3) fully done (#loop 1; done 0; remaining 0; duration 0.32s) 
2025-10-26 19:39:40,150 13052 INFO scholarixglobal werkzeug: 127.0.0.1 - - [26/Oct/2025 19:39:40] "GET /websocket?version=saas-18.5-1 HTTP/1.1" 101 - 1 0.010 0.060
2025-10-26 19:39:40,615 13052 INFO scholarixglobal werkzeug: 127.0.0.1 - - [26/Oct/2025 19:39:40] "POST /bus/has_missed_notifications HTTP/1.1" 200 - 2 0.012 0.071
2025-10-26 19:42:19,246 13052 INFO scholarixglobal werkzeug: 127.0.0.1 - - [26/Oct/2025 19:42:19] "GET /odoo/apps HTTP/1.1" 200 - 26 0.072 0.254
2025-10-26 19:42:19,491 13052 INFO scholarixglobal werkzeug: 127.0.0.1 - - [26/Oct/2025 19:42:19] "GET /web/webclient/load_menus HTTP/1.1" 200 - 1 0.001 0.041
2025-10-26 19:42:19,677 13052 INFO scholarixglobal werkzeug: 127.0.0.1 - - [26/Oct/2025 19:42:19] "GET /web/webclient/translations?hash=81f9643ba56a006411064e9e08cec9c01eb175c8&lang=en_GB HTTP/1.1" 200 - 1 0.001 0.006
2025-10-26 19:42:20,033 13052 INFO scholarixglobal werkzeug: 127.0.0.1 - - [26/Oct/2025 19:42:20] "GET /web/bundle/web_tour.interactive?lang=en_GB&debug=1 HTTP/1.1" 200 - 1 0.003 0.041
2025-10-26 19:42:20,104 13052 INFO scholarixglobal werkzeug: 127.0.0.1 - - [26/Oct/2025 19:42:20] "POST /web/dataset/call_kw/ir.module.module/get_views#ir.module.module.get_views HTTP/1.1" 200 - 2 0.008 0.103
2025-10-26 19:42:20,121 13052 INFO scholarixglobal werkzeug: 127.0.0.1 - - [26/Oct/2025 19:42:20] "POST /web/dataset/call_kw/ir.module.module/search_panel_select_range#ir.module.module.search_panel_select_range HTTP/1.1" 200 - 1 0.001 0.023
2025-10-26 19:42:20,196 13052 INFO scholarixglobal werkzeug: 127.0.0.1 - - [26/Oct/2025 19:42:20] "POST /web/dataset/call_kw/ir.module.module/search_panel_select_range#ir.module.module.search_panel_select_range HTTP/1.1" 200 - 44 0.064 0.032
2025-10-26 19:42:20,213 13052 INFO scholarixglobal werkzeug: 127.0.0.1 - - [26/Oct/2025 19:42:20] "POST /mail/data HTTP/1.1" 200 - 19 0.064 0.054
2025-10-26 19:42:20,312 13052 INFO scholarixglobal werkzeug: 127.0.0.1 - - [26/Oct/2025 19:42:20] "POST /web/dataset/call_kw/ir.module.module/web_search_read#ir.module.module.web_search_read HTTP/1.1" 200 - 3 0.024 0.186
2025-10-26 19:42:20,348 13052 INFO scholarixglobal werkzeug: 127.0.0.1 - - [26/Oct/2025 19:42:20] "POST /web/dataset/call_kw/ir.module.module/check_module_update#ir.module.module.check_module_update HTTP/1.1" 200 - 2 0.001 0.005
2025-10-26 19:42:20,423 13052 INFO scholarixglobal werkzeug: 127.0.0.1 - - [26/Oct/2025 19:42:20] "POST /web/dataset/call_kw/ir.module.module/check_module_update#ir.module.module.check_module_update HTTP/1.1" 200 - 2 0.001 0.004
2025-10-26 19:42:20,467 13052 INFO scholarixglobal werkzeug: 127.0.0.1 - - [26/Oct/2025 19:42:20] "GET /web/image?model=res.users&field=avatar_128&id=2 HTTP/1.1" 304 - 8 0.010 0.032
2025-10-26 19:42:20,513 13052 INFO scholarixglobal werkzeug: 127.0.0.1 - - [26/Oct/2025 19:42:20] "GET /bus/websocket_worker_bundle?v=saas-18.5-1 HTTP/1.1" 304 - 3 0.003 0.010
2025-10-26 19:42:20,858 13052 INFO scholarixglobal werkzeug: 127.0.0.1 - - [26/Oct/2025 19:42:20] "GET /websocket?version=saas-18.5-1 HTTP/1.1" 101 - 1 0.001 0.004
2025-10-26 19:42:20,926 13052 INFO scholarixglobal werkzeug: 127.0.0.1 - - [26/Oct/2025 19:42:20] "POST /web/action/load HTTP/1.1" 200 - 9 0.029 0.028
2025-10-26 19:42:21,127 13052 INFO scholarixglobal werkzeug: 127.0.0.1 - - [26/Oct/2025 19:42:21] "POST /web/dataset/call_kw/base.module.update/onchange#base.module.update.onchange HTTP/1.1" 200 - 2 0.011 0.032
2025-10-26 19:42:21,132 13052 INFO scholarixglobal werkzeug: 127.0.0.1 - - [26/Oct/2025 19:42:21] "GET /web/manifest.webmanifest HTTP/1.1" 200 - 6 0.028 0.016
2025-10-26 19:42:21,145 13052 INFO scholarixglobal werkzeug: 127.0.0.1 - - [26/Oct/2025 19:42:21] "POST /web/dataset/call_kw/base.module.update/get_views#base.module.update.get_views HTTP/1.1" 200 - 11 0.042 0.033
2025-10-26 19:42:21,722 13052 INFO scholarixglobal werkzeug: 127.0.0.1 - - [26/Oct/2025 19:42:21] "POST /web/dataset/call_kw/base.module.update/web_save#base.module.update.web_save HTTP/1.1" 200 - 5 0.009 0.004
2025-10-26 19:42:22,051 13052 INFO scholarixglobal odoo.addons.base.models.ir_module: ALLOW access to module.update_list on [] to user info@scholarixglobal.com #2 via 127.0.0.1 
2025-10-26 19:42:22,690 13052 INFO scholarixglobal werkzeug: 127.0.0.1 - - [26/Oct/2025 19:42:22] "GET /web/service-worker.js HTTP/1.1" 200 - 1 0.001 0.005
2025-10-26 19:42:30,981 13052 INFO scholarixglobal werkzeug: 127.0.0.1 - - [26/Oct/2025 19:42:30] "POST /web/dataset/call_button/base.module.update/update_module#base.module.update.update_module HTTP/1.1" 200 - 1543 0.503 8.437
2025-10-26 19:42:49,864 13052 INFO scholarixglobal werkzeug: 127.0.0.1 - - [26/Oct/2025 19:42:49] "POST /web/dataset/call_kw/ir.module.module/search_panel_select_range#ir.module.module.search_panel_select_range HTTP/1.1" 200 - 44 0.016 0.016
2025-10-26 19:42:49,922 13052 INFO scholarixglobal werkzeug: 127.0.0.1 - - [26/Oct/2025 19:42:49] "POST /web/dataset/call_kw/ir.module.module/web_search_read#ir.module.module.web_search_read HTTP/1.1" 200 - 4 0.005 0.069
2025-10-26 19:42:50,104 13052 INFO scholarixglobal werkzeug: 127.0.0.1 - - [26/Oct/2025 19:42:50] "POST /web/dataset/call_kw/ir.module.module/check_module_update#ir.module.module.check_module_update HTTP/1.1" 200 - 2 0.001 0.003
2025-10-26 19:42:51,176 13052 INFO scholarixglobal werkzeug: 127.0.0.1 - - [26/Oct/2025 19:42:51] "POST /web/dataset/call_kw/ir.module.module/search_panel_select_range#ir.module.module.search_panel_select_range HTTP/1.1" 200 - 44 0.011 0.010
2025-10-26 19:42:51,505 13052 INFO scholarixglobal werkzeug: 127.0.0.1 - - [26/Oct/2025 19:42:51] "POST /web/dataset/call_kw/ir.module.module/web_search_read#ir.module.module.web_search_read HTTP/1.1" 200 - 3 0.002 0.006
2025-10-26 19:42:51,750 13052 INFO scholarixglobal werkzeug: 127.0.0.1 - - [26/Oct/2025 19:42:51] "POST /web/dataset/call_kw/ir.module.module/check_module_update#ir.module.module.check_module_update HTTP/1.1" 200 - 2 0.002 0.005
2025-10-26 19:42:53,623 13052 INFO scholarixglobal werkzeug: 127.0.0.1 - - [26/Oct/2025 19:42:53] "POST /web/action/load HTTP/1.1" 200 - 9 0.009 0.006
2025-10-26 19:42:53,932 13052 INFO scholarixglobal werkzeug: 127.0.0.1 - - [26/Oct/2025 19:42:53] "POST /web/dataset/call_kw/base.module.upgrade/onchange#base.module.upgrade.onchange HTTP/1.1" 200 - 1 0.001 0.004
2025-10-26 19:42:53,937 13052 INFO scholarixglobal werkzeug: 127.0.0.1 - - [26/Oct/2025 19:42:53] "POST /web/dataset/call_kw/base.module.upgrade/get_views#base.module.upgrade.get_views HTTP/1.1" 200 - 2 0.002 0.010
2025-10-26 19:42:54,836 13052 INFO scholarixglobal werkzeug: 127.0.0.1 - - [26/Oct/2025 19:42:54] "POST /web/dataset/call_kw/base.module.upgrade/web_save#base.module.upgrade.web_save HTTP/1.1" 200 - 4 0.003 0.004
2025-10-26 19:42:55,082 13052 INFO scholarixglobal werkzeug: 127.0.0.1 - - [26/Oct/2025 19:42:55] "POST /web/dataset/call_button/base.module.upgrade/config#base.module.upgrade.config HTTP/1.1" 200 - 1 0.001 0.003
2025-10-26 19:42:55,189 13052 INFO scholarixglobal werkzeug: 127.0.0.1 - - [26/Oct/2025 19:42:55] "GET /odoo/apps HTTP/1.1" 200 - 26 0.014 0.033
2025-10-26 19:42:55,424 13052 INFO scholarixglobal werkzeug: 127.0.0.1 - - [26/Oct/2025 19:42:55] "GET /web/webclient/load_menus HTTP/1.1" 200 - 1 0.001 0.004
2025-10-26 19:42:55,546 13052 INFO scholarixglobal werkzeug: 127.0.0.1 - - [26/Oct/2025 19:42:55] "GET /web/webclient/translations?hash=81f9643ba56a006411064e9e08cec9c01eb175c8&lang=en_GB HTTP/1.1" 200 - 1 0.000 0.003
2025-10-26 19:42:55,642 13052 INFO scholarixglobal werkzeug: 127.0.0.1 - - [26/Oct/2025 19:42:55] "GET /web/bundle/web_tour.interactive?lang=en_GB&debug=1 HTTP/1.1" 200 - 1 0.002 0.004
2025-10-26 19:42:55,658 13052 INFO scholarixglobal werkzeug: 127.0.0.1 - - [26/Oct/2025 19:42:55] "POST /web/dataset/call_kw/ir.module.module/get_views#ir.module.module.get_views HTTP/1.1" 200 - 2 0.002 0.020
2025-10-26 19:42:55,687 13052 INFO scholarixglobal werkzeug: 127.0.0.1 - - [26/Oct/2025 19:42:55] "POST /web/dataset/call_kw/ir.module.module/search_panel_select_range#ir.module.module.search_panel_select_range HTTP/1.1" 200 - 1 0.001 0.004
2025-10-26 19:42:55,696 13052 INFO scholarixglobal werkzeug: 127.0.0.1 - - [26/Oct/2025 19:42:55] "POST /mail/data HTTP/1.1" 200 - 19 0.041 0.017
2025-10-26 19:42:55,785 13052 INFO scholarixglobal werkzeug: 127.0.0.1 - - [26/Oct/2025 19:42:55] "POST /web/dataset/call_kw/ir.module.module/search_panel_select_range#ir.module.module.search_panel_select_range HTTP/1.1" 200 - 44 0.010 0.014
2025-10-26 19:42:55,882 13052 INFO scholarixglobal werkzeug: 127.0.0.1 - - [26/Oct/2025 19:42:55] "POST /web/dataset/call_kw/ir.module.module/web_search_read#ir.module.module.web_search_read HTTP/1.1" 200 - 3 0.003 0.025
2025-10-26 19:42:55,951 13052 INFO scholarixglobal werkzeug: 127.0.0.1 - - [26/Oct/2025 19:42:55] "POST /web/dataset/call_kw/ir.module.module/check_module_update#ir.module.module.check_module_update HTTP/1.1" 200 - 2 0.001 0.002
2025-10-26 19:42:55,967 13052 INFO scholarixglobal werkzeug: 127.0.0.1 - - [26/Oct/2025 19:42:55] "POST /web/dataset/call_kw/ir.module.module/check_module_update#ir.module.module.check_module_update HTTP/1.1" 200 - 2 0.001 0.003
2025-10-26 19:42:56,014 13052 INFO scholarixglobal werkzeug: 127.0.0.1 - - [26/Oct/2025 19:42:56] "GET /web/image?model=res.users&field=avatar_128&id=2 HTTP/1.1" 304 - 8 0.005 0.015
2025-10-26 19:42:56,016 13052 INFO scholarixglobal werkzeug: 127.0.0.1 - - [26/Oct/2025 19:42:56] "GET /bus/websocket_worker_bundle?v=saas-18.5-1 HTTP/1.1" 304 - 3 0.004 0.008
2025-10-26 19:42:56,356 13052 INFO scholarixglobal werkzeug: 127.0.0.1 - - [26/Oct/2025 19:42:56] "GET /websocket?version=saas-18.5-1 HTTP/1.1" 101 - 1 0.001 0.005
2025-10-26 19:42:56,382 13052 INFO scholarixglobal werkzeug: 127.0.0.1 - - [26/Oct/2025 19:42:56] "GET /web/manifest.webmanifest HTTP/1.1" 200 - 6 0.006 0.010
2025-10-26 19:42:57,600 13052 INFO scholarixglobal werkzeug: 127.0.0.1 - - [26/Oct/2025 19:42:57] "GET /web/service-worker.js HTTP/1.1" 200 - 1 0.001 0.002
2025-10-26 19:42:59,000 13052 INFO scholarixglobal werkzeug: 127.0.0.1 - - [26/Oct/2025 19:42:59] "POST /web/dataset/call_kw/ir.module.module/search_panel_select_range#ir.module.module.search_panel_select_range HTTP/1.1" 200 - 44 0.012 0.014
2025-10-26 19:42:59,042 13052 INFO scholarixglobal werkzeug: 127.0.0.1 - - [26/Oct/2025 19:42:59] "POST /web/dataset/call_kw/ir.module.module/web_search_read#ir.module.module.web_search_read HTTP/1.1" 200 - 4 0.005 0.062
2025-10-26 19:42:59,234 13052 INFO scholarixglobal werkzeug: 127.0.0.1 - - [26/Oct/2025 19:42:59] "POST /web/dataset/call_kw/ir.module.module/check_module_update#ir.module.module.check_module_update HTTP/1.1" 200 - 2 0.001 0.002
2025-10-26 19:43:00,071 13052 INFO scholarixglobal werkzeug: 127.0.0.1 - - [26/Oct/2025 19:43:00] "POST /web/dataset/call_kw/ir.module.module/search_panel_select_range#ir.module.module.search_panel_select_range HTTP/1.1" 200 - 44 0.009 0.010
2025-10-26 19:43:00,434 13052 INFO scholarixglobal werkzeug: 127.0.0.1 - - [26/Oct/2025 19:43:00] "POST /web/dataset/call_kw/ir.module.module/web_search_read#ir.module.module.web_search_read HTTP/1.1" 200 - 3 0.003 0.048
2025-10-26 19:43:00,635 13052 INFO scholarixglobal werkzeug: 127.0.0.1 - - [26/Oct/2025 19:43:00] "POST /web/dataset/call_kw/ir.module.module/check_module_update#ir.module.module.check_module_update HTTP/1.1" 200 - 2 0.001 0.002
2025-10-26 19:53:41,479 13052 INFO scholarixglobal odoo.addons.base.models.ir_cron: Job 'Notification: Notify scheduled messages' (8) starting 
2025-10-26 19:53:41,670 13052 INFO scholarixglobal odoo.addons.base.models.ir_cron: Job 'Notification: Notify scheduled messages' (8) fully done (#loop 1; done 0; remaining 0; duration 0.19s) 
2025-10-26 19:53:41,688 13052 INFO scholarixglobal odoo.addons.base.models.ir_cron: Job 'Mail: Email Queue Manager' (3) starting 
2025-10-26 19:53:41,714 13052 INFO scholarixglobal odoo.addons.base.models.ir_cron: Job 'Mail: Email Queue Manager' (3) fully done (#loop 1; done 0; remaining 0; duration 0.03s) 
2025-10-26 20:13:04,471 13052 INFO scholarixglobal odoo.addons.base.models.res_device: User 2 inserts device log (TD0MX4K7sKKqNHRmdRTnVJTXjjVrTmiaiTO5mhWhUK) 
2025-10-26 20:22:47,304 13052 INFO scholarixglobal odoo.addons.base.models.res_device: User 2 inserts device log (TD0MX4K7sKKqNHRmdRTnVJTXjjVrTmiaiTO5mhWhUK) 
2025-10-26 20:49:49,052 13052 INFO scholarixglobal odoo.addons.base.models.res_device: User 2 inserts device log (TD0MX4K7sKKqNHRmdRTnVJTXjjVrTmiaiTO5mhWhUK) 
2025-10-26 20:49:49,121 13052 INFO scholarixglobal werkzeug: 127.0.0.1 - - [26/Oct/2025 20:49:49] "GET /websocket?version=saas-18.5-1 HTTP/1.1" 101 - 2 0.013 0.133
2025-10-26 20:49:49,568 13052 INFO scholarixglobal werkzeug: 127.0.0.1 - - [26/Oct/2025 20:49:49] "POST /bus/has_missed_notifications HTTP/1.1" 200 - 2 0.002 0.010
2025-10-26 20:53:46,318 13052 INFO scholarixglobal odoo.addons.base.models.ir_cron: Job 'Notification: Notify scheduled messages' (8) starting 
2025-10-26 20:53:46,589 13052 INFO scholarixglobal odoo.addons.base.models.ir_cron: Job 'Notification: Notify scheduled messages' (8) fully done (#loop 1; done 0; remaining 0; duration 0.28s) 
2025-10-26 20:53:46,619 13052 INFO scholarixglobal odoo.addons.base.models.ir_cron: Job 'Mail: Email Queue Manager' (3) starting 
2025-10-26 20:53:46,654 13052 INFO scholarixglobal odoo.addons.base.models.ir_cron: Job 'Mail: Email Queue Manager' (3) fully done (#loop 1; done 0; remaining 0; duration 0.04s) 
2025-10-26 21:53:51,414 13052 INFO scholarixglobal odoo.addons.base.models.ir_cron: Job 'Notification: Notify scheduled messages' (8) starting 
2025-10-26 21:53:51,599 13052 INFO scholarixglobal odoo.addons.base.models.ir_cron: Job 'Notification: Notify scheduled messages' (8) fully done (#loop 1; done 0; remaining 0; duration 0.19s) 
2025-10-26 21:53:51,616 13052 INFO scholarixglobal odoo.addons.base.models.ir_cron: Job 'Mail: Email Queue Manager' (3) starting 
2025-10-26 21:53:51,629 13052 INFO scholarixglobal odoo.addons.base.models.ir_cron: Job 'Mail: Email Queue Manager' (3) fully done (#loop 1; done 0; remaining 0; duration 0.01s) 
2025-10-26 22:00:17,373 13052 INFO scholarixglobal odoo.addons.base.models.res_device: User 2 inserts device log (TD0MX4K7sKKqNHRmdRTnVJTXjjVrTmiaiTO5mhWhUK) 
2025-10-26 22:00:19,637 13052 INFO scholarixglobal werkzeug: 127.0.0.1 - - [26/Oct/2025 22:00:19] "GET / HTTP/1.1" 200 - 74 0.255 2.236
2025-10-26 22:00:20,077 13052 INFO scholarixglobal werkzeug: 127.0.0.1 - - [26/Oct/2025 22:00:20] "GET /web/assets/1/a8310b6/web.assets_frontend.min.css HTTP/1.1" 200 - 4 0.004 0.085
2025-10-26 22:00:20,177 13052 INFO scholarixglobal werkzeug: 127.0.0.1 - - [26/Oct/2025 22:00:20] "GET /web/assets/1/2043fc7/web.assets_frontend_minimal.min.js HTTP/1.1" 200 - 4 0.016 0.171
2025-10-26 22:00:20,277 13052 INFO scholarixglobal werkzeug: 127.0.0.1 - - [26/Oct/2025 22:00:20] "GET /web/image/website/1/logo/My%20Website?unique=9526902 HTTP/1.1" 200 - 5 0.003 0.026
2025-10-26 22:00:20,761 13052 INFO scholarixglobal werkzeug: 127.0.0.1 - - [26/Oct/2025 22:00:20] "GET /web/image/website/1/favicon?unique=9526902 HTTP/1.1" 200 - 5 0.002 0.017
2025-10-26 22:00:20,804 13052 INFO scholarixglobal werkzeug: 127.0.0.1 - - [26/Oct/2025 22:00:20] "GET /web/assets/1/609a2d0/web.assets_frontend_lazy.min.js HTTP/1.1" 200 - 4 0.002 0.380
2025-10-26 22:00:21,386 13052 INFO scholarixglobal werkzeug: 127.0.0.1 - - [26/Oct/2025 22:00:21] "GET /website/translations?hash=d607e3bf8ea6f57dd19af1af9a6bd18cd2ba14cd&lang=en_GB HTTP/1.1" 200 - 1 0.001 0.024
2025-10-26 22:00:25,901 13052 INFO scholarixglobal werkzeug: 127.0.0.1 - - [26/Oct/2025 22:00:25] "GET /odoo/action-39 HTTP/1.1" 200 - 26 0.013 1.214
2025-10-26 22:00:25,961 13052 INFO scholarixglobal werkzeug: 127.0.0.1 - - [26/Oct/2025 22:00:25] "GET /web/webclient/load_menus HTTP/1.1" 200 - 1 0.001 0.007
2025-10-26 22:00:26,404 13052 INFO scholarixglobal werkzeug: 127.0.0.1 - - [26/Oct/2025 22:00:26] "GET /web/webclient/translations?hash=81f9643ba56a006411064e9e08cec9c01eb175c8&lang=en_GB HTTP/1.1" 200 - 1 0.001 0.003
2025-10-26 22:00:26,411 13052 INFO scholarixglobal werkzeug: 127.0.0.1 - - [26/Oct/2025 22:00:26] "GET /web/bundle/web_tour.interactive?lang=en_GB&debug=1 HTTP/1.1" 200 - 1 0.001 0.004
2025-10-26 22:00:26,546 13052 INFO scholarixglobal werkzeug: 127.0.0.1 - - [26/Oct/2025 22:00:26] "POST /web/action/load HTTP/1.1" 200 - 10 0.014 0.025
2025-10-26 22:00:26,583 13052 INFO scholarixglobal werkzeug: 127.0.0.1 - - [26/Oct/2025 22:00:26] "POST /web/dataset/call_kw/ir.module.module/search_panel_select_range#ir.module.module.search_panel_select_range HTTP/1.1" 200 - 1 0.001 0.022
2025-10-26 22:00:26,594 13052 INFO scholarixglobal werkzeug: 127.0.0.1 - - [26/Oct/2025 22:00:26] "POST /web/dataset/call_kw/ir.module.module/get_views#ir.module.module.get_views HTTP/1.1" 200 - 2 0.016 0.055
2025-10-26 22:00:26,713 13052 INFO scholarixglobal werkzeug: 127.0.0.1 - - [26/Oct/2025 22:00:26] "POST /mail/data HTTP/1.1" 200 - 19 0.170 0.034
2025-10-26 22:00:26,747 13052 INFO scholarixglobal werkzeug: 127.0.0.1 - - [26/Oct/2025 22:00:26] "POST /web/dataset/call_kw/ir.module.module/search_panel_select_range#ir.module.module.search_panel_select_range HTTP/1.1" 200 - 44 0.017 0.021
2025-10-26 22:00:26,871 13052 INFO scholarixglobal werkzeug: 127.0.0.1 - - [26/Oct/2025 22:00:26] "POST /web/dataset/call_kw/ir.module.module/check_module_update#ir.module.module.check_module_update HTTP/1.1" 200 - 2 0.002 0.005
2025-10-26 22:00:26,898 13052 INFO scholarixglobal werkzeug: 127.0.0.1 - - [26/Oct/2025 22:00:26] "POST /web/dataset/call_kw/ir.module.module/check_module_update#ir.module.module.check_module_update HTTP/1.1" 200 - 2 0.001 0.003
2025-10-26 22:00:26,916 13052 INFO scholarixglobal werkzeug: 127.0.0.1 - - [26/Oct/2025 22:00:26] "GET /web/manifest.webmanifest HTTP/1.1" 200 - 6 0.006 0.010
2025-10-26 22:00:27,066 13052 INFO scholarixglobal werkzeug: 127.0.0.1 - - [26/Oct/2025 22:00:27] "GET /web/image?model=res.users&field=avatar_128&id=2 HTTP/1.1" 304 - 8 0.007 0.039
2025-10-26 22:00:27,345 13052 INFO scholarixglobal werkzeug: 127.0.0.1 - - [26/Oct/2025 22:00:27] "POST /web/dataset/call_kw/ir.module.module/web_search_read#ir.module.module.web_search_read HTTP/1.1" 200 - 3 0.029 0.596
2025-10-26 22:00:28,729 13052 INFO scholarixglobal werkzeug: 127.0.0.1 - - [26/Oct/2025 22:00:28] "GET /web/service-worker.js HTTP/1.1" 200 - 1 0.001 0.079
2025-10-26 22:00:29,609 13052 INFO scholarixglobal werkzeug: 127.0.0.1 - - [26/Oct/2025 22:00:29] "POST /web/action/load HTTP/1.1" 200 - 9 0.003 0.009
2025-10-26 22:00:29,790 13052 INFO scholarixglobal werkzeug: 127.0.0.1 - - [26/Oct/2025 22:00:29] "POST /web/dataset/call_kw/base.module.update/get_views#base.module.update.get_views HTTP/1.1" 200 - 1 0.001 0.008
2025-10-26 22:00:29,800 13052 INFO scholarixglobal werkzeug: 127.0.0.1 - - [26/Oct/2025 22:00:29] "POST /web/dataset/call_kw/base.module.update/onchange#base.module.update.onchange HTTP/1.1" 200 - 1 0.001 0.007
2025-10-26 22:00:30,578 13052 INFO scholarixglobal werkzeug: 127.0.0.1 - - [26/Oct/2025 22:00:30] "POST /web/dataset/call_kw/base.module.update/web_save#base.module.update.web_save HTTP/1.1" 200 - 3 0.006 0.005
2025-10-26 22:00:30,894 13052 INFO scholarixglobal odoo.addons.base.models.ir_module: ALLOW access to module.update_list on [] to user info@scholarixglobal.com #2 via 127.0.0.1 
2025-10-26 22:00:41,284 13052 INFO scholarixglobal werkzeug: 127.0.0.1 - - [26/Oct/2025 22:00:41] "POST /web/dataset/call_button/base.module.update/update_module#base.module.update.update_module HTTP/1.1" 200 - 1538 0.496 9.900
2025-10-26 22:00:49,982 13052 INFO scholarixglobal werkzeug: 127.0.0.1 - - [26/Oct/2025 22:00:49] "POST /web/dataset/call_kw/ir.module.module/search_panel_select_range#ir.module.module.search_panel_select_range HTTP/1.1" 200 - 44 0.019 0.024
2025-10-26 22:00:50,060 13052 INFO scholarixglobal werkzeug: 127.0.0.1 - - [26/Oct/2025 22:00:50] "POST /web/dataset/call_kw/ir.module.module/web_search_read#ir.module.module.web_search_read HTTP/1.1" 200 - 4 0.006 0.101
2025-10-26 22:00:50,190 13052 INFO scholarixglobal werkzeug: 127.0.0.1 - - [26/Oct/2025 22:00:50] "POST /web/dataset/call_kw/ir.module.module/check_module_update#ir.module.module.check_module_update HTTP/1.1" 200 - 2 0.001 0.003
2025-10-26 22:00:51,897 13052 INFO scholarixglobal werkzeug: 127.0.0.1 - - [26/Oct/2025 22:00:51] "POST /web/dataset/call_kw/ir.module.module/search_panel_select_range#ir.module.module.search_panel_select_range HTTP/1.1" 200 - 44 0.010 0.010
2025-10-26 22:00:52,221 13052 INFO scholarixglobal werkzeug: 127.0.0.1 - - [26/Oct/2025 22:00:52] "POST /web/dataset/call_kw/ir.module.module/web_search_read#ir.module.module.web_search_read HTTP/1.1" 200 - 3 0.003 0.005
2025-10-26 22:00:52,466 13052 INFO scholarixglobal werkzeug: 127.0.0.1 - - [26/Oct/2025 22:00:52] "POST /web/dataset/call_kw/ir.module.module/check_module_update#ir.module.module.check_module_update HTTP/1.1" 200 - 2 0.001 0.003
2025-10-26 22:00:54,061 13052 INFO scholarixglobal werkzeug: 127.0.0.1 - - [26/Oct/2025 22:00:54] "POST /web/action/load HTTP/1.1" 200 - 9 0.010 0.010
2025-10-26 22:00:54,376 13052 INFO scholarixglobal werkzeug: 127.0.0.1 - - [26/Oct/2025 22:00:54] "POST /web/dataset/call_kw/base.module.upgrade/onchange#base.module.upgrade.onchange HTTP/1.1" 200 - 1 0.001 0.012
2025-10-26 22:00:54,392 13052 INFO scholarixglobal werkzeug: 127.0.0.1 - - [26/Oct/2025 22:00:54] "POST /web/dataset/call_kw/base.module.upgrade/get_views#base.module.upgrade.get_views HTTP/1.1" 200 - 2 0.001 0.029
2025-10-26 22:00:56,311 13052 INFO scholarixglobal werkzeug: 127.0.0.1 - - [26/Oct/2025 22:00:56] "POST /web/dataset/call_kw/base.module.update/onchange#base.module.update.onchange HTTP/1.1" 200 - 1 0.000 0.003
2025-10-26 22:00:56,813 13052 INFO scholarixglobal werkzeug: 127.0.0.1 - - [26/Oct/2025 22:00:56] "POST /web/dataset/call_kw/base.module.update/web_save#base.module.update.web_save HTTP/1.1" 200 - 3 0.002 0.002
2025-10-26 22:00:57,140 13052 INFO scholarixglobal odoo.addons.base.models.ir_module: ALLOW access to module.update_list on [] to user info@scholarixglobal.com #2 via 127.0.0.1 
2025-10-26 22:00:58,407 13052 INFO scholarixglobal werkzeug: 127.0.0.1 - - [26/Oct/2025 22:00:58] "POST /web/dataset/call_button/base.module.update/update_module#base.module.update.update_module HTTP/1.1" 200 - 1538 0.381 0.891
2025-10-26 22:00:59,857 13052 INFO scholarixglobal werkzeug: 127.0.0.1 - - [26/Oct/2025 22:00:59] "POST /web/dataset/call_kw/ir.module.module/search_panel_select_range#ir.module.module.search_panel_select_range HTTP/1.1" 200 - 44 0.012 0.010
2025-10-26 22:01:00,155 13052 INFO scholarixglobal werkzeug: 127.0.0.1 - - [26/Oct/2025 22:01:00] "POST /web/dataset/call_kw/ir.module.module/web_search_read#ir.module.module.web_search_read HTTP/1.1" 200 - 5 0.003 0.007
2025-10-26 22:01:00,473 13052 INFO scholarixglobal werkzeug: 127.0.0.1 - - [26/Oct/2025 22:01:00] "POST /web/dataset/call_kw/ir.module.module/check_module_update#ir.module.module.check_module_update HTTP/1.1" 200 - 2 0.001 0.002
2025-10-26 22:01:01,528 13052 INFO scholarixglobal werkzeug: 127.0.0.1 - - [26/Oct/2025 22:01:01] "POST /web/dataset/call_kw/ir.module.module/search_panel_select_range#ir.module.module.search_panel_select_range HTTP/1.1" 200 - 44 0.008 0.009
2025-10-26 22:01:01,847 13052 INFO scholarixglobal werkzeug: 127.0.0.1 - - [26/Oct/2025 22:01:01] "POST /web/dataset/call_kw/ir.module.module/web_search_read#ir.module.module.web_search_read HTTP/1.1" 200 - 5 0.004 0.025
2025-10-26 22:01:02,171 13052 INFO scholarixglobal werkzeug: 127.0.0.1 - - [26/Oct/2025 22:01:02] "POST /web/dataset/call_kw/ir.module.module/check_module_update#ir.module.module.check_module_update HTTP/1.1" 200 - 2 0.001 0.004
2025-10-26 22:01:04,582 13052 INFO scholarixglobal werkzeug: 127.0.0.1 - - [26/Oct/2025 22:01:04] "POST /web/dataset/call_kw/ir.module.module/search_panel_select_range#ir.module.module.search_panel_select_range HTTP/1.1" 200 - 44 0.010 0.010
2025-10-26 22:01:04,909 13052 INFO scholarixglobal werkzeug: 127.0.0.1 - - [26/Oct/2025 22:01:04] "POST /web/dataset/call_kw/ir.module.module/web_search_read#ir.module.module.web_search_read HTTP/1.1" 200 - 5 0.002 0.005
2025-10-26 22:01:05,154 13052 INFO scholarixglobal werkzeug: 127.0.0.1 - - [26/Oct/2025 22:01:05] "POST /web/dataset/call_kw/ir.module.module/check_module_update#ir.module.module.check_module_update HTTP/1.1" 200 - 2 0.001 0.002
2025-10-26 22:01:07,454 13052 INFO scholarixglobal werkzeug: 127.0.0.1 - - [26/Oct/2025 22:01:07] "POST /web/dataset/call_kw/ir.module.module/search_panel_select_range#ir.module.module.search_panel_select_range HTTP/1.1" 200 - 44 0.006 0.008
2025-10-26 22:01:07,768 13052 INFO scholarixglobal werkzeug: 127.0.0.1 - - [26/Oct/2025 22:01:07] "POST /web/dataset/call_kw/ir.module.module/web_search_read#ir.module.module.web_search_read HTTP/1.1" 200 - 5 0.002 0.012
2025-10-26 22:01:08,101 13052 INFO scholarixglobal werkzeug: 127.0.0.1 - - [26/Oct/2025 22:01:08] "POST /web/dataset/call_kw/ir.module.module/check_module_update#ir.module.module.check_module_update HTTP/1.1" 200 - 2 0.001 0.003
2025-10-26 22:01:12,539 13052 INFO scholarixglobal werkzeug: 127.0.0.1 - - [26/Oct/2025 22:01:12] "POST /web/dataset/call_kw/base.module.upgrade/onchange#base.module.upgrade.onchange HTTP/1.1" 200 - 1 0.000 0.002
2025-10-26 22:01:13,750 13052 INFO scholarixglobal werkzeug: 127.0.0.1 - - [26/Oct/2025 22:01:13] "POST /web/dataset/call_kw/base.module.upgrade/web_save#base.module.upgrade.web_save HTTP/1.1" 200 - 4 0.002 0.005
2025-10-26 22:01:14,012 13052 INFO scholarixglobal werkzeug: 127.0.0.1 - - [26/Oct/2025 22:01:14] "POST /web/dataset/call_button/base.module.upgrade/config#base.module.upgrade.config HTTP/1.1" 200 - 1 0.001 0.003
2025-10-26 22:01:14,160 13052 INFO scholarixglobal werkzeug: 127.0.0.1 - - [26/Oct/2025 22:01:14] "GET /odoo/apps HTTP/1.1" 200 - 26 0.009 0.027
2025-10-26 22:01:14,417 13052 INFO scholarixglobal werkzeug: 127.0.0.1 - - [26/Oct/2025 22:01:14] "GET /web/webclient/load_menus HTTP/1.1" 200 - 1 0.001 0.005
2025-10-26 22:01:14,641 13052 INFO scholarixglobal werkzeug: 127.0.0.1 - - [26/Oct/2025 22:01:14] "GET /web/webclient/translations?hash=81f9643ba56a006411064e9e08cec9c01eb175c8&lang=en_GB HTTP/1.1" 200 - 1 0.000 0.004
2025-10-26 22:01:14,645 13052 INFO scholarixglobal werkzeug: 127.0.0.1 - - [26/Oct/2025 22:01:14] "GET /web/bundle/web_tour.interactive?lang=en_GB&debug=1 HTTP/1.1" 200 - 1 0.000 0.001
2025-10-26 22:01:14,738 13052 INFO scholarixglobal werkzeug: 127.0.0.1 - - [26/Oct/2025 22:01:14] "POST /web/dataset/call_kw/ir.module.module/get_views#ir.module.module.get_views HTTP/1.1" 200 - 2 0.002 0.037
2025-10-26 22:01:14,741 13052 INFO scholarixglobal werkzeug: 127.0.0.1 - - [26/Oct/2025 22:01:14] "POST /web/dataset/call_kw/ir.module.module/search_panel_select_range#ir.module.module.search_panel_select_range HTTP/1.1" 200 - 1 0.001 0.017
2025-10-26 22:01:14,747 13052 INFO scholarixglobal werkzeug: 127.0.0.1 - - [26/Oct/2025 22:01:14] "POST /mail/data HTTP/1.1" 200 - 19 0.023 0.023
2025-10-26 22:01:14,766 13052 INFO scholarixglobal werkzeug: 127.0.0.1 - - [26/Oct/2025 22:01:14] "POST /web/dataset/call_kw/ir.module.module/search_panel_select_range#ir.module.module.search_panel_select_range HTTP/1.1" 200 - 44 0.010 0.019
2025-10-26 22:01:14,968 13052 INFO scholarixglobal werkzeug: 127.0.0.1 - - [26/Oct/2025 22:01:14] "POST /web/dataset/call_kw/ir.module.module/check_module_update#ir.module.module.check_module_update HTTP/1.1" 200 - 2 0.002 0.004
2025-10-26 22:01:14,988 13052 INFO scholarixglobal werkzeug: 127.0.0.1 - - [26/Oct/2025 22:01:14] "POST /web/dataset/call_kw/ir.module.module/web_search_read#ir.module.module.web_search_read HTTP/1.1" 200 - 3 0.003 0.038
2025-10-26 22:01:15,064 13052 INFO scholarixglobal werkzeug: 127.0.0.1 - - [26/Oct/2025 22:01:15] "POST /web/dataset/call_kw/ir.module.module/check_module_update#ir.module.module.check_module_update HTTP/1.1" 200 - 2 0.002 0.006
2025-10-26 22:01:15,088 13052 INFO scholarixglobal werkzeug: 127.0.0.1 - - [26/Oct/2025 22:01:15] "GET /web/image?model=res.users&field=avatar_128&id=2 HTTP/1.1" 304 - 8 0.007 0.024
2025-10-26 22:01:15,487 13052 INFO scholarixglobal werkzeug: 127.0.0.1 - - [26/Oct/2025 22:01:15] "GET /web/manifest.webmanifest HTTP/1.1" 200 - 6 0.005 0.007
2025-10-26 22:01:16,708 13052 INFO scholarixglobal werkzeug: 127.0.0.1 - - [26/Oct/2025 22:01:16] "GET /web/service-worker.js HTTP/1.1" 200 - 1 0.001 0.003
2025-10-26 22:18:24,386 13052 INFO scholarixglobal werkzeug: 127.0.0.1 - - [26/Oct/2025 22:18:24] "GET /websocket?version=saas-18.5-1 HTTP/1.1" 101 - 1 0.002 0.075
2025-10-26 22:18:24,788 13052 INFO scholarixglobal werkzeug: 127.0.0.1 - - [26/Oct/2025 22:18:24] "POST /bus/has_missed_notifications HTTP/1.1" 200 - 2 0.001 0.007
2025-10-26 22:53:56,301 13052 INFO scholarixglobal odoo.addons.base.models.ir_cron: Job 'Notification: Notify scheduled messages' (8) starting 
2025-10-26 22:53:56,515 13052 INFO scholarixglobal odoo.addons.base.models.ir_cron: Job 'Notification: Notify scheduled messages' (8) fully done (#loop 1; done 0; remaining 0; duration 0.22s) 
2025-10-26 22:53:56,530 13052 INFO scholarixglobal odoo.addons.base.models.ir_cron: Job 'Mail: Email Queue Manager' (3) starting 
2025-10-26 22:53:56,556 13052 INFO scholarixglobal odoo.addons.base.models.ir_cron: Job 'Mail: Email Queue Manager' (3) fully done (#loop 1; done 0; remaining 0; duration 0.03s) 
2025-10-26 23:00:57,009 13052 INFO scholarixglobal odoo.addons.base.models.ir_cron: Job 'Base: Auto-vacuum internal data' (1) starting 
2025-10-26 23:00:58,176 13052 INFO scholarixglobal odoo.addons.api_doc.models.ir_attachment: GC'd 0 /doc cached index 
2025-10-26 23:00:58,203 13052 INFO scholarixglobal odoo.addons.base.models.res_users: GC 'res.users.apikeys' delete 0 entries 
2025-10-26 23:00:58,208 13052 INFO scholarixglobal odoo.addons.base.models.res_users: GC'd 0 user log entries 
2025-10-26 23:00:58,244 13052 INFO scholarixglobal odoo.models.unlink: User #1 deleted base.module.upgrade records with IDs: [1, 2] 
2025-10-26 23:00:58,275 13052 INFO scholarixglobal odoo.addons.base.models.res_device: GC device logs delete 14 entries 
2025-10-26 23:00:58,502 13052 INFO scholarixglobal odoo.addons.base.models.ir_attachment: filestore gc 28 checked, 9 removed 
2025-10-26 23:00:58,535 13052 INFO scholarixglobal odoo.addons.base.models.res_users: GC 'auth_totp.device' delete 0 entries 
2025-10-26 23:00:58,554 13052 INFO scholarixglobal odoo.addons.sms.models.sms_sms: GC'd 0 sms marked for deletion 
2025-10-26 23:00:58,586 13052 INFO scholarixglobal odoo.addons.base.models.res_device: GC device logs delete 0 entries 
2025-10-26 23:00:58,734 13052 INFO scholarixglobal odoo.models.unlink: User #1 deleted base.module.update records with IDs: [1, 2, 3, 4] 
2025-10-26 23:00:58,768 13052 INFO scholarixglobal odoo.addons.base.models.ir_cron: Job 'Base: Auto-vacuum internal data' (1) fully done (#loop 1; done 111; remaining 0; duration 1.76s) 
2025-10-26 23:00:58,773 13052 INFO scholarixglobal odoo.addons.base.models.ir_cron: Job 'Base: Portal Users Deletion' (2) starting 
2025-10-26 23:00:58,786 13052 INFO scholarixglobal odoo.addons.base.models.ir_cron: Job 'Base: Portal Users Deletion' (2) fully done (#loop 1; done 0; remaining 0; duration 0.01s) 
2025-10-26 23:21:47,401 13052 INFO scholarixglobal odoo.addons.base.models.res_device: User 2 inserts device log (TD0MX4K7sKKqNHRmdRTnVJTXjjVrTmiaiTO5mhWhUK) 
2025-10-26 23:21:47,428 13052 INFO scholarixglobal werkzeug: 127.0.0.1 - - [26/Oct/2025 23:21:47] "GET /websocket?version=saas-18.5-1 HTTP/1.1" 101 - 2 0.005 0.044
2025-10-26 23:21:47,827 13052 INFO scholarixglobal werkzeug: 127.0.0.1 - - [26/Oct/2025 23:21:47] "POST /bus/has_missed_notifications HTTP/1.1" 200 - 2 0.001 0.005
2025-10-26 23:54:02,463 13052 INFO scholarixglobal odoo.addons.base.models.ir_cron: Job 'Notification: Notify scheduled messages' (8) starting 
2025-10-26 23:54:02,710 13052 INFO scholarixglobal odoo.addons.base.models.ir_cron: Job 'Notification: Notify scheduled messages' (8) fully done (#loop 1; done 0; remaining 0; duration 0.25s) 
2025-10-26 23:54:02,732 13052 INFO scholarixglobal odoo.addons.base.models.ir_cron: Job 'Mail: Email Queue Manager' (3) starting 
2025-10-26 23:54:02,761 13052 INFO scholarixglobal odoo.addons.base.models.ir_cron: Job 'Mail: Email Queue Manager' (3) fully done (#loop 1; done 0; remaining 0; duration 0.03s) 
2025-10-27 00:43:35,029 13052 INFO scholarixglobal odoo.addons.base.models.res_device: User 2 inserts device log (TD0MX4K7sKKqNHRmdRTnVJTXjjVrTmiaiTO5mhWhUK) 
2025-10-27 00:43:35,082 13052 INFO scholarixglobal werkzeug: 127.0.0.1 - - [27/Oct/2025 00:43:35] "GET /websocket?version=saas-18.5-1 HTTP/1.1" 101 - 2 0.007 0.110
2025-10-27 00:43:35,487 13052 INFO scholarixglobal werkzeug: 127.0.0.1 - - [27/Oct/2025 00:43:35] "POST /bus/has_missed_notifications HTTP/1.1" 200 - 2 0.001 0.009
2025-10-27 00:54:07,025 13052 INFO scholarixglobal odoo.addons.base.models.ir_cron: Job 'Notification: Notify scheduled messages' (8) starting 
2025-10-27 00:54:07,178 13052 INFO scholarixglobal odoo.addons.base.models.ir_cron: Job 'Notification: Notify scheduled messages' (8) fully done (#loop 1; done 0; remaining 0; duration 0.15s) 
2025-10-27 00:54:07,190 13052 INFO scholarixglobal odoo.addons.base.models.ir_cron: Job 'Mail: Email Queue Manager' (3) starting 
2025-10-27 00:54:07,210 13052 INFO scholarixglobal odoo.addons.base.models.ir_cron: Job 'Mail: Email Queue Manager' (3) fully done (#loop 1; done 0; remaining 0; duration 0.02s) 
2025-10-27 01:53:17,622 13052 INFO scholarixglobal odoo.addons.base.models.ir_cron: Job 'Notification: Notify scheduled messages' (8) starting 
2025-10-27 01:53:17,809 13052 INFO scholarixglobal odoo.addons.base.models.ir_cron: Job 'Notification: Notify scheduled messages' (8) fully done (#loop 1; done 0; remaining 0; duration 0.19s) 
2025-10-27 01:53:17,828 13052 INFO scholarixglobal odoo.addons.base.models.ir_cron: Job 'Mail: Email Queue Manager' (3) starting 
2025-10-27 01:53:17,854 13052 INFO scholarixglobal odoo.addons.base.models.ir_cron: Job 'Mail: Email Queue Manager' (3) fully done (#loop 1; done 0; remaining 0; duration 0.03s) 
2025-10-27 02:01:11,815 13052 INFO scholarixglobal odoo.addons.base.models.ir_cron: Job 'Account: Post draft entries with auto_post enabled and accounting date up to today' (16) starting 
2025-10-27 02:01:11,934 13052 INFO scholarixglobal odoo.addons.base.models.ir_cron: Job 'Account: Post draft entries with auto_post enabled and accounting date up to today' (16) fully done (#loop 1; done 0; remaining 0; duration 0.12s) 
2025-10-27 02:05:23,105 13052 INFO scholarixglobal odoo.addons.base.models.res_device: User 2 inserts device log (TD0MX4K7sKKqNHRmdRTnVJTXjjVrTmiaiTO5mhWhUK) 
2025-10-27 02:05:23,164 13052 INFO scholarixglobal werkzeug: 127.0.0.1 - - [27/Oct/2025 02:05:23] "GET /websocket?version=saas-18.5-1 HTTP/1.1" 101 - 3 0.010 0.092
2025-10-27 02:05:23,597 13052 INFO scholarixglobal werkzeug: 127.0.0.1 - - [27/Oct/2025 02:05:23] "POST /bus/has_missed_notifications HTTP/1.1" 200 - 2 0.003 0.017
2025-10-27 02:53:21,910 13052 INFO scholarixglobal odoo.addons.base.models.ir_cron: Job 'Notification: Notify scheduled messages' (8) starting 
2025-10-27 02:53:22,148 13052 INFO scholarixglobal odoo.addons.base.models.ir_cron: Job 'Notification: Notify scheduled messages' (8) fully done (#loop 1; done 0; remaining 0; duration 0.24s) 
2025-10-27 02:53:22,179 13052 INFO scholarixglobal odoo.addons.base.models.ir_cron: Job 'Mail: Email Queue Manager' (3) starting 
2025-10-27 02:53:22,204 13052 INFO scholarixglobal odoo.addons.base.models.ir_cron: Job 'Mail: Email Queue Manager' (3) fully done (#loop 1; done 0; remaining 0; duration 0.03s) 
2025-10-27 03:15:10,320 13052 INFO scholarixglobal odoo.addons.base.models.res_device: User 2 inserts device log (TD0MX4K7sKKqNHRmdRTnVJTXjjVrTmiaiTO5mhWhUK) 
2025-10-27 03:15:10,358 13052 INFO scholarixglobal werkzeug: 127.0.0.1 - - [27/Oct/2025 03:15:10] "GET /websocket?version=saas-18.5-1 HTTP/1.1" 101 - 2 0.011 0.117
2025-10-27 03:15:10,774 13052 INFO scholarixglobal werkzeug: 127.0.0.1 - - [27/Oct/2025 03:15:10] "POST /bus/has_missed_notifications HTTP/1.1" 200 - 2 0.003 0.011
2025-10-27 03:15:22,521 13052 INFO scholarixglobal werkzeug: 127.0.0.1 - - [27/Oct/2025 03:15:22] "GET /odoo/apps HTTP/1.1" 200 - 26 0.035 0.136
2025-10-27 03:15:22,683 13052 INFO scholarixglobal werkzeug: 127.0.0.1 - - [27/Oct/2025 03:15:22] "GET /web/webclient/load_menus HTTP/1.1" 200 - 1 0.001 0.041
2025-10-27 03:15:23,056 13052 INFO scholarixglobal werkzeug: 127.0.0.1 - - [27/Oct/2025 03:15:23] "GET /web/webclient/translations?hash=81f9643ba56a006411064e9e08cec9c01eb175c8&lang=en_GB HTTP/1.1" 200 - 1 0.001 0.011
2025-10-27 03:15:23,392 13052 INFO scholarixglobal werkzeug: 127.0.0.1 - - [27/Oct/2025 03:15:23] "POST /web/dataset/call_kw/ir.module.module/get_views#ir.module.module.get_views HTTP/1.1" 200 - 2 0.005 0.267
2025-10-27 03:15:23,392 13052 INFO scholarixglobal werkzeug: 127.0.0.1 - - [27/Oct/2025 03:15:23] "POST /web/dataset/call_kw/ir.module.module/search_panel_select_range#ir.module.module.search_panel_select_range HTTP/1.1" 200 - 1 0.009 0.209
2025-10-27 03:15:23,393 13052 INFO scholarixglobal werkzeug: 127.0.0.1 - - [27/Oct/2025 03:15:23] "POST /web/dataset/call_kw/ir.module.module/search_panel_select_range#ir.module.module.search_panel_select_range HTTP/1.1" 200 - 44 0.079 0.135
2025-10-27 03:15:23,398 13052 INFO scholarixglobal werkzeug: 127.0.0.1 - - [27/Oct/2025 03:15:23] "POST /web/dataset/call_kw/ir.module.module/check_module_update#ir.module.module.check_module_update HTTP/1.1" 200 - 2 0.002 0.032
2025-10-27 03:15:23,473 13052 INFO scholarixglobal werkzeug: 127.0.0.1 - - [27/Oct/2025 03:15:23] "POST /mail/data HTTP/1.1" 200 - 19 0.183 0.125
2025-10-27 03:15:23,508 13052 INFO scholarixglobal werkzeug: 127.0.0.1 - - [27/Oct/2025 03:15:23] "POST /web/dataset/call_kw/ir.module.module/web_search_read#ir.module.module.web_search_read HTTP/1.1" 200 - 3 0.019 0.303
2025-10-27 03:15:23,709 13052 INFO scholarixglobal werkzeug: 127.0.0.1 - - [27/Oct/2025 03:15:23] "POST /web/dataset/call_kw/ir.module.module/check_module_update#ir.module.module.check_module_update HTTP/1.1" 200 - 2 0.003 0.006
2025-10-27 03:15:23,733 13052 INFO scholarixglobal werkzeug: 127.0.0.1 - - [27/Oct/2025 03:15:23] "GET /web/manifest.webmanifest HTTP/1.1" 200 - 6 0.014 0.017
2025-10-27 03:15:25,789 13052 INFO scholarixglobal werkzeug: 127.0.0.1 - - [27/Oct/2025 03:15:25] "GET /web/service-worker.js HTTP/1.1" 200 - 1 0.001 0.011
2025-10-27 03:15:27,498 13052 INFO scholarixglobal werkzeug: 127.0.0.1 - - [27/Oct/2025 03:15:27] "POST /web/action/load HTTP/1.1" 200 - 9 0.014 0.026
2025-10-27 03:15:27,787 13052 INFO scholarixglobal werkzeug: 127.0.0.1 - - [27/Oct/2025 03:15:27] "POST /web/dataset/call_kw/base.module.update/get_views#base.module.update.get_views HTTP/1.1" 200 - 1 0.001 0.007
2025-10-27 03:15:27,790 13052 INFO scholarixglobal werkzeug: 127.0.0.1 - - [27/Oct/2025 03:15:27] "POST /web/dataset/call_kw/base.module.update/onchange#base.module.update.onchange HTTP/1.1" 200 - 1 0.001 0.008
2025-10-27 03:15:28,502 13052 INFO scholarixglobal werkzeug: 127.0.0.1 - - [27/Oct/2025 03:15:28] "POST /web/dataset/call_kw/base.module.update/web_save#base.module.update.web_save HTTP/1.1" 200 - 3 0.003 0.005
2025-10-27 03:15:28,771 13052 INFO scholarixglobal odoo.addons.base.models.ir_module: ALLOW access to module.update_list on [] to user info@scholarixglobal.com #2 via 127.0.0.1 
2025-10-27 03:15:30,856 13052 INFO scholarixglobal werkzeug: 127.0.0.1 - - [27/Oct/2025 03:15:30] "POST /web/dataset/call_button/base.module.update/update_module#base.module.update.update_module HTTP/1.1" 200 - 1538 0.504 1.594
2025-10-27 03:15:31,816 13052 INFO scholarixglobal werkzeug: 127.0.0.1 - - [27/Oct/2025 03:15:31] "POST /web/dataset/call_kw/ir.module.module/search_panel_select_range#ir.module.module.search_panel_select_range HTTP/1.1" 200 - 44 0.009 0.011
2025-10-27 03:15:32,169 13052 INFO scholarixglobal werkzeug: 127.0.0.1 - - [27/Oct/2025 03:15:32] "POST /web/dataset/call_kw/ir.module.module/web_search_read#ir.module.module.web_search_read HTTP/1.1" 200 - 4 0.005 0.055
2025-10-27 03:15:32,535 13052 INFO scholarixglobal werkzeug: 127.0.0.1 - - [27/Oct/2025 03:15:32] "POST /web/dataset/call_kw/ir.module.module/check_module_update#ir.module.module.check_module_update HTTP/1.1" 200 - 2 0.001 0.004
2025-10-27 03:15:34,007 13052 INFO scholarixglobal werkzeug: 127.0.0.1 - - [27/Oct/2025 03:15:34] "POST /web/dataset/call_kw/ir.module.module/search_panel_select_range#ir.module.module.search_panel_select_range HTTP/1.1" 200 - 44 0.011 0.011
2025-10-27 03:15:34,308 13052 INFO scholarixglobal werkzeug: 127.0.0.1 - - [27/Oct/2025 03:15:34] "POST /web/dataset/call_kw/ir.module.module/web_search_read#ir.module.module.web_search_read HTTP/1.1" 200 - 3 0.003 0.005
2025-10-27 03:15:34,633 13052 INFO scholarixglobal werkzeug: 127.0.0.1 - - [27/Oct/2025 03:15:34] "POST /web/dataset/call_kw/ir.module.module/check_module_update#ir.module.module.check_module_update HTTP/1.1" 200 - 2 0.001 0.003
2025-10-27 03:53:20,454 13052 INFO scholarixglobal odoo.addons.base.models.ir_cron: Job 'Notification: Notify scheduled messages' (8) starting 
2025-10-27 03:53:20,672 13052 INFO scholarixglobal odoo.addons.base.models.ir_cron: Job 'Notification: Notify scheduled messages' (8) fully done (#loop 1; done 0; remaining 0; duration 0.22s) 
2025-10-27 03:53:20,685 13052 INFO scholarixglobal odoo.addons.base.models.ir_cron: Job 'Mail: Email Queue Manager' (3) starting 
2025-10-27 03:53:20,708 13052 INFO scholarixglobal odoo.addons.base.models.ir_cron: Job 'Mail: Email Queue Manager' (3) fully done (#loop 1; done 0; remaining 0; duration 0.02s) 
2025-10-27 04:29:54,006 13052 INFO scholarixglobal odoo.addons.base.models.res_device: User 2 inserts device log (TD0MX4K7sKKqNHRmdRTnVJTXjjVrTmiaiTO5mhWhUK) 
2025-10-27 04:29:54,050 13052 INFO scholarixglobal werkzeug: 127.0.0.1 - - [27/Oct/2025 04:29:54] "GET /websocket?version=saas-18.5-1 HTTP/1.1" 101 - 2 0.009 0.098
2025-10-27 04:29:54,479 13052 INFO scholarixglobal werkzeug: 127.0.0.1 - - [27/Oct/2025 04:29:54] "POST /bus/has_missed_notifications HTTP/1.1" 200 - 2 0.001 0.006
2025-10-27 04:53:25,148 13052 INFO scholarixglobal odoo.addons.base.models.ir_cron: Job 'Notification: Notify scheduled messages' (8) starting 
2025-10-27 04:53:25,394 13052 INFO scholarixglobal odoo.addons.base.models.ir_cron: Job 'Notification: Notify scheduled messages' (8) fully done (#loop 1; done 0; remaining 0; duration 0.25s) 
2025-10-27 04:53:25,426 13052 INFO scholarixglobal odoo.addons.base.models.ir_cron: Job 'Mail: Email Queue Manager' (3) starting 
2025-10-27 04:53:25,462 13052 INFO scholarixglobal odoo.addons.base.models.ir_cron: Job 'Mail: Email Queue Manager' (3) fully done (#loop 1; done 0; remaining 0; duration 0.04s) 
2025-10-27 05:38:56,567 13052 INFO scholarixglobal odoo.addons.base.models.res_device: User 2 inserts device log (TD0MX4K7sKKqNHRmdRTnVJTXjjVrTmiaiTO5mhWhUK) 
2025-10-27 05:38:56,637 13052 INFO scholarixglobal werkzeug: 127.0.0.1 - - [27/Oct/2025 05:38:56] "GET /websocket?version=saas-18.5-1 HTTP/1.1" 101 - 3 0.019 0.127
2025-10-27 05:38:57,039 13052 INFO scholarixglobal werkzeug: 127.0.0.1 - - [27/Oct/2025 05:38:57] "POST /bus/has_missed_notifications HTTP/1.1" 200 - 2 0.002 0.008
2025-10-27 05:53:30,093 13052 INFO scholarixglobal odoo.addons.base.models.ir_cron: Job 'Mail: Post scheduled messages' (7) starting 
2025-10-27 05:53:30,269 13052 INFO scholarixglobal odoo.addons.mail.models.mail_scheduled_message: Posting 0 scheduled messages 
2025-10-27 05:53:30,276 13052 INFO scholarixglobal odoo.addons.base.models.ir_cron: Job 'Mail: Post scheduled messages' (7) fully done (#loop 1; done 0; remaining 0; duration 0.18s) 
2025-10-27 05:53:30,291 13052 INFO scholarixglobal odoo.addons.base.models.ir_cron: Job 'Notification: Notify scheduled messages' (8) starting 
2025-10-27 05:53:30,303 13052 INFO scholarixglobal odoo.addons.base.models.ir_cron: Job 'Notification: Notify scheduled messages' (8) fully done (#loop 1; done 0; remaining 0; duration 0.01s) 
2025-10-27 05:53:30,306 13052 INFO scholarixglobal odoo.addons.base.models.ir_cron: Job 'Mail: send web push notification' (9) starting 
2025-10-27 05:53:30,317 13052 INFO scholarixglobal odoo.addons.base.models.ir_cron: Job 'Mail: send web push notification' (9) fully done (#loop 1; done 0; remaining 0; duration 0.01s) 
2025-10-27 05:53:30,321 13052 INFO scholarixglobal odoo.addons.base.models.ir_cron: Job 'Discuss: channel member unmute' (10) starting 
2025-10-27 05:53:30,342 13052 INFO scholarixglobal odoo.addons.base.models.ir_cron: Job 'Discuss: channel member unmute' (10) fully done (#loop 1; done 0; remaining 0; duration 0.02s) 
2025-10-27 05:53:30,347 13052 INFO scholarixglobal odoo.addons.base.models.ir_cron: Job 'SMS: SMS Queue Manager' (12) starting 
2025-10-27 05:53:30,373 13052 INFO scholarixglobal odoo.addons.base.models.ir_cron: Job 'SMS: SMS Queue Manager' (12) fully done (#loop 1; done 0; remaining 0; duration 0.03s) 
2025-10-27 05:53:30,380 13052 INFO scholarixglobal odoo.addons.base.models.ir_cron: Job 'Mail: Email Queue Manager' (3) starting 
2025-10-27 05:53:30,417 13052 INFO scholarixglobal odoo.addons.base.models.ir_cron: Job 'Mail: Email Queue Manager' (3) fully done (#loop 1; done 0; remaining 0; duration 0.04s) 
2025-10-27 05:53:30,423 13052 INFO scholarixglobal odoo.addons.base.models.ir_cron: Job 'Users: Notify About Unregistered Users' (11) starting 
2025-10-27 05:53:30,507 13052 INFO scholarixglobal odoo.addons.base.models.ir_cron: Job 'Users: Notify About Unregistered Users' (11) fully done (#loop 1; done 0; remaining 0; duration 0.08s) 
2025-10-27 05:53:34,050 13052 INFO scholarixglobal odoo.addons.base.models.ir_cron: Job 'Snailmail: process letters queue' (13) starting 
2025-10-27 05:53:34,066 13052 INFO scholarixglobal odoo.addons.base.models.ir_cron: Job 'Snailmail: process letters queue' (13) fully done (#loop 1; done 0; remaining 0; duration 0.02s) 
2025-10-27 05:54:30,579 13052 INFO scholarixglobal odoo.addons.base.models.ir_cron: Job 'Send invoices automatically' (17) starting 
2025-10-27 05:54:30,612 13052 INFO scholarixglobal odoo.addons.base.models.ir_cron: Job 'Send invoices automatically' (17) fully done (#loop 1; done 0; remaining 0; duration 0.03s) 
2025-10-27 06:11:53,668 13052 INFO scholarixglobal odoo.addons.base.models.ir_cron: Job 'Calendar: Event Reminder' (21) starting 
2025-10-27 06:11:53,900 13052 INFO scholarixglobal odoo.addons.base.models.ir_cron: Job 'Calendar: Event Reminder' (21) fully done (#loop 1; done 0; remaining 0; duration 0.24s) 
2025-10-27 06:11:53,920 13052 INFO scholarixglobal odoo.addons.base.models.ir_cron: Job 'HR Employee: Notify Expiring Contract or Work Permit' (24) starting 
2025-10-27 06:11:53,984 13052 INFO scholarixglobal odoo.addons.base.models.ir_cron: Job 'HR Employee: Notify Expiring Contract or Work Permit' (24) fully done (#loop 1; done 0; remaining 0; duration 0.06s) 
2025-10-27 06:11:53,988 13052 INFO scholarixglobal odoo.addons.base.models.ir_cron: Job 'HR Employee: Update Current Version' (25) starting 
2025-10-27 06:11:54,123 13052 INFO scholarixglobal odoo.addons.base.models.ir_cron: Job 'HR Employee: Update Current Version' (25) fully done (#loop 1; done 0; remaining 0; duration 0.13s) 
2025-10-27 06:12:31,838 13052 INFO scholarixglobal odoo.addons.base.models.ir_cron: Job 'Website Visitor : clean inactive visitors' (27) starting 
2025-10-27 06:12:31,862 13052 INFO scholarixglobal odoo.addons.base.models.ir_cron: Job 'Website Visitor : clean inactive visitors' (27) fully done (#loop 1; done 0; remaining 0; duration 0.02s) 
2025-10-27 06:12:31,868 13052 INFO scholarixglobal odoo.addons.base.models.ir_cron: Job 'Skills: Add an activity to employees with missing or expiring certifications' (28) starting 
2025-10-27 06:12:31,891 13052 INFO scholarixglobal odoo.addons.base.models.ir_cron: Job 'Skills: Add an activity to employees with missing or expiring certifications' (28) fully done (#loop 1; done 0; remaining 0; duration 0.02s) 
2025-10-27 06:50:12,039 13052 INFO scholarixglobal odoo.addons.base.models.res_device: User 2 inserts device log (TD0MX4K7sKKqNHRmdRTnVJTXjjVrTmiaiTO5mhWhUK) 
2025-10-27 06:50:12,071 13052 INFO scholarixglobal werkzeug: 127.0.0.1 - - [27/Oct/2025 06:50:12] "GET /websocket?version=saas-18.5-1 HTTP/1.1" 101 - 2 0.007 0.097
2025-10-27 06:50:12,491 13052 INFO scholarixglobal werkzeug: 127.0.0.1 - - [27/Oct/2025 06:50:12] "POST /bus/has_missed_notifications HTTP/1.1" 200 - 2 0.001 0.006
2025-10-27 06:53:32,407 13052 INFO scholarixglobal odoo.addons.base.models.ir_cron: Job 'Notification: Notify scheduled messages' (8) starting 
2025-10-27 06:53:32,533 13052 INFO scholarixglobal odoo.addons.base.models.ir_cron: Job 'Notification: Notify scheduled messages' (8) fully done (#loop 1; done 0; remaining 0; duration 0.13s) 
2025-10-27 06:53:32,544 13052 INFO scholarixglobal odoo.addons.base.models.ir_cron: Job 'Mail: Email Queue Manager' (3) starting 
2025-10-27 06:53:32,568 13052 INFO scholarixglobal odoo.addons.base.models.ir_cron: Job 'Mail: Email Queue Manager' (3) fully done (#loop 1; done 0; remaining 0; duration 0.02s) 
2025-10-27 07:52:29,324 13052 INFO scholarixglobal odoo.addons.base.models.res_device: User 2 inserts device log (TD0MX4K7sKKqNHRmdRTnVJTXjjVrTmiaiTO5mhWhUK) 
2025-10-27 07:52:29,377 13052 INFO scholarixglobal werkzeug: 127.0.0.1 - - [27/Oct/2025 07:52:29] "GET /websocket?version=saas-18.5-1 HTTP/1.1" 101 - 2 0.006 0.098
2025-10-27 07:52:29,772 13052 INFO scholarixglobal werkzeug: 127.0.0.1 - - [27/Oct/2025 07:52:29] "POST /bus/has_missed_notifications HTTP/1.1" 200 - 2 0.001 0.006
2025-10-27 07:53:36,727 13052 INFO scholarixglobal odoo.addons.base.models.ir_cron: Job 'Notification: Notify scheduled messages' (8) starting 
2025-10-27 07:53:36,858 13052 INFO scholarixglobal odoo.addons.base.models.ir_cron: Job 'Notification: Notify scheduled messages' (8) fully done (#loop 1; done 0; remaining 0; duration 0.13s) 
2025-10-27 07:53:36,867 13052 INFO scholarixglobal odoo.addons.base.models.ir_cron: Job 'Digest Emails' (14) starting 
2025-10-27 07:53:37,950 13052 INFO scholarixglobal odoo.addons.base.models.ir_cron: Job 'Digest Emails' (14) fully done (#loop 1; done 0; remaining 0; duration 1.08s) 
2025-10-27 07:53:37,953 13052 INFO scholarixglobal odoo.addons.base.models.ir_cron: Job 'Mail: Email Queue Manager' (3) starting 
2025-10-27 07:53:42,130 13052 INFO scholarixglobal odoo.addons.base.models.ir_cron: Job 'Mail: Email Queue Manager' (3) fully done (#loop 1; done 0; remaining 0; duration 4.18s) 
2025-10-27 08:53:43,880 13052 INFO scholarixglobal odoo.addons.base.models.ir_cron: Job 'Notification: Notify scheduled messages' (8) starting 
2025-10-27 08:53:44,119 13052 INFO scholarixglobal odoo.addons.base.models.ir_cron: Job 'Notification: Notify scheduled messages' (8) fully done (#loop 1; done 0; remaining 0; duration 0.24s) 
2025-10-27 08:53:44,134 13052 INFO scholarixglobal odoo.addons.base.models.ir_cron: Job 'Mail: Email Queue Manager' (3) starting 
2025-10-27 08:53:44,151 13052 INFO scholarixglobal odoo.addons.base.models.ir_cron: Job 'Mail: Email Queue Manager' (3) fully done (#loop 1; done 0; remaining 0; duration 0.02s) 
2025-10-27 09:09:46,635 13052 INFO scholarixglobal odoo.addons.base.models.res_device: User 2 inserts device log (TD0MX4K7sKKqNHRmdRTnVJTXjjVrTmiaiTO5mhWhUK) 
2025-10-27 09:09:46,679 13052 INFO scholarixglobal werkzeug: 127.0.0.1 - - [27/Oct/2025 09:09:46] "GET /websocket?version=saas-18.5-1 HTTP/1.1" 101 - 3 0.008 0.084
2025-10-27 09:09:47,025 13052 INFO scholarixglobal werkzeug: 127.0.0.1 - - [27/Oct/2025 09:09:47] "POST /bus/has_missed_notifications HTTP/1.1" 200 - 2 0.001 0.003
2025-10-27 09:53:48,492 13052 INFO scholarixglobal odoo.addons.base.models.ir_cron: Job 'Notification: Notify scheduled messages' (8) starting 
2025-10-27 09:53:48,648 13052 INFO scholarixglobal odoo.addons.base.models.ir_cron: Job 'Notification: Notify scheduled messages' (8) fully done (#loop 1; done 0; remaining 0; duration 0.16s) 
2025-10-27 09:53:48,653 13052 INFO scholarixglobal odoo.addons.base.models.ir_cron: Job 'Mail: Email Queue Manager' (3) starting 
2025-10-27 09:53:48,665 13052 INFO scholarixglobal odoo.addons.base.models.ir_cron: Job 'Mail: Email Queue Manager' (3) fully done (#loop 1; done 0; remaining 0; duration 0.01s) 
2025-10-27 10:33:04,544 13052 INFO scholarixglobal odoo.addons.base.models.res_device: User 2 inserts device log (TD0MX4K7sKKqNHRmdRTnVJTXjjVrTmiaiTO5mhWhUK) 
2025-10-27 10:33:04,552 13052 INFO scholarixglobal werkzeug: 127.0.0.1 - - [27/Oct/2025 10:33:04] "GET /websocket?version=saas-18.5-1 HTTP/1.1" 101 - 2 0.003 0.032
2025-10-27 10:33:04,980 13052 INFO scholarixglobal werkzeug: 127.0.0.1 - - [27/Oct/2025 10:33:04] "POST /bus/has_missed_notifications HTTP/1.1" 200 - 2 0.025 0.068
2025-10-27 10:53:53,112 13052 INFO scholarixglobal odoo.addons.base.models.ir_cron: Job 'Notification: Notify scheduled messages' (8) starting 
2025-10-27 10:53:53,262 13052 INFO scholarixglobal odoo.addons.base.models.ir_cron: Job 'Notification: Notify scheduled messages' (8) fully done (#loop 1; done 0; remaining 0; duration 0.15s) 
2025-10-27 10:53:53,266 13052 INFO scholarixglobal odoo.addons.base.models.ir_cron: Job 'Mail: Email Queue Manager' (3) starting 
2025-10-27 10:53:53,279 13052 INFO scholarixglobal odoo.addons.base.models.ir_cron: Job 'Mail: Email Queue Manager' (3) fully done (#loop 1; done 0; remaining 0; duration 0.01s) 
2025-10-27 11:42:51,674 13052 INFO scholarixglobal odoo.addons.base.models.res_device: User 2 inserts device log (TD0MX4K7sKKqNHRmdRTnVJTXjjVrTmiaiTO5mhWhUK) 
2025-10-27 11:42:51,677 13052 INFO scholarixglobal werkzeug: 127.0.0.1 - - [27/Oct/2025 11:42:51] "GET /websocket?version=saas-18.5-1 HTTP/1.1" 101 - 2 0.004 0.011
2025-10-27 11:42:52,026 13052 INFO scholarixglobal werkzeug: 127.0.0.1 - - [27/Oct/2025 11:42:52] "POST /bus/has_missed_notifications HTTP/1.1" 200 - 2 0.001 0.006
2025-10-27 11:53:57,785 13052 INFO scholarixglobal odoo.addons.base.models.ir_cron: Job 'Notification: Notify scheduled messages' (8) starting 
2025-10-27 11:53:57,938 13052 INFO scholarixglobal odoo.addons.base.models.ir_cron: Job 'Notification: Notify scheduled messages' (8) fully done (#loop 1; done 0; remaining 0; duration 0.15s) 
2025-10-27 11:53:57,943 13052 INFO scholarixglobal odoo.addons.base.models.ir_cron: Job 'Mail: Email Queue Manager' (3) starting 
2025-10-27 11:53:57,955 13052 INFO scholarixglobal odoo.addons.base.models.ir_cron: Job 'Mail: Email Queue Manager' (3) fully done (#loop 1; done 0; remaining 0; duration 0.01s) 
2025-10-27 12:52:39,576 13052 INFO scholarixglobal odoo.addons.base.models.res_device: User 2 inserts device log (TD0MX4K7sKKqNHRmdRTnVJTXjjVrTmiaiTO5mhWhUK) 
2025-10-27 12:52:39,611 13052 INFO scholarixglobal werkzeug: 127.0.0.1 - - [27/Oct/2025 12:52:39] "GET /websocket?version=saas-18.5-1 HTTP/1.1" 101 - 3 0.010 0.042
2025-10-27 12:52:39,960 13052 INFO scholarixglobal werkzeug: 127.0.0.1 - - [27/Oct/2025 12:52:39] "POST /bus/has_missed_notifications HTTP/1.1" 200 - 2 0.001 0.004
2025-10-27 12:54:02,485 13052 INFO scholarixglobal odoo.addons.base.models.ir_cron: Job 'Notification: Notify scheduled messages' (8) starting 
2025-10-27 12:54:02,628 13052 INFO scholarixglobal odoo.addons.base.models.ir_cron: Job 'Notification: Notify scheduled messages' (8) fully done (#loop 1; done 0; remaining 0; duration 0.14s) 
2025-10-27 12:54:02,632 13052 INFO scholarixglobal odoo.addons.base.models.ir_cron: Job 'Mail: Email Queue Manager' (3) starting 
2025-10-27 12:54:02,645 13052 INFO scholarixglobal odoo.addons.base.models.ir_cron: Job 'Mail: Email Queue Manager' (3) fully done (#loop 1; done 0; remaining 0; duration 0.01s) 
2025-10-27 13:54:07,000 13052 INFO scholarixglobal odoo.addons.base.models.ir_cron: Job 'Notification: Notify scheduled messages' (8) starting 
2025-10-27 13:54:07,128 13052 INFO scholarixglobal odoo.addons.base.models.ir_cron: Job 'Notification: Notify scheduled messages' (8) fully done (#loop 1; done 0; remaining 0; duration 0.13s) 
2025-10-27 13:54:07,134 13052 INFO scholarixglobal odoo.addons.base.models.ir_cron: Job 'Mail: Email Queue Manager' (3) starting 
2025-10-27 13:54:07,146 13052 INFO scholarixglobal odoo.addons.base.models.ir_cron: Job 'Mail: Email Queue Manager' (3) fully done (#loop 1; done 0; remaining 0; duration 0.01s) 
2025-10-27 13:57:11,886 13052 INFO scholarixglobal odoo.addons.base.models.res_device: User 2 inserts device log (TD0MX4K7sKKqNHRmdRTnVJTXjjVrTmiaiTO5mhWhUK) 
2025-10-27 13:57:11,891 13052 INFO scholarixglobal werkzeug: 127.0.0.1 - - [27/Oct/2025 13:57:11] "GET /websocket?version=saas-18.5-1 HTTP/1.1" 101 - 2 0.003 0.041
2025-10-27 13:57:12,234 13052 INFO scholarixglobal werkzeug: 127.0.0.1 - - [27/Oct/2025 13:57:12] "POST /bus/has_missed_notifications HTTP/1.1" 200 - 2 0.001 0.005
2025-10-27 14:54:11,424 13052 INFO scholarixglobal odoo.addons.base.models.ir_cron: Job 'Notification: Notify scheduled messages' (8) starting 
2025-10-27 14:54:11,576 13052 INFO scholarixglobal odoo.addons.base.models.ir_cron: Job 'Notification: Notify scheduled messages' (8) fully done (#loop 1; done 0; remaining 0; duration 0.15s) 
2025-10-27 14:54:11,582 13052 INFO scholarixglobal odoo.addons.base.models.ir_cron: Job 'Mail: Email Queue Manager' (3) starting 
2025-10-27 14:54:11,594 13052 INFO scholarixglobal odoo.addons.base.models.ir_cron: Job 'Mail: Email Queue Manager' (3) fully done (#loop 1; done 0; remaining 0; duration 0.01s) 
2025-10-27 15:21:59,149 13052 INFO scholarixglobal odoo.addons.base.models.res_device: User 2 inserts device log (TD0MX4K7sKKqNHRmdRTnVJTXjjVrTmiaiTO5mhWhUK) 
2025-10-27 15:21:59,158 13052 INFO scholarixglobal werkzeug: 127.0.0.1 - - [27/Oct/2025 15:21:59] "GET /websocket?version=saas-18.5-1 HTTP/1.1" 101 - 2 0.004 0.015
2025-10-27 15:21:59,566 13052 INFO scholarixglobal werkzeug: 127.0.0.1 - - [27/Oct/2025 15:21:59] "POST /bus/has_missed_notifications HTTP/1.1" 200 - 2 0.021 0.065
2025-10-27 15:53:19,242 13052 INFO scholarixglobal odoo.addons.base.models.ir_cron: Job 'Notification: Notify scheduled messages' (8) starting 
2025-10-27 15:53:19,437 13052 INFO scholarixglobal odoo.addons.base.models.ir_cron: Job 'Notification: Notify scheduled messages' (8) fully done (#loop 1; done 0; remaining 0; duration 0.20s) 
2025-10-27 15:53:19,459 13052 INFO scholarixglobal odoo.addons.base.models.ir_cron: Job 'Mail: Email Queue Manager' (3) starting 
2025-10-27 15:53:19,480 13052 INFO scholarixglobal odoo.addons.base.models.ir_cron: Job 'Mail: Email Queue Manager' (3) fully done (#loop 1; done 0; remaining 0; duration 0.02s) 
2025-10-27 16:53:18,892 13052 INFO scholarixglobal odoo.addons.base.models.ir_cron: Job 'Notification: Notify scheduled messages' (8) starting 
2025-10-27 16:53:19,102 13052 INFO scholarixglobal odoo.addons.base.models.ir_cron: Job 'Notification: Notify scheduled messages' (8) fully done (#loop 1; done 0; remaining 0; duration 0.21s) 
2025-10-27 16:53:19,130 13052 INFO scholarixglobal odoo.addons.base.models.ir_cron: Job 'Mail: Email Queue Manager' (3) starting 
2025-10-27 16:53:19,153 13052 INFO scholarixglobal odoo.addons.base.models.ir_cron: Job 'Mail: Email Queue Manager' (3) fully done (#loop 1; done 0; remaining 0; duration 0.02s) 
2025-10-27 17:11:23,739 13052 INFO scholarixglobal odoo.addons.base.models.res_device: User 2 inserts device log (TD0MX4K7sKKqNHRmdRTnVJTXjjVrTmiaiTO5mhWhUK) 
2025-10-27 17:11:24,023 13052 INFO scholarixglobal werkzeug: 127.0.0.1 - - [27/Oct/2025 17:11:24] "GET / HTTP/1.1" 200 - 11 0.041 0.288
2025-10-27 17:11:24,108 13052 INFO scholarixglobal werkzeug: 127.0.0.1 - - [27/Oct/2025 17:11:24] "GET /web/assets/1/a8310b6/web.assets_frontend.min.css HTTP/1.1" 200 - 4 0.004 0.044
2025-10-27 17:11:24,434 13052 INFO scholarixglobal werkzeug: 127.0.0.1 - - [27/Oct/2025 17:11:24] "GET /web/assets/1/2043fc7/web.assets_frontend_minimal.min.js HTTP/1.1" 200 - 4 0.002 0.050
2025-10-27 17:11:24,907 13052 INFO scholarixglobal werkzeug: 127.0.0.1 - - [27/Oct/2025 17:11:24] "GET /web/image/website/1/favicon?unique=9526902 HTTP/1.1" 200 - 5 0.003 0.022
2025-10-27 17:11:25,003 13052 INFO scholarixglobal werkzeug: 127.0.0.1 - - [27/Oct/2025 17:11:25] "GET /web/image/website/1/logo/My%20Website?unique=9526902 HTTP/1.1" 200 - 4 0.002 0.048
2025-10-27 17:11:25,308 13052 INFO scholarixglobal werkzeug: 127.0.0.1 - - [27/Oct/2025 17:11:25] "GET /web/assets/1/609a2d0/web.assets_frontend_lazy.min.js HTTP/1.1" 200 - 4 0.017 0.336
2025-10-27 17:11:25,398 13052 INFO scholarixglobal werkzeug: 127.0.0.1 - - [27/Oct/2025 17:11:25] "GET /website/translations?hash=d607e3bf8ea6f57dd19af1af9a6bd18cd2ba14cd&lang=en_GB HTTP/1.1" 200 - 1 0.001 0.008
2025-10-27 17:11:29,598 13052 INFO scholarixglobal werkzeug: 127.0.0.1 - - [27/Oct/2025 17:11:29] "GET /odoo/action-328 HTTP/1.1" 200 - 26 0.017 0.049
2025-10-27 17:11:29,855 13052 INFO scholarixglobal werkzeug: 127.0.0.1 - - [27/Oct/2025 17:11:29] "GET /web/assets/047c427/web.assets_web.min.css HTTP/1.1" 200 - 3 0.001 0.018
2025-10-27 17:11:30,061 13052 INFO scholarixglobal werkzeug: 127.0.0.1 - - [27/Oct/2025 17:11:30] "GET /web/webclient/load_menus HTTP/1.1" 200 - 1 0.001 0.133
2025-10-27 17:11:30,192 13052 INFO scholarixglobal werkzeug: 127.0.0.1 - - [27/Oct/2025 17:11:30] "GET /web/assets/b2b9811/web.assets_web_print.min.css HTTP/1.1" 200 - 3 0.002 0.016
2025-10-27 17:11:30,648 13052 INFO scholarixglobal werkzeug: 127.0.0.1 - - [27/Oct/2025 17:11:30] "GET /web/assets/7574351/web.assets_web.min.js HTTP/1.1" 200 - 3 0.061 0.658
2025-10-27 17:11:31,150 13052 INFO scholarixglobal werkzeug: 127.0.0.1 - - [27/Oct/2025 17:11:31] "GET /web/webclient/translations?hash=81f9643ba56a006411064e9e08cec9c01eb175c8&lang=en_GB HTTP/1.1" 200 - 1 0.001 0.004
2025-10-27 17:11:31,164 13052 INFO scholarixglobal werkzeug: 127.0.0.1 - - [27/Oct/2025 17:11:31] "GET /web/bundle/web_tour.interactive?lang=en_GB&debug=1 HTTP/1.1" 200 - 1 0.002 0.010
2025-10-27 17:11:31,209 13052 INFO scholarixglobal werkzeug: 127.0.0.1 - - [27/Oct/2025 17:11:31] "POST /web/action/load HTTP/1.1" 200 - 12 0.019 0.038
2025-10-27 17:11:31,392 13052 INFO scholarixglobal werkzeug: 127.0.0.1 - - [27/Oct/2025 17:11:31] "POST /web/dataset/call_kw/sale.order/web_search_read#sale.order.web_search_read HTTP/1.1" 200 - 6 0.106 0.070
2025-10-27 17:11:31,493 13052 INFO scholarixglobal werkzeug: 127.0.0.1 - - [27/Oct/2025 17:11:31] "POST /mail/data HTTP/1.1" 200 - 19 0.200 0.081
2025-10-27 17:11:31,601 13052 INFO scholarixglobal werkzeug: 127.0.0.1 - - [27/Oct/2025 17:11:31] "POST /web/dataset/call_kw/res.currency/read#res.currency.read HTTP/1.1" 200 - 10 0.046 0.064
2025-10-27 17:11:31,604 13052 INFO scholarixglobal werkzeug: 127.0.0.1 - - [27/Oct/2025 17:11:31] "GET /web/image/res.users/3/avatar_128 HTTP/1.1" 200 - 8 0.054 0.056
2025-10-27 17:11:31,685 13052 INFO scholarixglobal werkzeug: 127.0.0.1 - - [27/Oct/2025 17:11:31] "GET /web/image/res.users/5/avatar_128 HTTP/1.1" 200 - 6 0.024 0.126
2025-10-27 17:11:31,754 13052 INFO scholarixglobal werkzeug: 127.0.0.1 - - [27/Oct/2025 17:11:31] "GET /web/image/res.users/2/avatar_128 HTTP/1.1" 200 - 8 0.013 0.038
2025-10-27 17:11:31,828 13052 INFO scholarixglobal werkzeug: 127.0.0.1 - - [27/Oct/2025 17:11:31] "POST /web/dataset/call_kw/sale.order/get_views#sale.order.get_views HTTP/1.1" 200 - 104 0.189 0.427
2025-10-27 17:11:31,839 13052 INFO scholarixglobal werkzeug: 127.0.0.1 - - [27/Oct/2025 17:11:31] "GET /web/image/res.users/1/avatar_128 HTTP/1.1" 200 - 8 0.007 0.019
2025-10-27 17:11:31,926 13052 INFO ? werkzeug: 127.0.0.1 - - [27/Oct/2025 17:11:31] "GET /sale/static/src/img/sales_quotation_thumbnail.webp HTTP/1.1" 200 - 0 0.000 0.017
2025-10-27 17:11:31,947 13052 INFO scholarixglobal werkzeug: 127.0.0.1 - - [27/Oct/2025 17:11:31] "GET /web/image?model=res.users&field=avatar_128&id=2 HTTP/1.1" 200 - 8 0.006 0.018
2025-10-27 17:11:32,013 13052 INFO scholarixglobal werkzeug: 127.0.0.1 - - [27/Oct/2025 17:11:32] "GET /web/image/res.partner/3/avatar_128?unique=1761444714000 HTTP/1.1" 200 - 7 0.003 0.010
2025-10-27 17:11:32,105 13052 INFO scholarixglobal werkzeug: 127.0.0.1 - - [27/Oct/2025 17:11:32] "GET /web/assets/2fe46d9/web_tour.interactive.min.js HTTP/1.1" 200 - 3 0.002 0.039
2025-10-27 17:11:32,147 13052 INFO ? werkzeug: 127.0.0.1 - - [27/Oct/2025 17:11:32] "GET /web/static/img/favicon.ico HTTP/1.1" 200 - 0 0.000 0.006
2025-10-27 17:11:32,191 13052 INFO scholarixglobal werkzeug: 127.0.0.1 - - [27/Oct/2025 17:11:32] "GET /web/manifest.webmanifest HTTP/1.1" 200 - 6 0.011 0.009
2025-10-27 17:11:32,427 13052 INFO ? werkzeug: 127.0.0.1 - - [27/Oct/2025 17:11:32] "GET /web/static/img/odoo-icon-192x192.png HTTP/1.1" 200 - 0 0.000 0.009
2025-10-27 17:11:32,464 13052 INFO scholarixglobal werkzeug: 127.0.0.1 - - [27/Oct/2025 17:11:32] "GET /bus/websocket_worker_bundle?v=saas-18.5-1 HTTP/1.1" 200 - 3 0.002 0.033
2025-10-27 17:11:32,784 13052 INFO scholarixglobal werkzeug: 127.0.0.1 - - [27/Oct/2025 17:11:32] "GET /websocket?version=saas-18.5-1 HTTP/1.1" 101 - 1 0.001 0.005
2025-10-27 17:11:33,264 13052 INFO scholarixglobal werkzeug: 127.0.0.1 - - [27/Oct/2025 17:11:33] "GET /web/image/res.partner/2/avatar_128?unique=1761459114000 HTTP/1.1" 200 - 6 0.004 0.008
2025-10-27 17:11:33,705 13052 INFO scholarixglobal werkzeug: 127.0.0.1 - - [27/Oct/2025 17:11:33] "POST /mail/data HTTP/1.1" 200 - 40 0.058 0.090
2025-10-27 17:11:33,816 13052 INFO scholarixglobal werkzeug: 127.0.0.1 - - [27/Oct/2025 17:11:33] "GET /web/image/discuss.channel/1/avatar_128?unique=a9de839513e309eb41c7a51897f082e76ae444b3b9860c932b00b632884cec0c395c8da4df3c8e04513d05cc4c5f738b14a25b276be21d2736525da4b7499199 HTTP/1.1" 200 - 4 0.003 0.006
2025-10-27 17:11:34,066 13052 INFO scholarixglobal werkzeug: 127.0.0.1 - - [27/Oct/2025 17:11:34] "GET /web/image/discuss.channel/2/avatar_128?unique=65522bcfb0800821d8312706ae7561a3bc81dc88fed473f8b41f9e87df71f664fc4505e9227bbd7aab74bb8e7d2416dd65543dc4bdeb1a40e9768a66fb50b497 HTTP/1.1" 200 - 4 0.003 0.008
2025-10-27 17:11:34,108 13052 INFO scholarixglobal werkzeug: 127.0.0.1 - - [27/Oct/2025 17:11:34] "GET /web/service-worker.js HTTP/1.1" 200 - 1 0.002 0.048
2025-10-27 17:42:05,973 13052 INFO scholarixglobal werkzeug: 127.0.0.1 - - [27/Oct/2025 17:42:05] "POST /web/dataset/call_kw/sale.order/web_search_read#sale.order.web_search_read HTTP/1.1" 200 - 2 0.023 0.123
2025-10-27 17:42:06,101 13052 INFO scholarixglobal werkzeug: 127.0.0.1 - - [27/Oct/2025 17:42:06] "GET /web/image/res.users/5/avatar_128 HTTP/1.1" 304 - 5 0.018 0.031
2025-10-27 17:42:06,286 13052 INFO scholarixglobal werkzeug: 127.0.0.1 - - [27/Oct/2025 17:42:06] "GET /web/image/res.users/4/avatar_128 HTTP/1.1" 200 - 8 0.019 0.187
2025-10-27 17:42:06,314 13052 INFO scholarixglobal werkzeug: 127.0.0.1 - - [27/Oct/2025 17:42:06] "GET /web/image/res.users/2/avatar_128 HTTP/1.1" 304 - 8 0.124 0.088
2025-10-27 17:42:06,315 13052 INFO scholarixglobal werkzeug: 127.0.0.1 - - [27/Oct/2025 17:42:06] "GET /web/image/res.users/1/avatar_128 HTTP/1.1" 304 - 8 0.062 0.189
2025-10-27 17:42:06,342 13052 INFO scholarixglobal werkzeug: 127.0.0.1 - - [27/Oct/2025 17:42:06] "GET /web/image/res.users/3/avatar_128 HTTP/1.1" 304 - 8 0.045 0.189
2025-10-27 17:42:09,163 13052 INFO scholarixglobal werkzeug: 127.0.0.1 - - [27/Oct/2025 17:42:09] "POST /web/action/load HTTP/1.1" 200 - 10 0.051 0.042
2025-10-27 17:42:09,202 13052 INFO scholarixglobal werkzeug: 127.0.0.1 - - [27/Oct/2025 17:42:09] "POST /web/dataset/call_kw/ir.module.module/search_panel_select_range#ir.module.module.search_panel_select_range HTTP/1.1" 200 - 1 0.001 0.068
2025-10-27 17:42:09,243 13052 INFO scholarixglobal werkzeug: 127.0.0.1 - - [27/Oct/2025 17:42:09] "POST /web/dataset/call_kw/ir.module.module/get_views#ir.module.module.get_views HTTP/1.1" 200 - 2 0.016 0.129
2025-10-27 17:42:09,247 13052 INFO scholarixglobal werkzeug: 127.0.0.1 - - [27/Oct/2025 17:42:09] "POST /web/dataset/call_kw/ir.module.module/check_module_update#ir.module.module.check_module_update HTTP/1.1" 200 - 2 0.019 0.051
2025-10-27 17:42:09,280 13052 INFO scholarixglobal werkzeug: 127.0.0.1 - - [27/Oct/2025 17:42:09] "POST /web/dataset/call_kw/ir.module.module/search_panel_select_range#ir.module.module.search_panel_select_range HTTP/1.1" 200 - 44 0.063 0.068
2025-10-27 17:42:09,480 13052 INFO scholarixglobal werkzeug: 127.0.0.1 - - [27/Oct/2025 17:42:09] "POST /web/dataset/call_kw/ir.module.module/check_module_update#ir.module.module.check_module_update HTTP/1.1" 200 - 2 0.001 0.004
2025-10-27 17:42:09,868 13052 INFO ? werkzeug: 127.0.0.1 - - [27/Oct/2025 17:42:09] "GET /base/static/img/icons/industry_fsm.png HTTP/1.1" 200 - 0 0.000 0.005
2025-10-27 17:42:09,875 13052 INFO ? werkzeug: 127.0.0.1 - - [27/Oct/2025 17:42:09] "GET /stock/static/description/icon.png HTTP/1.1" 200 - 0 0.000 0.012
2025-10-27 17:42:09,881 13052 INFO ? werkzeug: 127.0.0.1 - - [27/Oct/2025 17:42:09] "GET /base_accounting_kit/static/description/icon.png HTTP/1.1" 200 - 0 0.000 0.011
2025-10-27 17:42:09,881 13052 INFO ? werkzeug: 127.0.0.1 - - [27/Oct/2025 17:42:09] "GET /hr_holidays/static/description/icon.png HTTP/1.1" 200 - 0 0.000 0.015
2025-10-27 17:42:09,884 13052 INFO ? werkzeug: 127.0.0.1 - - [27/Oct/2025 17:42:09] "GET /purchase/static/description/icon.png HTTP/1.1" 200 - 0 0.000 0.011
2025-10-27 17:42:10,093 13052 INFO scholarixglobal werkzeug: 127.0.0.1 - - [27/Oct/2025 17:42:10] "POST /web/dataset/call_kw/ir.module.module/web_search_read#ir.module.module.web_search_read HTTP/1.1" 200 - 3 0.027 0.892
2025-10-27 17:42:10,196 13052 INFO ? werkzeug: 127.0.0.1 - - [27/Oct/2025 17:42:10] "GET /base/static/img/icons/timesheet_grid.png HTTP/1.1" 200 - 0 0.000 0.006
2025-10-27 17:42:10,201 13052 INFO ? werkzeug: 127.0.0.1 - - [27/Oct/2025 17:42:10] "GET /hr_recruitment/static/description/icon.png HTTP/1.1" 200 - 0 0.000 0.010
2025-10-27 17:42:10,203 13052 INFO ? werkzeug: 127.0.0.1 - - [27/Oct/2025 17:42:10] "GET /website_sale/static/description/icon.png HTTP/1.1" 200 - 0 0.000 0.010
2025-10-27 17:42:10,204 13052 INFO ? werkzeug: 127.0.0.1 - - [27/Oct/2025 17:42:10] "GET /rental_management/static/description/icon.png HTTP/1.1" 200 - 0 0.000 0.012
2025-10-27 17:42:10,214 13052 INFO ? werkzeug: 127.0.0.1 - - [27/Oct/2025 17:42:10] "GET /base/static/img/icons/knowledge.png HTTP/1.1" 200 - 0 0.000 0.010
2025-10-27 17:42:10,406 13052 INFO ? werkzeug: 127.0.0.1 - - [27/Oct/2025 17:42:10] "GET /hr_expense/static/description/icon.png HTTP/1.1" 200 - 0 0.000 0.003
2025-10-27 17:42:10,515 13052 INFO ? werkzeug: 127.0.0.1 - - [27/Oct/2025 17:42:10] "GET /base/static/img/icons/sign.png HTTP/1.1" 200 - 0 0.000 0.004
2025-10-27 17:42:10,517 13052 INFO ? werkzeug: 127.0.0.1 - - [27/Oct/2025 17:42:10] "GET /data_recycle/static/description/icon.png HTTP/1.1" 200 - 0 0.000 0.005
2025-10-27 17:42:10,525 13052 INFO ? werkzeug: 127.0.0.1 - - [27/Oct/2025 17:42:10] "GET /project/static/description/icon.png HTTP/1.1" 200 - 0 0.000 0.012
2025-10-27 17:42:10,528 13052 INFO ? werkzeug: 127.0.0.1 - - [27/Oct/2025 17:42:10] "GET /maintenance/static/description/icon.png HTTP/1.1" 200 - 0 0.000 0.013
2025-10-27 17:42:10,534 13052 INFO ? werkzeug: 127.0.0.1 - - [27/Oct/2025 17:42:10] "GET /hr/static/description/icon.png HTTP/1.1" 200 - 0 0.000 0.011
2025-10-27 17:42:10,719 13052 INFO ? werkzeug: 127.0.0.1 - - [27/Oct/2025 17:42:10] "GET /base/static/img/icons/account_accountant.png HTTP/1.1" 200 - 0 0.000 0.007
2025-10-27 17:42:10,854 13052 INFO ? werkzeug: 127.0.0.1 - - [27/Oct/2025 17:42:10] "GET /base/static/img/icons/web_studio.png HTTP/1.1" 200 - 0 0.000 0.017
2025-10-27 17:42:10,856 13052 INFO ? werkzeug: 127.0.0.1 - - [27/Oct/2025 17:42:10] "GET /point_of_sale/static/description/icon.png HTTP/1.1" 200 - 0 0.000 0.012
2025-10-27 17:42:10,859 13052 INFO ? werkzeug: 127.0.0.1 - - [27/Oct/2025 17:42:10] "GET /mass_mailing/static/description/icon.png HTTP/1.1" 200 - 0 0.000 0.015
2025-10-27 17:42:10,860 13052 INFO ? werkzeug: 127.0.0.1 - - [27/Oct/2025 17:42:10] "GET /marketing_card/static/description/icon.png HTTP/1.1" 200 - 0 0.000 0.007
2025-10-27 17:42:10,863 13052 INFO ? werkzeug: 127.0.0.1 - - [27/Oct/2025 17:42:10] "GET /mrp/static/description/icon.png HTTP/1.1" 200 - 0 0.000 0.012
2025-10-27 17:42:11,041 13052 INFO ? werkzeug: 127.0.0.1 - - [27/Oct/2025 17:42:11] "GET /sale_management/static/description/icon.png HTTP/1.1" 200 - 0 0.000 0.003
2025-10-27 17:42:11,165 13052 INFO ? werkzeug: 127.0.0.1 - - [27/Oct/2025 17:42:11] "GET /pos_restaurant/static/description/icon.png HTTP/1.1" 200 - 0 0.000 0.004
2025-10-27 17:42:11,175 13052 INFO ? werkzeug: 127.0.0.1 - - [27/Oct/2025 17:42:11] "GET /account/static/description/icon.png HTTP/1.1" 200 - 0 0.000 0.012
2025-10-27 17:42:11,183 13052 INFO ? werkzeug: 127.0.0.1 - - [27/Oct/2025 17:42:11] "GET /base/static/img/icons/mrp_workorder.png HTTP/1.1" 200 - 0 0.000 0.004
2025-10-27 17:42:11,187 13052 INFO ? werkzeug: 127.0.0.1 - - [27/Oct/2025 17:42:11] "GET /crm/static/description/icon.png HTTP/1.1" 200 - 0 0.000 0.011
2025-10-27 17:42:11,187 13052 INFO ? werkzeug: 127.0.0.1 - - [27/Oct/2025 17:42:11] "GET /base/static/img/icons/helpdesk.png HTTP/1.1" 200 - 0 0.000 0.006
2025-10-27 17:42:11,352 13052 INFO ? werkzeug: 127.0.0.1 - - [27/Oct/2025 17:42:11] "GET /base/static/img/icons/sale_subscription.png HTTP/1.1" 200 - 0 0.000 0.004
2025-10-27 17:42:11,501 13052 INFO ? werkzeug: 127.0.0.1 - - [27/Oct/2025 17:42:11] "GET /base/static/img/icons/quality_control.png HTTP/1.1" 200 - 0 0.000 0.011
2025-10-27 17:42:11,503 13052 INFO ? werkzeug: 127.0.0.1 - - [27/Oct/2025 17:42:11] "GET /website_slides/static/description/icon.png HTTP/1.1" 200 - 0 0.000 0.012
2025-10-27 17:42:11,503 13052 INFO ? werkzeug: 127.0.0.1 - - [27/Oct/2025 17:42:11] "GET /base/static/img/icons/planning.png HTTP/1.1" 200 - 0 0.000 0.006
2025-10-27 17:42:11,516 13052 INFO ? werkzeug: 127.0.0.1 - - [27/Oct/2025 17:42:11] "GET /mail/static/description/icon.png HTTP/1.1" 200 - 0 0.000 0.005
2025-10-27 17:42:11,517 13052 INFO ? werkzeug: 127.0.0.1 - - [27/Oct/2025 17:42:11] "GET /website_event/static/description/icon.png HTTP/1.1" 200 - 0 0.000 0.007
2025-10-27 17:42:11,662 13052 INFO ? werkzeug: 127.0.0.1 - - [27/Oct/2025 17:42:11] "GET /contacts/static/description/icon.png HTTP/1.1" 200 - 0 0.000 0.004
2025-10-27 17:42:11,828 13052 INFO ? werkzeug: 127.0.0.1 - - [27/Oct/2025 17:42:11] "GET /calendar/static/description/icon.png HTTP/1.1" 200 - 0 0.000 0.013
2025-10-27 17:42:11,828 13052 INFO ? werkzeug: 127.0.0.1 - - [27/Oct/2025 17:42:11] "GET /base/static/img/icons/mrp_plm.png HTTP/1.1" 200 - 0 0.000 0.014
2025-10-27 17:42:11,829 13052 INFO ? werkzeug: 127.0.0.1 - - [27/Oct/2025 17:42:11] "GET /base/static/img/icons/social.png HTTP/1.1" 200 - 0 0.000 0.006
2025-10-27 17:42:11,842 13052 INFO ? werkzeug: 127.0.0.1 - - [27/Oct/2025 17:42:11] "GET /base/static/img/icons/hr_appraisal.png HTTP/1.1" 200 - 0 0.000 0.009
2025-10-27 17:42:11,842 13052 INFO ? werkzeug: 127.0.0.1 - - [27/Oct/2025 17:42:11] "GET /fleet/static/description/icon.png HTTP/1.1" 200 - 0 0.000 0.006
2025-10-27 17:42:11,987 13052 INFO ? werkzeug: 127.0.0.1 - - [27/Oct/2025 17:42:11] "GET /base/static/img/icons/marketing_automation.png HTTP/1.1" 200 - 0 0.000 0.005
2025-10-27 17:42:12,152 13052 INFO ? werkzeug: 127.0.0.1 - - [27/Oct/2025 17:42:12] "GET /im_livechat/static/description/icon.png HTTP/1.1" 200 - 0 0.000 0.006
2025-10-27 17:42:12,156 13052 INFO ? werkzeug: 127.0.0.1 - - [27/Oct/2025 17:42:12] "GET /base/static/img/icons/appointment.png HTTP/1.1" 200 - 0 0.000 0.007
2025-10-27 17:42:12,166 13052 INFO ? werkzeug: 127.0.0.1 - - [27/Oct/2025 17:42:12] "GET /survey/static/description/icon.png HTTP/1.1" 200 - 0 0.000 0.015
2025-10-27 17:42:12,167 13052 INFO ? werkzeug: 127.0.0.1 - - [27/Oct/2025 17:42:12] "GET /base/static/img/icons/web_mobile.png HTTP/1.1" 200 - 0 0.000 0.010
2025-10-27 17:42:12,169 13052 INFO ? werkzeug: 127.0.0.1 - - [27/Oct/2025 17:42:12] "GET /repair/static/description/icon.png HTTP/1.1" 200 - 0 0.000 0.009
2025-10-27 17:42:12,319 13052 INFO ? werkzeug: 127.0.0.1 - - [27/Oct/2025 17:42:12] "GET /hr_attendance/static/description/icon.png HTTP/1.1" 200 - 0 0.000 0.011
2025-10-27 17:42:12,474 13052 INFO ? werkzeug: 127.0.0.1 - - [27/Oct/2025 17:42:12] "GET /mass_mailing_sms/static/description/icon.png HTTP/1.1" 200 - 0 0.000 0.011
2025-10-27 17:42:12,477 13052 INFO ? werkzeug: 127.0.0.1 - - [27/Oct/2025 17:42:12] "GET /base/static/img/icons/stock_barcode.png HTTP/1.1" 200 - 0 0.000 0.004
2025-10-27 17:42:12,484 13052 INFO ? werkzeug: 127.0.0.1 - - [27/Oct/2025 17:42:12] "GET /project_todo/static/description/icon.png HTTP/1.1" 200 - 0 0.000 0.008
2025-10-27 17:42:12,487 13052 INFO ? werkzeug: 127.0.0.1 - - [27/Oct/2025 17:42:12] "GET /hr_skills/static/description/icon.png HTTP/1.1" 200 - 0 0.000 0.010
2025-10-27 17:42:12,489 13052 INFO ? werkzeug: 127.0.0.1 - - [27/Oct/2025 17:42:12] "GET /base/static/img/icons/voip.png HTTP/1.1" 200 - 0 0.000 0.007
2025-10-27 17:42:12,637 13052 INFO ? werkzeug: 127.0.0.1 - - [27/Oct/2025 17:42:12] "GET /lunch/static/description/icon.png HTTP/1.1" 200 - 0 0.000 0.003
2025-10-27 17:42:12,802 13052 INFO ? werkzeug: 127.0.0.1 - - [27/Oct/2025 17:42:12] "GET /website_hr_recruitment/static/description/icon.png HTTP/1.1" 200 - 0 0.000 0.012
2025-10-27 17:42:12,807 13052 INFO ? werkzeug: 127.0.0.1 - - [27/Oct/2025 17:42:12] "GET /base/static/img/icons/sale_amazon.png HTTP/1.1" 200 - 0 0.000 0.010
2025-10-27 17:53:23,632 13052 INFO scholarixglobal odoo.addons.base.models.ir_cron: Job 'Notification: Notify scheduled messages' (8) starting 
2025-10-27 17:53:23,796 13052 INFO scholarixglobal odoo.addons.base.models.ir_cron: Job 'Notification: Notify scheduled messages' (8) fully done (#loop 1; done 0; remaining 0; duration 0.16s) 
2025-10-27 17:53:23,809 13052 INFO scholarixglobal odoo.addons.base.models.ir_cron: Job 'Mail: Email Queue Manager' (3) starting 
2025-10-27 17:53:23,833 13052 INFO scholarixglobal odoo.addons.base.models.ir_cron: Job 'Mail: Email Queue Manager' (3) fully done (#loop 1; done 0; remaining 0; duration 0.02s) 
2025-10-27 18:12:05,456 13052 INFO scholarixglobal odoo.addons.base.models.res_device: User 2 inserts device log (TD0MX4K7sKKqNHRmdRTnVJTXjjVrTmiaiTO5mhWhUK) 
2025-10-27 18:16:27,279 13052 INFO scholarixglobal odoo.addons.base.models.res_device: User 2 inserts device log (TD0MX4K7sKKqNHRmdRTnVJTXjjVrTmiaiTO5mhWhUK) 
2025-10-27 18:35:58,210 13052 INFO scholarixglobal odoo.addons.base.models.res_device: User 2 inserts device log (TD0MX4K7sKKqNHRmdRTnVJTXjjVrTmiaiTO5mhWhUK) 
2025-10-27 18:35:58,258 13052 INFO scholarixglobal werkzeug: 127.0.0.1 - - [27/Oct/2025 18:35:58] "GET /websocket?version=saas-18.5-1 HTTP/1.1" 101 - 2 0.005 0.099
2025-10-27 18:35:58,758 13052 INFO scholarixglobal werkzeug: 127.0.0.1 - - [27/Oct/2025 18:35:58] "POST /bus/has_missed_notifications HTTP/1.1" 200 - 2 0.030 0.096
2025-10-27 18:53:28,469 13052 INFO scholarixglobal odoo.addons.base.models.ir_cron: Job 'Notification: Notify scheduled messages' (8) starting 
2025-10-27 18:53:28,695 13052 INFO scholarixglobal odoo.addons.base.models.ir_cron: Job 'Notification: Notify scheduled messages' (8) fully done (#loop 1; done 0; remaining 0; duration 0.23s) 
2025-10-27 18:53:28,719 13052 INFO scholarixglobal odoo.addons.base.models.ir_cron: Job 'Mail: Email Queue Manager' (3) starting 
2025-10-27 18:53:28,769 13052 INFO scholarixglobal odoo.addons.base.models.ir_cron: Job 'Mail: Email Queue Manager' (3) fully done (#loop 1; done 0; remaining 0; duration 0.05s) 
2025-10-27 19:41:16,335 13052 INFO scholarixglobal odoo.addons.base.models.res_device: User 2 inserts device log (TD0MX4K7sKKqNHRmdRTnVJTXjjVrTmiaiTO5mhWhUK) 
2025-10-27 19:41:16,390 13052 INFO scholarixglobal werkzeug: 127.0.0.1 - - [27/Oct/2025 19:41:16] "GET /websocket?version=saas-18.5-1 HTTP/1.1" 101 - 2 0.010 0.112
2025-10-27 19:41:16,844 13052 INFO scholarixglobal werkzeug: 127.0.0.1 - - [27/Oct/2025 19:41:16] "POST /bus/has_missed_notifications HTTP/1.1" 200 - 2 0.034 0.069
2025-10-27 19:53:33,640 13052 INFO scholarixglobal odoo.addons.base.models.ir_cron: Job 'Notification: Notify scheduled messages' (8) starting 
2025-10-27 19:53:34,021 13052 INFO scholarixglobal odoo.addons.base.models.ir_cron: Job 'Notification: Notify scheduled messages' (8) fully done (#loop 1; done 0; remaining 0; duration 0.38s) 
2025-10-27 19:53:34,050 13052 INFO scholarixglobal odoo.addons.base.models.ir_cron: Job 'Mail: Email Queue Manager' (3) starting 
2025-10-27 19:53:34,093 13052 INFO scholarixglobal odoo.addons.base.models.ir_cron: Job 'Mail: Email Queue Manager' (3) fully done (#loop 1; done 0; remaining 0; duration 0.04s) 
2025-10-27 20:53:46,106 13052 INFO scholarixglobal odoo.addons.base.models.ir_cron: Job 'Notification: Notify scheduled messages' (8) starting 
2025-10-27 20:53:46,322 13052 INFO scholarixglobal odoo.addons.base.models.ir_cron: Job 'Notification: Notify scheduled messages' (8) fully done (#loop 1; done 0; remaining 0; duration 0.22s) 
2025-10-27 20:53:46,348 13052 INFO scholarixglobal odoo.addons.base.models.ir_cron: Job 'Mail: Email Queue Manager' (3) starting 
2025-10-27 20:53:46,380 13052 INFO scholarixglobal odoo.addons.base.models.ir_cron: Job 'Mail: Email Queue Manager' (3) fully done (#loop 1; done 0; remaining 0; duration 0.03s) 
2025-10-27 21:49:24,192 13052 ERROR ? odoo.addons.bus.models.bus: Bus.loop error, sleep and retry 
Traceback (most recent call last):
  File "d:\odoo19\addons\bus\models\bus.py", line 261, in run
    self.loop()
    ~~~~~~~~~^^
  File "d:\odoo19\addons\bus\models\bus.py", line 246, in loop
    conn.poll()
    ~~~~~~~~~^^
psycopg2.OperationalError: server closed the connection unexpectedly
	This probably means the server terminated abnormally
	before or while processing the request.

2025-10-27 21:49:24,208 13052 INFO ? odoo.service.server: cron1 max age (0s) reached, releasing connection. 
2025-10-27 21:49:24,209 13052 INFO ? odoo.service.server: cron0 max age (0s) reached, releasing connection. 
